10/18/13,55360,56052,55004,55378,5977600,55378
10/17/13,55966,56168,55146,55358,7207200,55358
10/16/13,54983,56747,54902,55973,12960000,55973
10/15/13,54176,55190,54053,54981,8575300,54981
10/14/13,53150,54197,52833,54171,4094500,54171
10/11/13,53000,53301,52739,53150,3052400,53150
10/10/13,52550,53133,52512,52997,4136800,52997
10/9/13,52313,52836,51955,52548,4212400,52548
10/8/13,52413,52556,51870,52312,4002600,52312
10/7/13,52841,52912,52274,52417,3472200,52417
10/4/13,52489,52872,52113,52849,4300400,52849
10/3/13,53101,53429,52296,52490,3992100,52490
10/2/13,53176,53474,52871,53100,4144800,53100
10/1/13,52337,53179,52093,53179,5041900,53179
9/30/13,53737,53737,52291,52338,6498600,52338
9/27/13,53781,54131,53611,53739,4217400,53739
9/26/13,54263,54344,53429,53783,6266400,53783
9/25/13,54425,54612,53968,54261,3904000,54261
9/24/13,54600,54818,54164,54431,4296000,54431
9/23/13,54110,54683,54027,54602,3915400,54602
9/20/13,55095,55243,54019,54110,4421000,54110
9/19/13,55703,55900,54966,55096,5134600,55096
9/18/13,54273,55827,53982,55703,7541000,55703
9/17/13,53823,54271,53576,54271,4249200,54271
9/16/13,53799,54463,53559,53822,4775000,53822
9/13/13,53311,53859,52917,53798,4938600,53798
9/12/13,53570,53839,52945,53307,6094600,53307
9/11/13,53982,54304,53307,53570,6817000,53570
9/10/13,54252,54740,53769,53979,6826400,53979
9/9/13,53752,54531,53257,54252,7775400,54252
9/6/13,52354,54125,52354,53749,10524400,53749
9/5/13,51715,52498,51256,52352,6194200,52352
9/4/13,51621,51830,51108,51716,5036400,51716
9/3/13,51833,52289,51422,51626,6887000,51626
9/2/13,50012,51976,50012,51835,9666200,51835
8/30/13,49932,50480,49649,50008,14233400,50008
8/29/13,49867,50558,49845,49922,7991000,49922
8/28/13,50092,50591,49530,49867,8503400,49867
8/27/13,51425,51425,50018,50092,5718400,50092
8/26/13,52200,52398,51429,51429,4283400,51429
8/23/13,51401,52197,51166,52197,5887800,52197
8/22/13,50408,51458,50408,51398,5570000,51398
8/21/13,50501,51171,50055,50405,5993400,50405
8/20/13,51561,51561,50499,50507,5834400,50507
8/19/13,51540,52089,51115,51574,6388000,51574
8/16/13,50906,51555,50800,51539,7402400,51539
8/15/13,50880,51453,50050,50908,8357400,50908
8/14/13,50594,51364,50414,50896,11269000,50896
8/13/13,50299,50734,50040,50601,6511900,50601
8/12/13,49878,51380,49878,50299,7041200,50299
8/9/13,48949,50001,48836,49875,6321000,49875
8/8/13,47453,49230,47453,48929,5221800,48929
8/7/13,47422,47665,47164,47447,4463400,47447
8/6/13,48436,48522,47225,47422,5267000,47422
8/5/13,48477,48707,48264,48436,3743000,48436
8/2/13,49141,49550,48448,48474,4491200,48474
8/1/13,48235,49281,48235,49141,4687400,49141
7/31/13,48558,48824,48140,48234,4944600,48234
7/30/13,49220,49669,48560,48562,4944600,48562
7/29/13,49414,49461,48975,49212,3285200,49212
7/26/13,49068,49422,48633,49422,3997400,49422
7/25/13,48372,49123,48007,49067,4935600,49067
7/24/13,48816,48888,47999,48374,5006400,48374
7/23/13,48579,49379,48579,48820,4579400,48820
7/22/13,47407,48879,47407,48574,4132000,48574
7/19/13,47650,47650,47163,47400,3474000,47400
7/18/13,47404,48057,47093,47657,4285200,47657
7/17/13,46869,47710,46869,47407,5185000,47407
7/16/13,46749,47330,46417,46869,4775800,46869
7/15/13,45533,46840,45533,46739,4842800,46739
7/12/13,46624,46624,45529,45533,5357200,45533
7/11/13,45494,46719,45494,46626,5587800,46626
7/10/13,45211,45955,45082,45483,4867600,45483
7/8/13,45211,45740,44839,45076,4664000,45076
7/5/13,45757,45757,44107,45210,6988200,45210
7/4/13,45046,46097,45046,45763,5100400,45763
7/3/13,45227,45827,44552,45044,6998800,45044
7/2/13,47222,47222,44819,45229,8123400,45229
7/1/13,47458,47674,46676,47230,6658400,47230
6/28/13,47609,47639,47059,47457,5752800,47457
6/27/13,47135,48053,47135,47609,5567200,47609
6/26/13,46903,47725,46903,47172,5636200,47172
6/25/13,45967,47119,45967,46893,4773600,46893
6/24/13,47039,47039,45406,45965,6301400,45965
6/21/13,48209,48209,46918,47056,6416400,47056
6/20/13,47884,48214,45930,48214,8789400,48214
6/19/13,49457,49698,47838,47893,6582600,47893
6/18/13,49089,49550,48414,49465,5977200,49465
6/17/13,49337,50123,49074,49089,5324600,49089
6/14/13,50415,50656,49330,49332,5826000,49332
6/13/13,49758,50444,48968,50415,6228400,50415
6/12/13,49777,50380,48746,49181,7780000,49181
6/11/13,51314,51314,49709,49770,5560600,49770
6/10/13,51619,51836,51160,51317,4689400,51317
6/7/13,52877,52877,51428,51619,5635400,51619
6/6/13,52813,52937,52244,52885,4088800,52885
6/5/13,54019,54207,52774,52799,4630200,52799
6/4/13,53944,54289,53498,54018,4314600,54018
6/3/13,53512,53993,53143,53944,4336200,53944
5/31/13,54633,54776,52942,53506,8790400,53506
5/29/13,56032,56032,54635,54635,5004200,54635
5/28/13,56399,56979,56009,56036,4175200,56036
5/27/13,56415,56562,56353,56396,2051200,56396
5/24/13,56350,56506,55901,56406,4852600,56406
5/23/13,56423,56423,55379,56350,4072000,56350
5/22/13,56269,57099,56037,56429,4872400,56429
5/21/13,55699,56265,55379,56265,3898600,56265
5/20/13,55162,55705,54630,55701,4164800,55701
5/17/13,54780,55489,54780,55164,4067400,55164
5/16/13,54943,55539,54592,54773,5080200,54773
5/15/13,54668,55216,54488,54936,4899800,54936
5/14/13,54442,55030,54327,54667,5094800,54667
5/13/13,55106,55106,54389,54448,3956400,54448
5/10/13,55446,55446,54832,55108,5315200,55108
5/9/13,55805,56072,54905,55448,4799400,55448
5/8/13,56281,56814,55805,55805,6519800,55805
5/7/13,55429,56450,55207,56275,6235400,56275
5/6/13,55488,55542,54652,55430,6452600,55430
5/3/13,55330,56366,55330,55488,8860800,55488
5/2/13,55919,55919,55104,55322,5436000,55322
4/30/13,54888,55910,54585,55910,7138200,55910
4/29/13,54254,55336,54254,54887,5931200,54887
4/26/13,54963,55034,54147,54252,4660200,54252
4/25/13,54989,55544,54792,54963,4347800,54963
4/24/13,54875,55546,54723,54984,3949800,54984
4/23/13,54301,55282,54165,54885,5365600,54885
4/22/13,53927,54298,53420,54298,4174800,54298
4/19/13,53169,54018,53169,53929,3733000,53929
4/18/13,52887,53474,52392,53166,4554200,53166
4/17/13,53984,53984,52540,52882,7413000,52882
4/16/13,52953,54095,52953,53991,4353800,53991
4/15/13,54952,54952,52950,52950,4709400,52950
4/12/13,55398,55531,54458,54963,4805800,54963
4/11/13,56190,56284,55174,55401,3836800,55401
4/10/13,55913,56976,55913,56187,5388600,56187
4/9/13,55101,56305,55101,55912,5186200,55912
4/8/13,55049,55136,54333,55092,5504200,55092
4/5/13,54646,55227,53794,55051,5975800,55051
4/4/13,55563,55579,54432,54648,4574000,54648
4/3/13,54888,55574,54740,55563,4480400,55563
4/2/13,55901,56257,54809,54889,3588600,54889
4/1/13,56348,56348,55897,55902,2755200,55902
3/28/13,56035,56374,55874,56352,4373800,56352
3/27/13,55677,56178,55130,56034,4052600,56034
3/26/13,54879,55763,54879,55671,3755400,55671
3/25/13,55250,55450,54648,54873,3849400,54873
3/22/13,55577,55893,55098,55243,3744400,55243
3/21/13,56025,56044,55382,55577,4368400,55577
3/20/13,56361,56396,55831,56030,4179200,56030
3/19/13,56973,57038,56100,56361,3828800,56361
3/18/13,56869,57152,56139,56973,3741000,56973
3/15/13,57275,57532,56805,56869,5182400,56869
3/14/13,57386,57850,56722,57281,4581200,57281
3/13/13,58204,58411,57286,57386,4536800,57386
3/12/13,58542,58709,58113,58209,3805000,58209
3/11/13,58440,58547,57800,58545,4129000,58545
3/8/13,58842,59031,58129,58433,4129200,58433
3/7/13,57940,59472,57940,58847,6338200,58847
3/6/13,55953,58150,55953,57940,5806000,57940
3/5/13,56508,57227,55951,55951,4261000,55951
3/4/13,56878,56878,56067,56499,4033800,56499
3/1/13,57422,57422,56526,56884,3889600,56884
2/28/13,57273,57798,56925,57424,4441800,57424
2/27/13,56948,57402,56685,57274,5034000,57274
2/26/13,56616,57007,56047,56949,4510600,56949
2/25/13,56698,57157,56419,56618,3965400,56618
2/22/13,56159,56742,56107,56697,5113800,56697
2/21/13,56153,56227,55430,56155,4915800,56155
2/20/13,57312,57569,56034,56178,4950200,56178
2/19/13,57619,58061,57234,57314,3921000,57314
2/18/13,57906,57929,57420,57614,2697200,57614
2/15/13,58076,58352,57802,57903,3519200,57903
2/14/13,58406,58406,57751,58077,2385200,58077
2/13/13,58495,58754,58252,58406,2803800,58406
2/8/13,58374,58638,58025,58498,3152400,58498
2/7/13,58936,59435,58116,58372,4071600,58372
2/6/13,59442,59582,58588,58951,4410400,58951
2/5/13,59576,59974,59132,59445,4429600,59445
2/4/13,60350,60350,59256,59576,3347800,59576
2/1/13,59764,60496,59742,60351,3412400,60351
1/31/13,59344,59771,59114,59761,4749400,59761
1/30/13,60405,60405,59305,59337,4661200,59337
1/29/13,60027,60428,59758,60406,3192600,60406
1/28/13,61178,61313,59921,60027,3426800,60027
1/25/13,61170,61170,61170,61170,3426800,61170
1/24/13,61966,62249,60838,61170,3605200,61170
1/23/13,61692,61969,61543,61966,3209000,61966
1/22/13,61904,61995,61534,61692,3475000,61692
1/21/13,61962,62052,61804,61900,2143400,61900
1/18/13,62197,62395,61822,61956,3495200,61956
1/17/13,61806,62309,61683,62194,3382000,62194
1/16/13,61726,61787,61241,61787,2789200,61787
1/15/13,62079,62151,61695,61728,3819200,61728
1/14/13,61511,62285,61511,62081,3481400,62081
1/11/13,61662,61683,61198,61497,3161000,61497
1/10/13,61578,61947,61156,61678,4100600,61678
1/9/13,61129,61812,61103,61579,3236400,61579
1/8/13,61933,62265,61081,61128,3840600,61128
1/7/13,62523,62699,61639,61933,3985800,61933
1/4/13,63314,63314,62415,62523,6233800,62523
1/3/13,62555,63473,62341,63312,3355800,63312
1/2/13,60990,62887,60990,62550,3739800,62550
12/28/12,60416,61066,60416,60952,2626000,60952
12/27/12,60964,61191,60233,60416,2852600,60416
12/26/12,61003,61322,60861,60960,2598000,60960
12/21/12,61271,61271,60221,61007,3157400,61007
12/20/12,60992,61276,60622,61276,3083400,61276
12/19/12,60461,61212,60396,60998,4427600,60998
12/18/12,59568,60539,59565,60461,4364800,60461
12/17/12,59604,59914,59323,59567,3114400,59567
12/14/12,59320,59824,59273,59605,3405800,59605
12/13/12,59459,59969,59154,59317,3569400,59317
12/12/12,59626,59859,59291,59474,4749600,59474
12/11/12,59257,59747,58951,59623,3988600,59623
12/10/12,58468,59248,58091,59248,3061800,59248
12/7/12,57656,58594,57636,58487,3042400,58487
12/6/12,57685,57860,57129,57656,3203200,57656
12/5/12,57597,58127,57231,57679,3582400,57679
12/4/12,58212,58520,57547,57563,3937200,57563
12/3/12,57479,58332,57479,58202,3485800,58202
11/30/12,57845,58031,56704,57475,5047000,57475
11/29/12,56562,57853,56562,57853,3401400,57853
11/28/12,56206,56591,55686,56539,3465400,56539
11/27/12,56737,57420,56248,56248,3554200,56248
11/26/12,57571,57572,56502,56737,2752800,56737
11/23/12,56439,57574,56248,57574,3182000,57574
11/22/12,56245,56643,56242,56437,2146200,56437
11/21/12,56453,56789,55946,56242,3592200,56242
11/19/12,55387,56666,55387,56451,2782800,56451
11/16/12,56277,56277,55126,55402,3471800,55402
11/14/12,57472,57472,56038,56279,3606400,56279
11/13/12,57049,57529,56593,57486,3363400,57486
11/12/12,57358,57712,56988,57064,2071200,57064
11/9/12,57517,58109,56862,57358,4250400,57358
11/8/12,58523,59008,57420,57524,3201000,57524
11/7/12,59460,59460,58274,58517,3084000,58517
11/6/12,58220,59561,58174,59459,3470000,59459
11/5/12,58374,58374,57551,58210,2617200,58210
11/1/12,57065,58383,56960,58383,2980200,58383
10/31/12,57682,57935,56929,57068,2794200,57068
10/30/12,57178,57764,57178,57684,1606000,57684
10/29/12,57267,57267,56581,57177,1709800,57177
10/26/12,57833,57833,57061,57277,2999400,57277
10/25/12,57161,58274,57161,57837,2999400,57837
10/24/12,57686,57986,57159,57161,2934800,57161
10/23/12,58679,58679,57388,57690,3395600,57690
10/22/12,58925,59205,58541,58700,2803400,58700
10/19/12,59701,59846,58782,58922,3000200,58922
10/18/12,60087,60087,59322,59734,3321200,59734
10/17/12,59742,60398,59683,60087,4209400,60087
10/16/12,59602,60412,59484,59744,3251000,59744
10/15/12,59164,59758,58790,59602,3119200,59602
10/11/12,58460,59360,58460,59162,2817800,59162
10/10/12,58944,59320,58341,58456,2781600,58456
10/9/12,59319,59697,58616,58939,3146400,58939
10/8/12,58572,59318,58170,59317,2596200,59317
10/5/12,58460,59441,58414,58572,3244200,58572
10/4/12,58627,59002,58105,58458,3365200,58458
10/3/12,59222,59483,58542,58627,3195600,58627
10/2/12,59575,60091,59028,59222,3198400,59222
10/1/12,59171,60216,59171,59571,2759600,59571
9/28/12,60240,60240,58864,59176,3690000,59176
9/27/12,60483,60889,59876,60240,3811000,60240
9/26/12,60506,60506,59725,60478,3139400,60478
9/25/12,61913,61947,60357,60501,3873600,60501
9/24/12,61319,61932,61075,61910,3329800,61910
9/21/12,61695,62223,61300,61320,2985400,61320
9/20/12,61652,61908,60961,61688,2923200,61688
9/19/12,61806,62514,61519,61652,3391000,61652
9/18/12,61806,62132,61447,61804,3202000,61804
9/17/12,62106,62692,61552,61806,3903000,61806
9/14/12,61955,63428,61823,62105,5816200,62105
9/13/12,59921,62117,59629,61958,5974600,61958
9/12/12,59429,60136,59205,59922,4849800,59922
9/11/12,58405,59515,58404,59423,3854800,59423
9/10/12,58325,59421,58325,58404,3513600,58404
9/6/12,56868,58328,56868,58321,3620600,58321
9/5/12,56236,56904,56236,56864,3313000,56864
9/4/12,57272,57272,56203,56234,3236000,56234
9/3/12,57065,57457,56954,57281,2317000,57281
8/31/12,57257,57835,56719,57061,5747200,57061
8/30/12,57366,57508,56901,57256,3132600,57256
8/29/12,58414,58553,57061,57369,4106200,57369
8/28/12,58109,58745,57976,58406,2728200,58406
8/27/12,58424,58462,57853,58111,2344200,58111
8/24/12,58511,58750,57833,58426,3212600,58426
8/23/12,59382,59382,58145,58512,3342000,58512
8/22/12,58918,59585,58443,59381,3708800,59381
8/21/12,59298,60209,58684,58918,3926400,58918
8/20/12,59083,59462,58629,59283,3001200,59283
8/17/12,59443,59822,58944,59082,2954200,59082
8/16/12,58190,59544,58190,59446,3477000,59446
8/15/12,58083,58375,57630,58189,4578200,58189
8/14/12,59123,59605,57904,58083,3533800,58083
8/13/12,59281,59543,58601,59123,2539200,59123
8/10/12,58774,59365,58128,59281,3080000,59281
8/9/12,58950,59202,58115,58797,2863000,58797
8/8/12,57723,58964,57603,58951,3233200,58951
8/7/12,58343,59316,57679,57726,3447200,57726
8/6/12,57255,58996,56893,58345,3613400,58345
8/3/12,55524,57399,55524,57255,3577400,57255
8/2/12,56289,56289,55239,55520,2838000,55520
8/1/12,56091,56385,55425,55623,598200,55623
7/31/12,57243,57466,56097,56097,692000,56097
7/30/12,56551,57241,56090,57241,2965600,57241
7/27/12,54024,57046,54024,56553,4674400,56553
7/26/12,52638,54126,52638,54003,3017600,54003
7/25/12,52658,53233,52346,52608,2216000,52608
7/24/12,53038,53416,52399,52639,2762600,52639
7/23/12,54183,54183,52213,53034,2807800,53034
7/20/12,55337,55337,54138,54195,2865000,54195
7/19/12,54588,55491,54588,55347,2879200,55347
7/18/12,53909,54588,53551,54583,2296200,54583
7/17/12,53403,54037,53119,53909,2519400,53909
7/16/12,54316,54418,53216,53402,2821800,53402
7/13/12,53422,54428,53420,54331,2784600,54331
7/12/12,53564,53616,52489,53421,3047600,53421
7/11/12,53708,54135,53233,53569,2970600,53569
7/10/12,55392,55588,53668,53706,3467800,53706
7/6/12,56376,56376,54967,55394,2701800,55394
7/5/12,56083,56943,55828,56379,3128600,56379
7/4/12,55780,56322,55485,56077,1718400,56077
7/3/12,54704,56228,54704,55780,4064400,55780
7/2/12,54355,54754,53961,54693,2874200,54693
6/29/12,52656,54355,52656,54355,3744800,54355
6/28/12,53107,53306,52271,52652,3531600,52652
6/27/12,53837,54006,53084,53109,3825800,53109
6/26/12,53806,54193,53398,53837,2707000,53837
6/25/12,55406,55406,53694,53805,2160000,53805
6/22/12,55518,56019,55083,55440,2476800,55440
6/21/12,57162,57218,55505,55505,2601800,55505
6/20/12,57196,57611,56529,57167,3202000,57167
6/19/12,56210,57567,56210,57195,3658800,57195
6/18/12,56066,56579,55486,56195,2960600,56195
6/15/12,55349,56105,55203,56105,3900800,56105
6/14/12,55641,55769,54952,55352,3299200,55352
6/13/12,55041,55989,54523,55651,4187800,55651
6/12/12,54001,55049,53906,55049,3894600,55049
6/11/12,54434,55401,53905,54001,2736600,54001
6/8/12,54150,54432,53685,54430,2627600,54430
6/6/12,52486,54195,52486,54156,3542000,54156
6/5/12,53413,53917,52481,52481,2530000,52481
6/4/12,53408,53960,53367,53417,2360000,53417
6/1/12,54488,54488,53087,53403,2986400,53403
5/31/12,53805,54509,53090,54490,4826000,54490
5/30/12,54632,54632,53382,53798,3298400,53798
5/29/12,55214,55763,54554,54633,3048000,54633
5/28/12,54467,55609,54467,55213,1857200,55213
5/25/12,54062,54970,53847,54463,2988400,54463
5/24/12,54620,54820,53176,54063,4013800,54063
5/23/12,55039,55052,53028,54619,4334000,54619
5/22/12,56586,56586,54886,55039,3667400,55039
5/21/12,54516,56678,54516,56590,3569000,56590
5/18/12,54032,54914,53856,54513,4306200,54513
5/17/12,55886,56296,54038,54038,3709800,54038
5/16/12,56245,57693,55415,55888,4327600,55888
5/15/12,57540,58024,56145,56238,4189200,56238
5/14/12,59443,59443,57539,57540,3047400,57540
5/11/12,59703,60340,59138,59445,2532400,59445
5/10/12,59796,60752,59637,59702,2701400,59702
5/9/12,60346,60346,59199,59786,3261600,59786
5/8/12,61218,61218,59871,60365,3091200,60365
5/7/12,60802,61299,60391,61220,3370400,61220
5/4/12,62104,62167,60438,60821,4961600,60821
5/3/12,62427,62783,61731,62104,3036000,62104
5/2/12,61820,62502,61594,62424,2955600,62424
4/30/12,61691,61900,61231,61820,1963200,61820
4/27/12,62203,62486,61667,61691,2547600,61691
4/26/12,61750,62282,61033,62198,3130000,62198
4/25/12,61989,62441,61328,61750,3307200,61750
4/24/12,61537,62001,61380,61971,2377000,61971
4/23/12,62494,62494,60897,61539,2533400,61539
4/20/12,62620,63369,62431,62494,2285200,62494
4/19/12,63007,63274,62478,62618,2358200,62618
4/18/12,62696,63243,62429,63010,4053800,63010
4/17/12,61959,62961,61959,62699,2704600,62699
4/16/12,62120,62688,61465,61955,2316600,61955
4/13/12,63039,63039,61778,62106,2959600,62106
4/12/12,61300,63061,61300,63058,3115800,63058
4/11/12,61741,62356,61291,61293,2952600,61293
4/10/12,62922,62922,61344,61738,3094000,61738
4/9/12,63690,63690,62462,62923,1788200,62923
4/5/12,63518,64299,63384,63691,2294800,63691
4/4/12,64301,64301,63450,63529,2739600,63529
4/3/12,65218,65530,64015,64284,2773600,64284
4/2/12,64515,65593,64199,65216,2966600,65216
3/30/12,64875,65363,64245,64511,3155800,64511
3/29/12,65074,65074,64096,64872,2895600,64872
3/28/12,66032,66032,64819,65079,2883000,65079
3/27/12,66683,66968,65925,66037,2723000,66037
3/26/12,65818,66776,65818,66685,2010800,66685
3/23/12,65831,66253,65576,65813,2524800,65813
3/22/12,66860,66860,65534,65828,2676200,65828
3/21/12,67297,67436,66762,66860,1981000,66860
3/20/12,67725,67725,66704,67296,2071400,67296
3/19/12,67685,68159,67547,67730,2143600,67730
3/16/12,67749,68153,67505,67684,2408600,67684
3/15/12,68259,68259,67458,67749,2295200,67749
3/14/12,68386,68970,67797,68257,2732800,68257
3/13/12,66386,68420,66386,68394,3165200,68394
3/12/12,66687,66687,65965,66385,2149800,66385
3/9/12,66908,67419,66679,66704,2253600,66704
3/8/12,66032,67272,66032,66908,2890800,66908
3/7/12,65123,66053,65123,66017,2683400,66017
3/6/12,66962,66962,64892,65114,2742600,65114
3/5/12,67782,67782,66756,66964,2315800,66964
3/2/12,66810,67791,66810,67782,2557000,67782
3/1/12,65812,66931,65812,66810,2328800,66810
2/29/12,65970,66662,65533,65812,3345400,65812
2/28/12,65245,66152,65240,65959,2717000,65959
2/27/12,65938,65954,65068,65241,2226000,65241
2/24/12,65820,66335,65820,65943,2119800,65943
2/23/12,66084,66329,65590,65820,2322800,65820
2/22/12,66205,66291,65851,66093,1791400,66093
2/17/12,66158,66562,65823,66204,2352600,66204
2/16/12,65364,66161,64798,66142,3068400,66142
2/15/12,65041,66004,65041,65368,3825400,65368
2/14/12,65699,65855,64826,65039,2738200,65039
2/13/12,63999,65713,63999,65692,2619200,65692
2/10/12,65525,65525,63880,63998,3501400,63998
2/9/12,65831,66324,65189,65530,2688400,65530
2/8/12,65918,66383,65647,65831,2887000,65831
2/7/12,65213,65944,64801,65917,2722000,65917
2/6/12,65217,65229,64743,65224,1919600,65224
2/3/12,64589,65619,64137,65217,3059800,65217
2/2/12,64569,64855,64224,64593,3107600,64593
2/1/12,63085,64567,63085,64567,3904000,64567
1/31/12,62772,63394,62664,63072,3437800,63072
1/30/12,62902,62902,61989,62770,2197600,62770
1/27/12,62955,63263,62769,62904,2218200,62904
1/26/12,62486,63805,62485,62953,3174000,62953
1/24/12,62386,62536,61667,62486,2731000,62486
1/23/12,62312,62693,61908,62386,2376000,62386
1/20/12,61932,62312,61593,62312,2246400,62312
1/19/12,61726,62181,61566,61927,2843400,61927
1/18/12,60643,61723,60610,61723,2757800,61723
1/17/12,59961,60891,59961,60646,2524200,60646
1/16/12,59146,59982,59146,59956,1705000,59956
1/13/12,59918,59918,58874,59147,5624200,59147
1/12/12,59966,60504,59586,59921,2145600,59921
1/11/12,59799,60094,59423,59962,2245200,59962
1/10/12,59090,60112,59090,59806,2689200,59806
1/9/12,58601,59220,58599,59083,2244600,59083
1/6/12,58565,59261,58355,58600,1659200,58600
1/5/12,59354,59354,57963,58546,2351200,58546
1/4/12,59263,59519,58558,59365,2252000,59365
1/3/12,57836,59288,57836,59265,3083000,59265
1/2/12,56755,57993,56649,57829,2614600,57829
12/29/11,56534,56945,56313,56754,2779200,56754
12/28/11,58006,58010,56447,56534,1612000,56534
12/27/11,57666,58111,57611,58005,1616600,58005
12/26/11,57702,57856,57669,57669,1616600,57669
12/23/11,57348,57792,57348,57701,1767200,57701
12/22/11,56656,57459,56557,57348,2289000,57348
12/21/11,56865,56865,56046,56653,2264400,56653
12/20/11,55301,56865,55301,56865,3233000,56865
12/19/11,56100,56376,55298,55298,2833400,55298
12/16/11,56334,56823,56087,56097,2440000,56097
12/15/11,56647,57332,56232,56331,2605800,56331
12/14/11,57495,57495,56647,56647,4140400,56647
12/13/11,57355,58153,57333,57495,2901200,57495
12/12/11,58235,58235,56839,57347,2502200,57347
12/9/11,57455,58540,57455,58236,1946400,58236
12/8/11,58664,59217,57260,57455,2720800,57455
12/7/11,59534,59535,58581,58663,2171800,58663
12/6/11,58910,59576,58497,59536,2178000,59536
12/5/11,57894,59245,57894,58910,2535200,58910
12/2/11,58147,58980,57618,57886,2985600,57886
12/1/11,56876,58302,56876,58143,3297000,58143
11/30/11,55307,57592,55307,56875,4893000,56875
11/29/11,56028,56364,55300,55300,2822000,55300
11/28/11,54899,56444,54899,56017,2271000,56017
11/25/11,55271,55610,54742,54894,1815000,54894
11/24/11,54978,55519,54537,55280,1410200,55280
11/23/11,55879,55879,54813,54972,2429400,54972
11/22/11,56290,56570,55609,55878,2681600,55878
11/21/11,56722,56722,55505,56285,2894800,56285
11/18/11,56989,57477,56418,56731,2297200,56731
11/17/11,58550,58555,56663,56989,3054600,56989
11/16/11,58256,58877,57784,58560,2703800,58560
11/14/11,58539,58717,58013,58258,1791000,58258
11/11/11,57325,58747,57325,58547,2136400,58547
11/10/11,57561,58314,57294,57322,1959000,57322
11/9/11,59011,59011,57201,57550,2623000,57550
11/8/11,59205,59616,58505,59026,1934000,59026
11/7/11,58670,59440,58645,59199,1869400,59199
11/4/11,58186,58804,57547,58670,1946600,58670
11/3/11,57327,58481,57327,58196,2445800,58196
11/1/11,58300,58300,56099,57323,2827600,57323
10/31/11,59513,59513,58094,58338,2258000,58338
10/28/11,59270,59668,58760,59513,2388000,59513
10/27/11,57146,59901,57146,59270,3665800,59270
10/26/11,56306,57334,56249,57144,2172400,57144
10/25/11,56885,56885,55770,56286,2262800,56286
10/24/11,55259,57226,55259,56892,2656000,56892
10/21/11,54014,55504,54014,55255,2151200,55255
10/20/11,54953,54953,53610,54010,2282800,54010
10/19/11,55037,55244,54483,54966,2430800,54966
10/18/11,53915,55225,53188,55032,2540000,55032
10/17/11,55021,55021,53536,53911,2366200,53911
10/14/11,54603,55179,54447,55030,2323200,55030
10/13/11,53836,54751,53308,54601,3574200,54601
10/11/11,53271,54113,52820,53838,2845400,53838
10/10/11,51244,53294,51244,53273,2180600,53273
10/7/11,52290,52891,50902,51244,2627200,51244
10/6/11,51016,52729,51016,52290,3145600,52290
10/5/11,50683,51199,50209,51014,2830400,51014
10/4/11,50790,50790,49433,50686,4038800,50686
10/3/11,52319,52319,50792,50792,3112400,50792
9/30/11,53385,53385,51897,52324,3072600,52324
9/29/11,53276,54207,52849,53385,2304800,53385
9/28/11,53921,54796,53258,53270,2340800,53270
9/27/11,53751,54992,53751,53920,2454200,53920
9/26/11,53243,53873,52399,53748,2143200,53748
9/23/11,53273,53855,52754,53230,2689200,53230
9/22/11,55981,55981,52706,53280,3603600,53280
9/21/11,56381,57600,55915,55982,2777000,55982
9/20/11,57105,57620,56379,56379,2677000,56379
9/19/11,57208,57208,56060,57103,2328200,57103
9/16/11,56381,57210,56257,57210,1970000,57210
9/15/11,56287,57161,56196,56381,2136800,56381
9/14/11,55544,56776,55090,56286,2836200,56286
9/13/11,55690,56336,55166,55544,2099400,55544
9/12/11,55773,55792,54310,55685,2376200,55685
9/9/11,57614,57614,55528,55778,2481800,55778
9/8/11,56609,58242,56609,57624,2757000,57624
9/6/11,54998,56676,54121,56607,2846800,56607
9/5/11,56521,56521,54818,54998,1609000,54998
9/2/11,58114,58114,56302,56532,3147400,56532
9/1/11,56498,58589,56498,58118,4013600,58118
8/31/11,55399,56495,55399,56495,2940000,56495
8/30/11,54861,55768,54425,55385,2343400,55385
8/29/11,53356,55027,53356,54861,2293800,54861
8/26/11,52955,53598,51971,53351,2223000,53351
8/25/11,53796,54155,52677,52953,2381200,52953
8/24/11,53787,54279,52993,53796,2492200,53796
8/23/11,52440,53787,51853,53787,2679000,53787
8/22/11,52472,53552,52397,52440,2140800,52440
8/19/11,53135,53601,52336,52448,2577200,52448
8/18/11,55037,55037,52246,53134,3120400,53134
8/17/11,54324,55073,53828,55073,3160600,55073
8/16/11,54651,54651,53539,54324,2464600,54324
8/15/11,53478,54968,53474,54652,2540600,54652
8/12/11,53344,53643,52650,53473,3269800,53473
8/11/11,51398,53724,51398,53343,4066000,53343
8/10/11,51151,52164,49947,51395,4358800,51395
8/9/11,48671,51151,48666,51151,5268200,51151
8/8/11,52938,52938,47793,48668,4894600,48668
8/5/11,52811,53866,51153,52949,4320600,52949
8/4/11,55999,55999,52629,52811,4455400,52811
8/3/11,57318,57352,55249,56017,3491800,56017
8/2/11,58526,58673,57259,57311,2696200,57311
8/1/11,58823,59542,58168,58536,2109400,58536
7/29/11,58703,58952,58009,58823,2366400,58823
7/28/11,58297,59167,58290,58708,2234000,58708
7/27/11,59336,59336,58169,58288,2619000,58288
7/26/11,59972,60204,59261,59340,2174800,59340
7/25/11,60264,60285,59640,59971,1772400,59971
7/22/11,60263,60696,60077,60270,1809600,60270
7/21/11,59120,60441,59120,60263,2159600,60263
7/20/11,59094,59552,59045,59120,1946000,59120
7/19/11,58838,59394,58677,59082,1888000,59082
7/18/11,59479,59479,58631,58838,1956400,58838
7/15/11,59679,60104,59180,59478,1960200,59478
7/14/11,60673,60685,59452,59679,2363400,59679
7/13/11,59718,60847,59718,60670,2284200,60670
7/12/11,60220,60516,59705,59705,1946200,59705
7/11/11,61502,61502,60098,60224,1773200,60224
7/8/11,62207,62207,61366,61513,1670600,61513
7/7/11,62573,63206,62207,62207,1865000,62207
7/6/11,63039,63039,62391,62565,1612600,62565
7/5/11,63886,63886,63030,63039,1937800,63039
7/4/11,63397,63891,63314,63891,1000400,63891
7/1/11,62404,63455,62148,63394,2376200,63394
6/30/11,62337,62574,61959,62404,1814000,62404
6/29/11,62303,62625,62033,62334,1873400,62334
6/28/11,61216,62309,61216,62303,1796400,62303
6/27/11,61017,61456,60772,61217,1634000,61217
6/24/11,61192,61459,60921,61017,1449000,61017
6/22/11,61420,61859,61194,61194,1863400,61194
6/21/11,61188,61543,61179,61424,1696600,61424
6/20/11,61059,61571,60784,61168,2019800,61168
6/17/11,60883,61268,60566,61060,1974600,61060
6/16/11,61602,62040,60489,60881,1991000,60881
6/15/11,62198,62198,61448,61604,2668000,61604
6/14/11,62023,62697,62023,62205,1762400,62205
6/13/11,62701,62968,62022,62023,1397200,62023
6/10/11,63470,63478,62495,62697,1688200,62697
6/9/11,63037,63773,62872,63469,1946800,63469
6/8/11,63204,63354,62709,63033,1805800,63033
6/7/11,63072,63784,63072,63218,2089600,63218
6/6/11,64341,64512,62960,63068,1822400,63068
6/3/11,64216,64979,63628,64341,2155800,64341
6/2/11,63411,64218,63277,64218,2135600,64218
6/1/11,64616,64674,63401,63411,2158200,63411
5/31/11,63961,64620,63932,64620,2428400,64620
5/30/11,64295,64460,63915,63954,629000,63954
5/27/11,64101,64548,64092,64295,1672000,64295
5/26/11,63389,64121,63232,64099,2397000,64099
5/25/11,63329,63857,63025,63388,1918600,63388
5/24/11,62350,63415,62350,63337,2006400,63337
5/23/11,62597,62597,61659,62345,1767600,62345
5/20/11,62370,63043,62086,62597,2087000,62597
5/19/11,62844,63607,62225,62367,2291200,62367
5/18/11,63675,64015,62830,62841,2488000,62841
5/17/11,62830,63680,62414,63673,2210800,63673
5/16/11,63233,63829,62676,62830,2459600,62830
5/13/11,64003,64165,63063,63235,2667400,63235
5/12/11,63772,64329,63125,64003,2486800,64003
5/11/11,64877,64877,63622,63776,2458400,63776
5/10/11,64622,65143,64619,64877,1982600,64877
5/9/11,64416,64782,64150,64622,1880800,64622
5/6/11,63422,64704,63422,64417,2690000,64417
5/5/11,63609,64268,62973,63407,2806000,63407
5/4/11,64320,64807,63548,63616,2490000,63616
5/3/11,65458,65468,64244,64318,2235400,64318
5/2/11,66119,66500,65346,65463,2306800,65463
4/29/11,65664,66294,65461,66133,2645000,66133
4/28/11,66249,66249,65105,65673,3090000,65673
4/27/11,67143,67228,65885,66264,2151200,66264
4/26/11,66972,67413,66722,67144,1726600,67144
4/25/11,67058,67124,66552,66972,1385800,66972
4/20/11,66165,67077,66165,67058,2397400,67058
4/19/11,65417,66257,65417,66158,2214400,66158
4/18/11,66689,66706,65158,65415,3060400,65415
4/15/11,66281,66765,65832,66684,2145800,66684
4/14/11,66483,67042,66090,66279,2259000,66279
4/13/11,66909,67411,66251,66486,2515200,66486
4/12/11,68153,68153,66721,66896,2525800,66896
4/11/11,68719,69177,68029,68164,2173800,68164
4/8/11,69180,69430,68472,68718,2111400,68718
4/7/11,69040,69334,68695,69176,2111400,69176
4/6/11,69841,70108,68954,69037,2111400,69037
4/5/11,69704,70047,69465,69838,2111400,69838
4/4/11,69270,69787,69270,69704,1200,69704
4/1/11,68588,69387,68588,69268,2397400,69268
3/31/11,68000,68606,68000,68587,2124400,68587
3/30/11,67423,68004,67423,67997,1859800,67997
3/29/11,67194,67862,67046,67419,1768200,67419
3/28/11,67767,68070,67193,67193,1444400,67193
3/25/11,67528,68256,67497,67766,2223800,67766
3/24/11,67799,68009,67406,67533,1819800,67533
3/23/11,67570,67918,67317,67796,2145600,67796
3/22/11,66684,67631,66531,67578,2357800,67578
3/21/11,66887,67676,66656,66690,2557400,66690
3/18/11,66217,67384,66217,66880,2842800,66880
3/17/11,66017,66950,66015,66216,1985000,66216
3/16/11,67011,67502,65663,66003,3056800,66003
3/15/11,67168,67168,65463,67005,2852200,67005
3/14/11,66684,67333,66088,67169,1874200,67169
3/11/11,66041,67014,65559,66685,2491000,66685
3/10/11,67256,67256,65854,66041,2375000,66041
3/9/11,68010,68057,67109,67264,1407600,67264
3/4/11,68138,68220,67514,68012,1840000,68012
3/3/11,67284,68188,67284,68146,2254600,68146
3/2/11,66242,67282,66101,67282,2518600,67282
3/1/11,67381,67708,66243,66243,2166400,66243
2/28/11,66909,67458,66687,67383,2640400,67383
2/25/11,66952,67632,66331,66903,2394600,66903
2/24/11,66909,67344,66693,66949,2699200,66949
2/23/11,66440,67266,66049,66910,3335000,66910
2/22/11,67255,67570,66342,66440,3045400,66440
2/21/11,68067,68067,67085,67259,1453000,67259
2/18/11,67685,68226,67386,68067,1944000,68067
2/17/11,67580,67876,67107,67685,2147800,67685
2/16/11,66342,67793,66342,67571,2672400,67571
2/15/11,66558,66861,66117,66341,2355400,66341
2/14/11,65751,66743,65462,66558,1945000,66558
2/11/11,64582,65890,64562,65756,2396400,65756
2/10/11,64217,65106,64185,64578,2356400,64578
2/9/11,65767,65767,64016,64218,2811400,64218
2/8/11,65359,66238,65110,65771,2764000,65771
2/7/11,65272,65893,64916,65362,1980400,65362
2/4/11,66752,66946,65160,65269,2676800,65269
2/3/11,66688,66849,66091,66765,2380800,66765
2/2/11,67844,68012,66643,66688,2551400,66688
2/1/11,66575,67922,66575,67847,2114000,67847
1/31/11,66697,67166,66271,66575,2253800,66575
1/28/11,68051,68182,65898,66698,2544000,66698
1/27/11,68717,69108,67775,68051,2304400,68051
1/26/11,69427,69556,68515,68709,2542400,68709
1/24/11,69134,69513,68786,69427,1474400,69427
1/21/11,69560,70027,69095,69133,2071800,69133
1/20/11,70056,70083,69177,69562,2169600,69562
1/19/11,70921,71190,69966,70058,1884800,70058
1/18/11,70612,71094,70612,70920,1877400,70920
1/17/11,70940,70940,70544,70609,1538600,70609
1/14/11,70723,71184,70397,70940,1806600,70940
1/13/11,71631,71924,70719,70721,2237800,70721
1/12/11,70429,71633,70429,71633,2516000,71633
1/11/11,70146,70647,70145,70423,2138000,70423
1/10/11,70056,70133,69666,70127,1610800,70127
1/7/11,70580,70783,69718,70057,1761000,70057
1/6/11,71093,71167,70469,70579,2546000,70579
1/5/11,70311,71173,69802,71091,2309200,71091
1/4/11,69962,70318,69560,70318,2427200,70318
1/3/11,69310,70471,69305,69962,1862400,69962
12/30/10,68953,69527,68940,69305,2102200,69305
12/29/10,68043,69040,68043,68952,1307800,68952
12/28/10,67810,68104,67810,68041,1307800,68041
12/27/10,68476,68476,67803,67803,1035400,67803
12/23/10,68470,68562,68250,68486,1229400,68486
12/22/10,68218,68472,67727,68471,1656800,68471
12/21/10,67261,68461,67261,68215,1897400,68215
12/20/10,67979,68196,67264,67264,2352800,67264
12/17/10,67304,67981,66948,67981,2352800,67981
12/16/10,67875,68377,67138,67306,2401400,67306
12/15/10,68741,68741,67711,67870,2962400,67870
12/14/10,69127,69127,68531,68743,2962400,68743
12/13/10,68342,69221,68342,69126,2962400,69126
12/10/10,67889,68514,67866,68342,2962400,68342
12/9/10,68173,68561,67563,67879,2447200,67879
12/8/10,69338,69354,68046,68175,2671600,68175
12/7/10,69563,70589,69338,69338,2671600,69338
12/6/10,69759,69932,69378,69552,2671600,69552
12/3/10,69529,69963,68943,69766,2828000,69766
12/2/10,69341,69943,69219,69527,2111800,69527
12/1/10,67731,69605,67731,69346,2111800,69346
11/30/10,67901,68476,67271,67705,2159200,67705
11/29/10,68218,68422,67103,67908,1777800,67908
11/26/10,69349,69349,68219,68226,1564800,68226
11/25/10,69634,69780,69362,69362,981600,69362
11/24/10,67955,69746,67955,69629,1990600,69629
11/23/10,69629,69629,67728,67953,2080600,67953
11/22/10,70898,70898,69202,69633,1739200,69633
11/19/10,70774,70898,70236,70898,1506400,70898
11/18/10,69716,70904,69716,70781,1881600,70781
11/17/10,69189,70080,69187,69709,1881600,69709
11/16/10,70364,70364,68662,69192,2240800,69192
11/12/10,71191,71191,70004,70367,1188600,70367
11/11/10,71639,71639,70941,71195,1353200,71195
11/10/10,71674,71854,70868,71638,1353200,71638
11/9/10,72654,73045,71651,71679,1505000,71679
11/8/10,72607,72875,72336,72657,1077600,72657
11/5/10,72987,72987,72534,72607,1732000,72607
11/4/10,71910,73103,71910,72996,2175800,72996
11/3/10,71560,72110,71510,71905,2145800,71905
11/1/10,70686,71751,70673,71561,1555000,71561
10/29/10,70322,70776,70322,70673,2208800,70673
10/28/10,70573,71263,70234,70320,2230200,70320
10/27/10,70735,70844,70059,70569,2202600,70569
10/26/10,69582,70834,69055,70740,2576800,70740
10/25/10,69536,70231,69451,69580,3836000,69580
10/22/10,69658,70312,68847,69530,2421600,69530
10/21/10,70406,70958,68952,69652,2587800,69652
10/20/10,69863,70720,69814,70405,2407200,70405
10/19/10,71735,71735,69628,69864,2495200,69864
10/18/10,71830,71884,71341,71736,2111600,71736
10/15/10,71699,72140,71351,71830,2015200,71830
10/14/10,71676,71961,71264,71692,2633000,71692
10/13/10,70950,71995,70950,71675,2985000,71675
10/11/10,70810,71111,70810,70946,1169000,70946
10/8/10,69921,70828,69698,70809,2136000,70809
10/7/10,70545,70739,69314,69918,2587200,69918
10/6/10,71284,71290,70343,70541,2780600,70541
10/5/10,70390,71285,70390,71283,2713000,71283
10/4/10,70230,70551,70089,70385,1876800,70385
10/1/10,69438,70243,69228,70229,2452600,70229
9/30/10,69230,69737,68924,69430,2466200,69430
9/29/10,69225,69420,68958,69228,3067200,69228
9/28/10,68817,69431,68455,69228,1851800,69228
9/27/10,68197,68926,68011,68816,2138600,68816
9/24/10,68800,69571,68021,68196,3441000,68196
9/23/10,68321,69601,67892,68794,3305200,68794
9/22/10,67711,68549,67346,68325,2495200,68325
9/21/10,68189,68255,67528,67719,1734000,67719
9/20/10,67087,68241,67009,68190,1775200,68190
9/17/10,67665,67773,66993,67089,1629400,67089
9/16/10,68103,68103,67507,67663,1464400,67663
9/15/10,67690,68107,67119,68107,2234200,68107
9/14/10,68030,68093,67561,67692,2594000,67692
9/13/10,66807,68142,66807,68031,2144400,68031
9/10/10,66622,66920,66459,66807,1561000,66807
9/9/10,66411,66807,66353,66624,1438800,66624
9/8/10,66739,66739,66101,66407,1716000,66407
9/6/10,66679,66949,66380,66747,651400,66747
9/3/10,66812,67673,66541,66679,2019200,66679
9/2/10,67073,67168,66405,66808,1601200,66808
9/1/10,65154,67073,65154,67073,2509000,67073
8/31/10,64262,65182,64202,65145,3284800,65145
8/30/10,65585,65585,64255,64261,1286400,64261
8/27/10,63875,65589,63848,65585,1764000,65585
8/26/10,64802,65271,63804,63867,1773400,63867
8/25/10,65156,65156,64164,64803,1753000,64803
8/24/10,65946,65946,65013,65156,1604200,65156
8/23/10,66678,67175,65982,65982,1379600,65982
8/20/10,66892,66892,66337,66677,1414600,66677
8/19/10,67641,67713,66824,66887,1920000,66887
8/18/10,67584,67745,67006,67638,2367000,67638
8/17/10,66702,67666,66702,67584,1747000,67584
8/16/10,66260,66868,66187,66702,1394800,66702
8/13/10,65964,66590,65921,66264,1841200,66264
8/12/10,65788,66027,65257,65966,1546600,65966
8/11/10,67217,67217,65690,65790,1732800,65790
8/10/10,67836,67836,66946,67223,1625400,67223
8/9/10,68096,68513,67749,67862,1254800,67862
8/6/10,68416,68509,67686,68095,1513200,68095
8/5/10,68271,68471,68002,68412,1611600,68412
8/4/10,67996,68534,67577,68272,1875200,68272
8/3/10,68517,68561,67942,67997,1900000,67997
8/2/10,67524,68754,67524,68517,1766600,68517
7/30/10,66951,67608,66218,67515,2088400,67515
7/29/10,66796,67428,66596,66954,2160200,66954
7/28/10,66670,67051,66427,66808,1939400,66808
7/27/10,66449,67102,66293,66674,1601800,66674
7/26/10,66322,66619,66151,66443,1234400,66443
7/23/10,65748,66323,65427,66323,1540000,66323
7/22/10,64504,66213,64504,65748,2320600,65748
7/21/10,64468,65136,64209,64477,1821800,64477
7/20/10,63290,64481,62902,64463,2429400,64463
7/19/10,62351,63300,62351,63297,1276400,63297
7/16/10,63487,63492,62298,62339,1326400,62339
7/15/10,63482,63612,62960,63489,1564800,63489
7/14/10,63686,63688,63015,63479,1450400,63479
7/13/10,62964,63777,62964,63686,1583800,63686
7/12/10,63477,63972,62750,62960,1229000,62960
7/8/10,63282,63596,62895,63476,1658000,63476
7/7/10,62067,63313,62004,63284,1732200,63284
7/6/10,60870,62451,60870,62065,1786600,62065
7/5/10,61436,61667,60796,60865,760000,60865
7/2/10,61236,61812,60764,61430,1143800,61430
7/1/10,60935,61381,60056,61236,2130000,61236
6/30/10,61972,62645,60936,60936,1958400,60936
6/29/10,64216,64216,61670,61978,2196000,61978
6/28/10,64825,65105,64225,64225,943200,64225
6/25/10,63937,64869,63806,64824,1257200,64824
6/24/10,65154,65154,63736,63937,1786400,63937
6/23/10,64812,65161,64247,65160,1762200,65160
6/22/10,64834,65831,64690,64811,1931800,64811
6/21/10,64442,65517,64442,64829,1623000,64829
6/18/10,64542,64941,64239,64438,1871800,64438
6/17/10,64745,65182,64115,64541,1888800,64541
6/16/10,64442,65097,63974,64751,2441000,64751
6/15/10,63534,64554,63534,64442,1267200,64442
6/14/10,63613,64296,63529,63533,1793600,63533
6/11/10,63044,63766,62371,63605,1345800,63605
6/10/10,61484,63146,61484,63049,1717000,63049
6/9/10,61799,62684,61479,61479,1736400,61479
6/8/10,61187,62000,61187,61856,1605200,61856
6/7/10,61675,62119,61099,61183,1627000,61183
6/4/10,62940,62940,61422,61676,1691000,61676
6/2/10,61836,63198,61814,62943,1878400,62943
6/1/10,63033,63033,61605,61841,2253800,61841
5/31/10,61950,63047,61950,63047,1197600,63047
5/28/10,62080,62247,61305,61947,2081600,61947
5/27/10,60191,62262,60189,62092,2388000,62092
5/26/10,59182,60701,59179,60190,3638600,60190
5/25/10,59912,59912,57876,59184,2477800,59184
5/24/10,60255,60850,59815,59915,1792600,59915
5/21/10,58192,60303,57997,60259,2558200,60259
5/20/10,59684,59684,57634,58192,3369200,58192
5/19/10,60841,60850,59068,59689,3203000,59689
5/18/10,62871,63529,60810,60841,2787000,60841
5/17/10,63406,63593,61825,62866,2746000,62866
5/14/10,64787,64787,63050,63412,2220800,63412
5/13/10,65223,65427,64738,64788,1798200,64788
5/12/10,64438,65351,64438,65224,1981400,65224
5/11/10,65449,65733,64425,64425,2401600,64425
5/10/10,62872,66083,62872,65453,2377400,65453
5/7/10,63416,63945,61663,62871,2903400,62871
5/6/10,64915,65533,60774,63414,3207600,63414
5/5/10,64859,65612,63533,64914,2681200,64914
5/4/10,67116,67116,64588,64869,2820000,64869
5/3/10,67534,67969,66723,67119,1776000,67119
4/30/10,67975,67975,67243,67530,2120200,67530
4/29/10,66661,68012,66661,67978,1609400,67978
4/28/10,66513,67253,65914,66656,1855600,66656
4/27/10,68868,68868,66499,66511,2062200,66511
4/26/10,69509,69810,68813,68872,1179400,68872
4/23/10,69388,69709,68832,69509,1366800,69509
4/22/10,69313,69528,68081,69386,1787200,69386
4/20/10,69101,69702,69101,69318,1750200,69318
4/19/10,69418,69431,68378,69098,1722000,69098
4/16/10,70522,70522,69013,69421,2043800,69421
4/15/10,71036,71066,70429,70524,2264600,70524
4/14/10,70794,71207,70628,71035,1758800,71035
4/13/10,70618,71053,70169,70792,1634200,70792
4/12/10,71414,71607,70505,70614,1471600,70614
4/9/10,71783,71989,71307,71417,1680000,71417
4/8/10,70793,71805,70462,71785,1701800,71785
4/7/10,71092,71257,70531,70793,1720400,70793
4/6/10,71290,71711,70823,71096,1697000,71096
4/5/10,71148,71645,71148,71290,1316000,71290
4/1/10,70375,71401,70373,71136,1552800,71136
3/31/10,69960,70392,69573,70372,1676800,70372
3/30/10,69942,70451,69750,69960,1490000,69960
3/29/10,68681,69943,68681,69939,1528000,69939
3/26/10,68442,68910,68024,68683,1771400,68683
3/25/10,68916,69572,68377,68442,1478400,68442
3/24/10,69382,69677,68744,68913,1597400,68913
3/23/10,69049,69613,68913,69387,1606600,69387
3/22/10,68814,69121,67899,69042,1395200,69042
3/19/10,69701,69998,68773,68829,1957400,68829
3/18/10,69726,70128,68972,69697,1656200,69697
3/17/10,69945,70424,69376,69723,1372000,69723
3/16/10,69023,69949,69022,69942,1302400,69942
3/15/10,69340,69384,68623,69024,1453000,69024
3/12/10,69901,70486,69341,69341,1569000,69341
3/11/10,69981,70183,69411,69885,1627200,69885
3/10/10,69578,70476,69578,69979,1909200,69979
3/9/10,68573,70144,68255,69576,2464200,69576
3/8/10,68851,69070,68318,68575,1428200,68575
3/5/10,67823,68930,67823,68847,1950600,68847
3/4/10,67643,68198,66924,67815,1398600,67815
3/3/10,67780,68813,67482,67641,2113800,67641
3/2/10,67228,68250,67228,67779,1708600,67779
3/1/10,66511,67397,66511,67228,1363000,67228
2/26/10,66118,66510,65607,66503,1731400,66503
2/25/10,65765,66325,64429,66121,1792200,66121
2/24/10,66110,66514,65534,65795,1573000,65795
2/23/10,67179,67179,65660,66108,1644800,66108
2/22/10,67598,68120,67035,67184,1401600,67184
2/19/10,67811,67935,67210,67597,1248000,67597
2/18/10,67285,67836,66550,67836,1286600,67836
2/17/10,65863,67542,65863,67285,1286600,67285
2/12/10,66129,66133,65123,65855,873200,65855
2/11/10,65050,66145,64344,66129,1259000,66129
2/10/10,64721,65170,64320,65051,891000,65051
2/9/10,63164,65526,63164,64718,1357400,64718
2/8/10,62760,63923,62728,63153,1875600,63153
2/5/10,63934,64001,61341,62763,3053000,62763
2/4/10,67100,67100,63750,63934,2262400,63934
2/3/10,67163,67347,66774,67109,1765000,67109
2/2/10,66589,67321,66539,67163,1587800,67163
2/1/10,65402,66763,65362,66572,1494400,66572
1/29/10,65591,66576,65140,65402,1823200,65402
1/28/10,65071,66049,64541,65588,1649400,65588
1/27/10,65527,65663,64553,65070,1813600,65070
1/26/10,66213,66213,64719,65524,1990400,65524
1/22/10,66264,66660,65445,66220,1305000,66220
1/21/10,68200,68458,65996,66270,2263800,66270
1/20/10,69901,69901,67546,68200,1990600,68200
1/19/10,69396,70036,68867,69909,1323400,69909
1/18/10,68983,69748,68983,69401,1139000,69401
1/15/10,69780,69788,68695,68978,1648400,68978
1/14/10,70377,70508,69661,69801,1830200,69801
1/13/10,70081,70626,69535,70385,1818800,70385
1/12/10,70429,70429,69284,70076,1628600,70076
1/11/10,70267,71068,70158,70433,1569000,70433
1/8/10,70455,70766,70158,70263,1634400,70263
1/7/10,70723,70723,70045,70451,1555000,70451
1/6/10,70237,70937,70016,70729,2243600,70729
1/5/10,70046,70595,69928,70240,1984200,70240
1/4/10,68587,70081,68587,70045,1655400,70045
12/30/09,68277,68588,67749,68588,1182200,68588
12/29/09,67902,68309,67902,68296,669200,68296
12/28/09,67591,68277,67591,67902,556400,67902
12/23/09,67418,67810,66943,67589,904400,67589
12/22/09,65940,67421,65940,67418,1272600,67418
12/21/09,66806,67671,65925,65925,1406000,65925
12/18/09,67068,67281,66322,66794,1075200,66794
12/17/09,68619,68619,66792,67068,1339400,67068
12/16/09,69310,69622,68466,68622,1710000,68622
12/15/09,69345,69515,68822,69311,1284200,69311
12/14/09,69273,69785,69193,69349,1294000,69349
12/11/09,68750,69502,68750,69267,1489600,69267
12/10/09,68021,68912,68021,68728,1473200,68728
12/9/09,67736,68272,67484,68012,1141400,68012
12/8/09,68511,68511,67470,67729,1550000,67729
12/7/09,67611,68866,67611,68512,1186200,68512
12/4/09,68316,69361,67328,67604,1410600,67604
12/3/09,68622,69336,68308,68315,1223400,68315
12/2/09,68412,69139,68412,68615,1362000,68615
12/1/09,67051,68616,67051,68546,2326400,68546
11/30/09,67082,67545,66876,67044,2224800,67044
11/27/09,66371,67086,65737,67082,1172000,67082
11/26/09,67911,67911,66236,66392,825600,66392
11/25/09,67319,67997,67241,67917,1385400,67917
11/24/09,66812,67317,65969,67317,1348000,67317
11/23/09,66335,67365,66335,66809,1582600,66809
11/19/09,66514,66564,65547,66327,1467000,66327
11/18/09,67430,68060,66494,66516,1592000,66516
11/17/09,66632,67409,66232,67406,1733800,67406
11/16/09,65326,66896,65326,66627,1757800,66627
11/13/09,64452,65788,64229,65326,1859000,65326
11/12/09,66427,66614,64319,64448,1914400,64448
11/11/09,66303,67170,66028,66431,1807800,66431
11/10/09,66214,66709,65706,66303,1652000,66303
11/9/09,64475,66236,64475,66214,1599800,66214
11/6/09,64820,65094,63587,64466,1659000,64466
11/5/09,63907,64830,63700,64816,1575600,64816
11/4/09,62650,64142,62650,63913,1891200,63913
11/3/09,61539,63237,60724,62643,1902600,62643
10/30/09,63721,64226,60913,61546,1996200,61546
10/29/09,60167,63907,60167,63721,1747800,63721
10/28/09,63161,63173,60146,60162,2238800,60162
10/27/09,65090,65498,63161,63161,1499200,63161
10/26/09,65056,65901,64501,65086,1380400,65086
10/23/09,66144,66982,64988,65059,1393800,65059
10/22/09,65490,66502,65454,66135,1273200,66135
10/21/09,65302,67157,65221,65486,1792600,65486
10/20/09,67231,67231,64076,65303,2649200,65303
10/19/09,66200,67530,66194,67239,1402200,67239
10/16/09,66703,66703,65499,66200,1484600,66200
10/15/09,66199,66703,65837,66703,1328400,66703
10/14/09,64653,66393,64653,66201,2096400,66201
10/13/09,64075,64646,63967,64646,1190600,64646
10/9/09,63772,64177,63493,64071,1153000,64071
10/8/09,62640,63816,62640,63760,1766000,63760
10/7/09,62666,63015,62104,62638,1413600,62638
10/6/09,62378,63291,62002,62671,1665600,62671
10/5/09,61178,62460,61178,62369,1335400,62369
10/2/09,60453,61333,59678,61172,1736000,61172
10/1/09,61519,61519,60306,60459,1401200,60459
9/30/09,61241,61926,60978,61518,1544800,61518
9/29/09,61316,61599,60750,61235,1175400,61235
9/28/09,60357,61317,60357,61317,955800,61317
9/25/09,60045,60472,59755,60356,989800,60356
9/24/09,60496,60978,59600,60046,1312000,60046
9/23/09,61489,61630,60478,60496,1521000,60496
9/22/09,60938,62017,60938,61493,1587200,61493
9/21/09,60703,61066,60014,60928,1358600,60928
9/18/09,60236,60710,60158,60703,1290400,60703
9/17/09,60409,61027,60116,60236,1594200,60236
9/16/09,59265,60526,59265,60411,1810800,60411
9/15/09,58868,59401,58691,59264,1128800,59264
9/14/09,58363,58868,57753,58868,990600,58868
9/11/09,58537,58834,58145,58366,1119800,58366
9/10/09,57908,58538,57615,58536,1401400,58536
9/9/09,57844,58089,57534,57910,1357800,57910
9/8/09,56655,57855,56655,57855,1375000,57855
9/7/09,55707,56729,55656,56652,1375000,56652
9/4/09,55707,56729,55656,56652,1198000,56652
9/3/09,55389,55888,55339,55707,1272200,55707
9/2/09,55813,55948,55386,55386,1644400,55386
9/1/09,56489,57002,55764,55815,1443600,55815
8/31/09,57698,57698,56170,56489,1504200,56489
8/28/09,57704,58136,57344,57701,1176200,57701
8/27/09,57769,57878,56845,57704,1345200,57704
8/26/09,57425,57791,57106,57766,1237600,57766
8/25/09,57778,58311,57401,57421,1251200,57421
8/24/09,57731,58634,57698,57775,1428000,57775
8/21/09,56836,57782,56836,57729,1240400,57729
8/20/09,56173,56897,56143,56831,1070200,56831
8/19/09,55748,56212,54918,56156,1279200,56156
8/18/09,55219,55891,55216,55749,1129400,55749
8/17/09,56636,56636,54881,55218,1402000,55218
8/14/09,57048,57190,55979,56638,1496800,56638
8/13/09,56588,57367,56533,57048,1511400,57048
8/12/09,55761,56696,55714,56588,1659800,56588
8/11/09,56816,56816,55568,55761,1406600,55761
8/10/09,56329,56830,56151,56830,1191200,56830
8/7/09,55758,56644,55758,56330,1259200,56330
8/6/09,56385,56780,55361,55755,1333400,55755
8/5/09,56041,56586,55407,56384,1241000,56384
8/4/09,55998,56656,55727,56038,1512800,56038
8/3/09,54766,56200,54766,55998,1256400,55998
7/31/09,54474,54980,54206,54766,1225200,54766
7/30/09,53735,55083,53735,54478,1248200,54478
7/29/09,54470,54470,53256,53735,1231600,53735
7/28/09,54547,54547,53779,54472,1304800,54472
7/27/09,54458,54886,53943,54549,1108600,54549
7/24/09,54249,54600,54037,54457,1131800,54457
7/23/09,53074,54629,53065,54249,2061200,54249
7/22/09,53232,53664,52543,53073,1360000,53073
7/21/09,53155,53716,52520,53234,1396200,53234
7/20/09,52073,53262,52073,53155,1498200,53155
7/17/09,51918,52352,51736,52072,1232200,52072
7/16/09,51292,52338,50703,51918,1547400,51918
7/15/09,48876,51488,48876,51297,1885000,51297
7/14/09,49186,49647,48573,48873,1431200,48873
7/13/09,49221,49644,48262,49187,1331400,49187
7/10/09,49175,49326,48714,49221,1038800,49221
7/8/09,49460,49846,48456,49178,1545600,49178
7/7/09,50619,50621,49400,49457,1637400,49457
7/6/09,50932,50932,49691,50622,1377800,50622
7/3/09,51026,51167,50915,50935,487800,50935
7/2/09,51538,51538,50608,51025,1006400,51025
7/1/09,51464,52383,51464,51544,1371200,51544
6/30/09,52143,52435,51102,51465,1321200,51465
6/29/09,51488,52275,51488,52138,1052800,52138
6/26/09,51517,51935,51341,51486,1220400,51486
6/25/09,49668,51515,49327,51515,1591600,51515
6/24/09,49819,50758,49520,49672,1370200,49672
6/23/09,49496,49902,49130,49814,1395200,49814
6/22/09,51367,51367,49411,49495,1602000,49495
6/19/09,50908,51665,50908,51374,1225000,51374
6/18/09,51050,51275,50510,50903,1165000,50903
6/17/09,51197,51197,50265,51046,1638000,51046
6/16/09,52035,52494,51166,51206,1328600,51206
6/15/09,53558,53558,51252,52034,1662800,52034
6/12/09,53411,53936,53143,53558,1421800,53558
6/10/09,53159,54048,52819,53411,1437800,53411
6/9/09,53633,54102,52845,53157,1228400,53157
6/8/09,53340,53905,52483,53630,1184800,53630
6/5/09,53474,54627,53050,53341,1442200,53341
6/4/09,52094,53464,51745,53464,1398400,53464
6/3/09,53999,54001,51643,52087,2037400,52087
6/2/09,54486,54955,53850,54000,1919000,54000
6/1/09,53202,54857,53202,54486,1803000,54486
5/29/09,53047,53806,52432,53198,2841400,53198
5/28/09,51795,53041,51795,53041,1518800,53041
5/27/09,51840,53092,51637,51792,1731400,51792
5/26/09,50817,51934,50074,51841,1456600,51841
5/25/09,50558,50969,50558,50816,491000,50816
5/22/09,50089,50893,49989,50568,1308800,50568
5/21/09,51244,51244,49565,50087,1681000,50087
5/20/09,51349,52640,51143,51245,2062000,51245
5/19/09,51465,52145,50987,51347,2003200,51347
5/18/09,49012,51490,49012,51463,1731600,51463
5/15/09,49447,49552,48796,49007,1508800,49007
5/14/09,48671,49461,48284,49446,1416200,49446
5/13/09,50317,50317,48430,48679,1712200,48679
5/12/09,50980,51565,49808,50326,1852000,50326
5/11/09,51389,51389,50060,50976,1285600,50976
5/8/09,50066,51396,50051,51396,1692800,51396
5/7/09,51499,52079,49743,50058,2030200,50058
5/6/09,50675,52096,50672,51499,2468600,51499
5/5/09,50404,50909,50013,50670,1945400,50670
5/4/09,47290,50405,47290,50405,2502000,50405
4/30/09,47235,48126,47235,47290,2136000,47290
4/29/09,45825,47410,45825,47227,2053400,47227
4/28/09,45819,46138,44966,45821,1792400,45821
4/27/09,46772,46772,45662,45820,1687400,45820
4/24/09,45801,46946,45801,46772,1528400,46772
4/23/09,44888,45804,44888,45801,1243600,45801
4/22/09,44434,45369,44434,44888,1364400,44888
4/20/09,45778,45778,44275,44433,1272800,44433
4/17/09,46018,46187,45723,45778,1465600,45778
4/16/09,45277,46211,45277,46025,1770800,46025
4/15/09,45420,45453,44811,45273,1758000,45273
4/14/09,45989,46591,45284,45418,2127600,45418
4/13/09,45536,46179,45226,45992,1552600,45992
4/9/09,44183,45702,44183,45539,1923800,45539
4/8/09,43828,44390,43706,44182,1782400,44182
4/7/09,44163,44471,43593,43825,1707600,43825
4/6/09,44385,44385,43429,44167,1466200,44167
4/3/09,43738,44610,43520,44391,1882800,44391
4/2/09,41977,44286,41977,43736,2363600,43736
4/1/09,40918,42005,40256,41976,1671600,41976
3/31/09,40661,41610,40661,40926,1591200,40926
3/30/09,41909,41909,40351,40653,1508600,40653
3/27/09,42589,42589,41586,41907,1342000,41907
3/26/09,41801,42680,41801,42589,1640400,42589
3/25/09,41478,42623,41114,41799,1956400,41799
3/24/09,42439,42439,41476,41476,1826200,41476
3/23/09,40077,42509,40077,42439,1883400,42439
3/20/09,40453,41053,40076,40076,1394200,40076
3/19/09,40146,41137,40146,40453,1902800,40453
3/18/09,39508,40551,38850,40142,1731800,40142
3/17/09,38608,39511,38080,39511,1456800,39511
3/16/09,39018,39713,38467,38607,1526800,38607
3/13/09,39152,39707,38580,39015,1595200,39015
3/12/09,38806,39304,38286,39152,1631800,39152
3/11/09,38795,39310,38238,38805,1401200,38805
3/10/09,36745,38804,36745,38795,1788200,38795
3/9/09,37103,37464,36392,36741,1067400,36741
3/6/09,37367,38309,36476,37105,1481200,37105
3/5/09,38391,38391,36973,37369,1354600,37369
3/4/09,36468,38554,36468,38402,1796200,38402
3/3/09,36236,37085,35722,36468,1731400,36468
3/2/09,38180,38180,36196,36235,1728000,36235
2/27/09,38178,38801,37324,38183,1654000,38183
2/26/09,38234,39219,38180,38180,1520800,38180
2/25/09,38712,38933,37694,38232,1216400,38232
2/20/09,39725,39725,38103,38715,1711600,38715
2/19/09,39675,40433,39630,39730,1162600,39730
2/18/09,39848,40434,39209,39674,1654400,39674
2/17/09,41838,41838,39817,39847,1729800,39847
2/16/09,41672,41841,41026,41841,1088600,41841
2/13/09,40512,41833,40512,41674,1445400,41674
2/12/09,40827,41082,39992,40501,1782200,40501
2/11/09,41207,42032,40286,40846,1673400,40846
2/10/09,42101,42819,40960,41207,2280000,41207
2/9/09,42755,43441,41977,42100,1749400,42100
2/6/09,41110,42873,41110,42756,2180000,42756
2/5/09,40120,41373,39791,41109,1932800,41109
2/4/09,39746,41490,39746,40129,2408600,40129
2/3/09,38665,39765,38655,39747,1545000,39747
2/2/09,39296,39364,38453,38666,1334600,38666
1/30/09,39637,40273,39185,39301,1477600,39301
1/29/09,40229,40229,39369,39638,1330400,39638
1/28/09,38704,40438,38704,40227,2132400,40227
1/27/09,38511,39025,38422,38699,1423800,38699
1/26/09,38130,39065,37831,38509,1493800,38509
1/23/09,37891,38660,36744,38132,1433000,38132
1/22/09,38543,38845,37255,37894,1744600,37894
1/21/09,37279,38543,37279,38543,1672000,38543
1/20/09,38828,39174,37272,37272,1417800,37272
1/19/09,39351,39570,38700,38828,791000,38828
1/16/09,39149,39904,38578,39342,1734200,39342
1/15/09,37993,39197,36806,39151,2029400,39151
1/14/09,39537,39570,37658,37982,2198400,37982
1/13/09,39397,40323,38623,39544,1798400,39544
1/12/09,41585,41585,39345,39403,1554600,39403
1/9/09,41992,42525,41181,41583,1573400,41583
1/8/09,40819,41991,40251,41991,1556000,41991
1/7/09,42308,42308,40563,40820,1383600,40820
1/6/09,41520,42363,41520,42312,1791000,42312
1/5/09,40243,41889,39526,41519,1909200,41519
1/2/09,37550,40265,37550,40244,1055200,40244
12/30/08,37070,37783,37065,37550,1569800,37550
12/29/08,36864,37631,36638,37060,984800,37060
12/26/08,36470,37136,36334,36864,508600,36864
12/23/08,37617,38005,36452,36471,860000,36471
12/22/08,39140,39452,37478,37619,1275600,37619
12/19/08,39535,39785,38728,39131,1219200,39131
12/18/08,39947,40498,38995,39536,1696200,39536
12/17/08,39993,40361,39121,39947,2284800,39947
12/16/08,38324,39993,38324,39993,1614000,39993
12/15/08,39368,39735,38320,38320,1631600,38320
12/12/08,38517,39374,37014,39374,1692800,39374
12/11/08,39009,39880,38515,38519,1952400,38519
12/10/08,37972,39748,37972,39004,2233000,39004
12/9/08,38285,38863,37653,37968,2011600,37968
12/8/08,35347,38426,35347,38285,2422400,38285
12/5/08,35125,35435,34013,35347,1929800,35347
12/4/08,35311,35944,35128,35128,1264800,35128
12/3/08,35001,35476,33798,35297,2237800,35297
12/2/08,34743,35734,34743,35001,1596400,35001
12/1/08,36596,36596,34396,34741,1458800,34741
11/28/08,36216,37217,35944,36596,1547400,36596
11/27/08,36470,36817,36114,36213,878600,36213
11/26/08,34814,36877,34319,36470,2075200,36470
11/25/08,34189,35532,33620,34813,1712200,34813
11/24/08,31255,34382,31255,34189,1995600,34189
11/21/08,33403,33403,31081,31251,1894800,31251
11/19/08,34098,34786,33275,33405,1567200,33405
11/18/08,35698,35698,33882,34095,1750800,34095
11/17/08,35777,36373,34427,35717,1393600,35717
11/14/08,36003,36697,35016,35789,1628600,35789
11/13/08,34374,36244,33645,35993,1890000,35993
11/12/08,37261,37261,34221,34374,2413400,34374
11/11/08,36775,37629,35499,37262,1536400,37262
11/10/08,36672,38725,36298,36776,1467000,36776
11/7/08,36362,37716,36297,36665,1764400,36665
11/6/08,37786,37786,35387,36362,1999000,36362
11/5/08,40245,40245,37711,37786,2127800,37786
11/4/08,38256,41003,38256,40255,2134200,40255
11/3/08,37261,38545,36938,38249,1676800,38249
10/31/08,37447,37945,35858,37257,2002000,37257
10/30/08,34852,37590,34852,37449,2485800,37449
10/29/08,33387,35766,33387,34845,2184800,34845
10/28/08,29438,33387,29438,33387,2342000,33387
10/27/08,31480,31480,29435,29435,1696200,29435
10/24/08,33809,33809,30788,31482,2251800,31482
10/23/08,35069,35777,32706,33818,1962800,33818
10/22/08,39043,39043,35028,35070,1647800,35070
10/21/08,39440,39980,38083,39043,1533600,39043
10/20/08,36401,39453,36401,39441,1549600,39441
10/17/08,36440,38342,35834,36399,1849400,36399
10/16/08,36835,37394,33752,36442,2284000,36442
10/15/08,41567,41567,35411,36833,2147000,36833
10/14/08,40833,43753,40218,41569,2264400,41569
10/13/08,35609,40829,35609,40829,1974000,40829
10/10/08,37079,37079,33238,35610,2444600,35610
10/9/08,38594,40479,36832,37080,2180800,37080
10/8/08,40137,40439,37597,38594,2832800,38594
10/7/08,42104,43167,39583,40140,1969600,40140
10/6/08,44502,44502,37617,42101,2075600,42101
10/3/08,46155,48075,44158,44517,1577200,44517
10/2/08,49805,49805,45113,46145,1684200,46145
10/1/08,49538,49834,47641,49799,1498000,49799
9/30/08,46026,49541,46026,49541,1557000,49541
9/29/08,50743,50743,43766,46028,1881800,46028
9/26/08,51824,51824,49902,50783,1989400,50783
9/25/08,49848,51867,49848,51828,1401400,51828
9/24/08,49598,50747,49598,49843,1203000,49843
9/23/08,51537,51856,49289,49593,1648800,49593
9/22/08,53055,53455,51530,51541,1450200,51541
9/19/08,48424,53168,48424,53055,2103800,53055
9/18/08,45909,49002,45295,48423,2332600,48423
9/17/08,49218,49218,45859,45909,2322200,45909
9/16/08,48404,49313,46261,49229,2046400,49229
9/15/08,52386,52386,48409,48416,1589800,48416
9/12/08,51267,52591,50789,52393,1393800,52393
9/11/08,49629,51270,48217,51270,1556200,51270
9/10/08,48439,49957,47606,49633,1904800,49633
9/9/08,50711,50711,48419,48435,1481000,48435
9/8/08,51940,53706,50646,50718,1466000,50718
9/5/08,51404,51940,50092,51940,1441600,51940
9/4/08,53527,53749,51157,51409,1542200,51409
9/3/08,54414,55241,52891,53527,1439800,53527
9/2/08,55161,55412,54207,54404,1163200,54404
9/1/08,55665,55665,54933,55162,520000,55162
8/29/08,56388,56856,55678,55680,1102400,55680
8/28/08,55516,56524,55516,56382,1062400,56382
8/27/08,54366,55591,54366,55519,881600,55519
8/26/08,54477,55088,54153,54359,836200,54359
8/25/08,55854,55906,54468,54477,653400,54477
8/22/08,55933,56430,55202,55850,823400,55850
8/21/08,55380,56144,55380,55935,1113200,55935
8/20/08,53641,55545,53641,55377,1149400,55377
8/19/08,53326,54329,52345,53639,1006600,53639
8/18/08,54252,54928,53050,53327,847000,53327
8/15/08,55137,55307,53831,54244,945800,54244
8/14/08,54573,55725,54573,55138,1065600,55138
8/13/08,54509,55492,54035,54573,1922800,54573
8/12/08,54721,55355,54325,54503,1226200,54503
8/11/08,56590,56974,54569,54720,1208600,54720
8/8/08,57018,57146,56152,56584,1054200,56584
8/7/08,57546,57942,56960,57018,1116400,57018
8/6/08,56473,57813,56473,57542,1266800,57542
8/5/08,55609,56974,55609,56471,1402400,56471
8/4/08,57619,57641,55367,55609,1148000,55609
8/1/08,59505,59505,57492,57630,999400,57630
7/31/08,59998,60023,59225,59505,1277200,59505
7/30/08,58069,59998,58069,59998,1527800,59998
7/29/08,56869,58043,56869,58043,1118200,58043
7/28/08,57207,58176,56839,56869,887600,56869
7/25/08,57420,57711,56418,57199,1183400,57199
7/24/08,59425,59641,57334,57434,1776800,57434
7/23/08,59646,60242,59313,59421,1422000,59421
7/22/08,60772,60780,59231,59647,1203800,59647
7/21/08,60002,61275,60002,60772,1230600,60772
7/18/08,60106,61299,59479,59988,1230600,59988
7/17/08,62063,62606,59985,60109,1893000,60109
7/16/08,61018,62183,60863,62056,1575600,62056
7/15/08,60715,61679,58790,61015,1473400,61015
7/14/08,60156,61306,60156,60721,970400,60721
7/11/08,60256,61053,59603,60148,1051000,60148
7/10/08,59528,60589,58338,60253,1487000,60253
7/8/08,59081,59536,57945,59536,1235600,59536
7/7/08,59372,60795,58731,59088,1078400,59088
7/4/08,59266,59779,58786,59365,642000,59365
7/3/08,61094,61601,59243,59273,1207600,59273
7/2/08,63397,63945,61028,61106,1309000,61106
7/1/08,65018,65018,62911,63396,1261800,63396
6/30/08,64326,65353,64326,65018,970400,65018
6/27/08,63951,64624,63881,64321,1100000,64321
6/26/08,65804,65804,63689,63947,1265000,63947
6/25/08,64173,66308,64173,65853,1351400,65853
6/24/08,64636,65084,63713,64168,1128800,64168
6/23/08,64622,65401,64440,64640,858600,64640
6/20/08,66584,66611,64602,64614,1141400,64614
6/19/08,67090,67339,66182,66590,1172000,66590
6/18/08,68431,68431,66917,67090,1361400,67090
6/17/08,67284,69029,67284,68438,1200200,68438
6/16/08,67206,67618,66430,67285,1043400,67285
6/13/08,67326,67885,66907,67204,917400,67204
6/12/08,66798,67958,66798,67322,1142800,67322
6/11/08,67775,68061,66715,66795,1254200,66795
6/10/08,69275,69275,67067,67775,1256000,67775
6/9/08,69786,69990,68534,69281,1035000,69281
6/6/08,71208,71211,69515,69786,1199800,69786
6/5/08,68674,71235,68674,71235,1219200,71235
6/4/08,70012,70012,68465,68673,1438400,68673
6/3/08,71897,72019,69602,70012,1301200,70012
6/2/08,72593,72593,71352,71897,1171000,71897
5/30/08,71798,72862,71766,72593,1770400,72593
5/29/08,73154,73920,71695,71798,1542600,71798
5/28/08,70995,73180,70734,73153,1455000,73153
5/27/08,71629,71659,70335,70992,1409600,70992
5/26/08,71452,71988,71423,71629,503200,71629
5/23/08,72295,72295,70774,71452,1094000,71452
5/21/08,73508,73780,72150,72295,1465000,72295
5/20/08,73445,73522,72146,73517,1256200,73517
5/19/08,72767,73794,72458,73439,1494600,73439
5/16/08,71496,72767,71496,72767,1348800,72767
5/15/08,70031,71492,70031,71492,1144400,71492
5/14/08,70495,70966,70027,70027,1200000,70027
5/13/08,70422,71084,70108,70503,1207600,70503
5/12/08,69646,70420,69068,70416,966600,70416
5/9/08,69722,69722,68764,69646,841200,69646
5/8/08,69021,69877,69014,69722,975000,69722
5/7/08,70201,70545,68599,69018,1342600,69018
5/6/08,70175,70215,69561,70195,1518000,70195
5/5/08,69366,70435,69366,70175,1347400,70175
5/2/08,67869,70973,67865,69366,1981800,69366
4/30/08,63826,68038,63826,67868,2112800,67868
4/29/08,65678,65678,63706,63826,1113600,63826
4/28/08,65191,66025,65191,65678,1183000,65678
4/25/08,64576,65253,64172,65187,1111000,65187
4/24/08,64946,65086,64223,64576,971600,64576
4/23/08,65413,65689,64914,64948,862800,64948
4/22/08,64922,65689,64922,65413,965800,65413
4/21/08,64554,65384,64554,64923,965800,64923
4/18/08,64554,65384,64554,64923,856800,64923
4/17/08,64150,64945,63599,64552,908400,64552
4/16/08,62625,64314,62625,64152,1237800,64152
4/15/08,62151,62825,62151,62618,841600,62618
4/14/08,62592,62733,61467,62153,926600,62153
4/11/08,63526,63526,62459,62585,696800,62585
4/10/08,63475,63646,62712,63527,909400,63527
4/9/08,64540,64621,63167,63477,863400,63477
4/8/08,64180,64833,63453,64540,878000,64540
4/7/08,64447,65409,63919,64176,909400,64176
4/4/08,64177,64630,63906,64446,812800,64446
4/3/08,63367,64731,62793,64175,1039400,64175
4/2/08,62775,63816,62775,63364,1076800,63364
4/1/08,60965,62788,60965,62775,1205600,62775
3/31/08,60449,60982,59917,60968,2168400,60968
3/28/08,60762,61062,60192,60452,1673400,60452
3/27/08,61418,62200,60679,60762,1639200,60762
3/26/08,61234,61849,60759,61415,2351000,61415
3/25/08,59820,61616,59820,61234,2523800,61234
3/24/08,58994,61083,58994,59813,2289000,59813
3/20/08,58818,59170,57824,58987,2717800,58987
3/19/08,61936,62372,58805,58827,2229400,58827
3/18/08,60040,61933,60040,61933,3084800,61933
3/17/08,61987,61987,59342,60012,2131800,60012
3/14/08,62280,63028,60710,61991,2813200,61991
3/13/08,62175,62413,60168,62280,3854200,62280
3/12/08,62378,63036,62022,62177,2316400,62177
3/11/08,60006,62368,60006,62368,3223600,62368
3/10/08,61869,61923,59996,59999,1901000,59999
3/7/08,62973,62973,61382,61868,2489000,61868
3/6/08,64631,64676,62975,62975,2246000,62975
3/5/08,63653,65045,63653,64629,2322800,64629
3/4/08,64486,64530,62745,63656,2141800,63656
3/3/08,63496,64644,63159,64490,2267000,64490
2/29/08,65553,65553,63482,63489,2817000,63489
2/28/08,65495,66005,65248,65555,3693000,65555
2/27/08,65178,65968,64647,65495,4842600,65495
2/26/08,64994,65399,63983,65183,3564000,65183
2/25/08,64605,65013,64060,65001,2370400,65001
2/22/08,63780,64609,63360,64609,2075800,64609
2/21/08,63748,64631,63620,63792,2422600,63792
2/20/08,62292,63780,61634,63747,2756400,63747
2/19/08,62801,63590,62180,62297,2089200,62297
2/15/08,61803,61803,60717,61272,2353000,61272
2/14/08,62595,63224,61737,61819,2359200,61819
2/13/08,61802,63002,61802,62591,4423000,62591
2/12/08,60645,62828,60645,61805,13473600,61805
2/11/08,59081,60805,59081,60643,2569600,60643
2/8/08,58967,59520,58843,59076,2023200,59076
2/7/08,58965,59581,58030,58965,3993400,58965
2/6/08,61076,61076,58742,58969,3993400,58969
2/1/08,59491,61187,59491,61080,3601800,61080
1/31/08,60288,60288,57886,59490,6158800,59490
1/30/08,59522,60289,58752,60289,4314400,60289
1/29/08,58597,59715,58597,59530,3441800,59530
1/28/08,57457,58721,56360,58594,3928600,58594
1/24/08,54242,57675,54242,57463,3801800,57463
1/23/08,56098,56098,53011,54235,3719400,54235
1/22/08,53705,56541,53610,56097,3650200,56097
1/21/08,57503,57503,53487,53709,3566400,53709
1/18/08,57039,58291,56241,57506,5810600,57506
1/17/08,58773,59643,56734,57037,3594000,57037
1/16/08,59906,59906,58077,58777,3455400,58777
1/15/08,62180,62180,59897,59907,4080800,59907
1/14/08,61950,62536,61643,62188,2829000,62188
1/11/08,63514,63514,61942,61942,2920600,61942
1/10/08,62677,63615,62594,63515,3227000,63515
1/9/08,62078,62674,61487,62674,3480400,62674
1/8/08,60771,62650,60771,62081,3314000,62081
1/7/08,61054,61505,60092,60772,2223400,60772
1/4/08,62898,63436,60574,61037,2613800,61037
1/3/08,62814,63129,62556,62892,1895800,62892
1/2/08,63885,63906,62659,62815,2980200,62815
12/28/07,63776,64124,63598,63886,2588600,63886
12/27/07,64287,64584,63590,63774,2043800,63774
12/26/07,63101,64304,63101,64288,1820200,64288
12/21/07,61725,63398,61725,63098,2453000,63098
12/20/07,61724,62467,61416,61716,4797200,61716
12/19/07,61108,61734,60915,61722,4767200,61722
12/18/07,59832,61421,59414,61096,3616600,61096
12/17/07,62445,62445,59820,59828,2242400,59828
12/14/07,62868,63455,62445,62445,3054000,62445
12/13/07,64735,64735,62466,62861,2936800,62861
12/12/07,64512,66171,64502,64742,2936800,64742
12/11/07,65448,66451,64127,64512,4639800,64512
12/10/07,65642,65874,65228,65446,3680000,65446
12/7/07,65789,66529,65278,65639,2289000,65639
12/6/07,64929,65791,64692,65791,3108800,65791
12/5/07,63483,65204,63483,64928,3108800,64928
12/4/07,63203,63722,62373,63482,3108800,63482
12/3/07,63018,63682,62729,63200,3108800,63200
11/30/07,62157,63701,62157,63006,4849000,63006
11/29/07,61720,63190,61465,62156,5978200,62156
11/28/07,59432,61858,59432,61715,6116600,61715
11/27/07,59067,59971,58096,59432,6147400,59432
11/26/07,60973,61560,59067,59069,6195600,59069
11/23/07,60662,61334,60662,60971,8923600,60971
11/22/07,60582,61102,60124,60653,2223600,60653
11/21/07,62335,62335,59847,60582,6540600,60582
11/19/07,64609,64609,62321,62336,3819200,62336
11/16/07,64634,64802,63627,64609,4450600,64609
11/14/07,62919,64896,62919,64631,10894400,64631
11/13/07,61526,62933,61034,62927,5980600,62927
11/12/07,64321,64321,61452,61527,5393400,61527
11/9/07,63571,65281,62279,64321,6871000,64321
11/8/07,63503,65283,63140,63562,7195800,63562
11/7/07,64503,64603,63223,63501,112200,63501
11/6/07,62967,64524,62967,64503,4556000,64503
11/5/07,64049,64049,62720,62960,9279400,62960
11/1/07,65317,65317,63774,64050,6187200,64050
10/31/07,64385,65949,64385,65318,4318400,65318
10/30/07,65044,65147,64264,64383,7817400,64383
10/29/07,64275,65670,64275,65044,7741000,65044
10/26/07,62346,64320,62346,64276,6239600,64276
10/25/07,62628,63206,61968,62341,6487200,62341
10/24/07,62693,62816,61448,62625,7745200,62625
10/23/07,61214,62773,61214,62697,7591000,62697
10/22/07,60884,61379,59473,61215,4185400,61215
10/19/07,63270,63349,60883,60894,5454000,60894
10/18/07,63192,63322,61943,63261,4539800,63261
10/17/07,61720,63194,61460,63194,7642000,63194
10/16/07,62965,62965,61565,61718,4902600,61718
10/15/07,62456,63841,62412,62969,4598800,62969
10/11/07,63197,64169,61487,62456,5273600,62456
10/10/07,63550,63565,62894,63197,4719800,63197
10/9/07,62661,63658,62661,63549,7505800,63549
10/8/07,62319,62725,61841,62661,4076200,62661
10/5/07,60408,62704,60408,62319,9083000,62319
10/4/07,60102,61080,59536,60407,8710600,60407
10/3/07,62021,62021,60094,60099,6852200,60099
10/2/07,62341,62356,61241,62017,6097200,62017
10/1/07,60465,62355,60465,62340,15394000,62340
9/28/07,61054,61054,60086,60465,5429200,60465
9/27/07,59713,61052,59713,61052,6392800,61052
9/26/07,58859,59825,58859,59715,6099200,59715
9/25/07,58717,58862,57969,58858,3464800,58858
9/24/07,57799,58719,57799,58719,5824600,58719
9/21/07,56919,57899,56919,57799,7360400,57799
9/20/07,57263,57609,56607,56906,4655000,56906
9/19/07,56675,58079,56675,57264,7791400,57264
9/18/07,54351,56844,54351,56666,7547200,56666
9/17/07,54671,54733,53691,54341,4175800,54341
9/14/07,54909,55465,54378,54671,5843200,54671
9/13/07,53883,55087,53883,54908,3627600,54908
9/12/07,53922,54622,53718,53883,5599000,53883
9/11/07,52660,53954,52660,53921,4894200,53921
9/10/07,54554,54554,52321,52653,4085000,52653
9/6/07,54413,55094,54413,54569,5897800,54569
9/5/07,55243,55243,54156,54408,2828400,54408
9/4/07,54834,55566,54588,55250,9577600,55250
9/3/07,54641,54998,54519,54833,5239000,54833
8/31/07,52874,54715,52874,54637,46496600,54637
8/30/07,52728,53645,52223,52858,28670400,52858
8/29/07,51648,52810,51647,52735,20048400,52735
8/28/07,53072,53072,51390,51645,20718200,51645
8/27/07,52995,53396,52502,53078,23481800,53078
8/24/07,51845,52998,51390,52998,48704200,52998
8/23/07,51745,52351,51082,51848,18680600,51848
8/22/07,49815,51749,49815,51745,26165200,51745
8/21/07,49208,50064,48739,49815,25605200,49815
8/20/07,48561,49574,48561,49206,40150000,49206
8/17/07,48026,49588,46877,48559,69136800,48559
8/16/07,49281,49281,44938,48016,94943000,48016
8/15/07,50912,51286,49106,49285,108086200,49285
8/14/07,52434,52945,50912,50912,49403000,50912
8/13/07,52647,53670,52202,52434,48389000,52434
8/10/07,53431,53431,51682,52638,58812200,52638
8/9/07,55213,55213,53324,53431,50735200,53431
8/8/07,53804,55616,53804,55241,64404600,55241
8/7/07,53092,54113,52746,53802,37271000,53802
8/6/07,52846,53207,51317,53091,81613200,53091
8/3/07,54697,54725,52575,52846,83125000,52846
8/2/07,54245,54959,54202,54691,46542600,54691
8/1/07,54170,54234,53036,54234,60579400,54234
7/31/07,54602,55662,54169,54183,60286200,54183
7/30/07,52925,54790,52925,54573,46189400,54573
7/27/07,53893,54407,52922,52922,64166800,52922
7/26/07,55998,55998,52627,53893,80241800,53893
7/25/07,55797,56409,54520,56001,79978200,56001
7/24/07,58036,58057,55165,55795,61823000,55795
7/23/07,57443,58070,57443,58037,40731200,58037
7/20/07,58125,58125,57103,57443,36497000,57443
7/19/07,57556,58293,57556,58125,36497000,58125
7/18/07,57660,57660,56903,57556,36497000,57556
7/17/07,57376,57799,57307,57660,3649700,57660
7/16/07,57644,57666,57035,57374,51594200,57374
7/13/07,57613,57983,57327,57644,49967000,57644
7/12/07,56380,57676,56378,57613,43539800,57613
7/11/07,55882,56495,55628,56356,42577400,56356
7/10/07,56444,56544,55678,55883,50772400,55883
7/6/07,55932,56444,55932,56444,39105400,56444
7/5/07,55696,55932,55345,55932,54025000,55932
7/4/07,55698,56000,55598,55696,23831400,55696
7/3/07,55371,55783,55259,55700,33761000,55700
7/2/07,54396,55386,54396,55371,67223800,55371
6/29/07,54150,54783,53958,54392,85396000,54392
6/28/07,54154,54648,54147,54147,89190200,54147
6/27/07,53852,54164,53202,54143,86424600,54143
6/26/07,54045,54413,53842,53852,68430600,53852
6/25/07,54270,54605,53605,54042,84710200,54042
6/22/07,54644,54644,53952,54267,94636800,54267
6/21/07,54030,54844,53911,54657,103576000,54657
6/20/07,54644,55003,54029,54029,120526300,54029
6/19/07,54730,54797,54450,54644,99302200,54644
6/18/07,54519,55000,54355,54730,115684800,54730
6/15/07,53723,54726,53723,54519,123495800,54519
6/14/07,53011,53798,53009,53713,97862600,53713
6/13/07,51799,53226,51799,52994,175650400,52994
6/12/07,52776,52776,51643,51797,75774200,51797
6/11/07,52324,52952,52184,52777,81569800,52777
6/8/07,52045,52500,50885,52330,84325800,52330
6/6/07,53162,53162,51869,52049,92944800,52049
6/5/07,53245,53271,52673,53162,89869200,53162
6/4/07,53423,53423,52651,53243,90055800,53243
6/1/07,52271,53423,52271,53423,148685200,53423
5/31/07,52536,52877,52098,52268,125166600,52268
5/30/07,51706,52595,50607,52528,140483000,52528
5/29/07,52121,52545,51271,51713,158100700,51713
5/28/07,51616,52209,51616,52120,58686200,52120
5/25/07,50541,51633,50541,51618,93920400,51618
5/24/07,51813,51891,50214,50531,104114900,50531
5/23/07,52210,52505,51670,51813,177385300,51813
5/22/07,52424,52561,52039,52208,54601200,52208
5/21/07,52078,52691,52078,52423,128956500,52423
5/18/07,51633,52088,51499,52078,103165200,52078
5/17/07,51741,51959,51374,51631,100343900,51631
5/16/07,50518,51738,50518,51738,154949100,51738
5/15/07,50511,51042,50370,50518,88112800,50518
5/14/07,50910,51066,50298,50511,82391800,50511
5/11/07,50235,51083,50235,50902,146071500,50902
5/10/07,51298,51298,50205,50235,183381300,50235
5/9/07,50277,51369,50149,51300,129546400,51300
5/8/07,50276,50369,49526,50278,58598200,50278
5/7/07,50591,50618,50154,50282,30581600,50282
5/4/07,50218,50898,50218,50598,48752600,50598
5/3/07,49472,50318,49472,50218,61496600,50218
5/2/07,48955,49630,48953,49472,82439200,49472
4/30/07,49222,49482,48744,48956,155714300,48956
4/27/07,49067,49232,48311,49230,97450000,49230
4/26/07,49678,49856,49060,49068,130519800,49068
4/25/07,49072,49816,49072,49676,139457700,49676
4/24/07,49162,49259,48602,49071,85154000,49071
4/23/07,49409,49477,49097,49162,84795800,49162
4/20/07,48763,49459,48763,49408,155979900,49408
4/19/07,48705,48837,47917,48762,168338300,48762
4/18/07,48760,49339,48456,48710,190930900,48710
4/17/07,48923,49156,48631,48755,140107200,48755
4/16/07,47925,49022,47925,48921,155061700,48921
4/13/07,47347,47968,47267,47926,122908200,47926
4/12/07,46941,47389,46506,47347,117205600,47347
4/11/07,47173,47573,46680,46939,169053700,46939
4/10/07,46855,47234,46822,47174,165433200,47174
4/9/07,46650,47239,46650,46855,124565500,46855
4/5/07,46555,46767,46418,46647,113833700,46647
4/4/07,46290,46692,46113,46554,121560000,46554
4/3/07,45601,46481,45601,46288,208963000,46288
4/2/07,45805,45805,45225,45597,141629100,45597
3/30/07,45355,45805,45138,45805,124972500,45805
3/29/07,44493,45570,44493,45355,134403900,45355
3/28/07,45204,45204,44315,44484,132180500,44484
3/27/07,45646,45646,45143,45207,95099400,45207
3/26/07,45533,45712,44965,45645,78423800,45645
3/23/07,45425,45759,45168,45533,82313000,45533
3/22/07,45631,45950,45272,45424,139703500,45424
3/21/07,44350,45631,44350,45631,201404600,45631
3/20/07,43713,44353,43679,44351,165675100,44351
3/19/07,42734,43714,42734,43713,142704400,43713
3/16/07,43278,43568,42598,42730,112346700,42730
3/15/07,43289,43573,42951,43278,136954300,43278
3/14/07,42749,43290,42051,43288,160333800,43288
3/13/07,44249,44249,42724,42749,159221400,42749
3/12/07,44133,44406,43845,44249,116185400,44249
3/9/07,43466,44173,43466,44133,129008600,44133
3/8/07,42672,43726,42672,43466,85353800,43466
3/7/07,43224,43396,42660,42667,128354000,42667
3/6/07,41192,43218,41192,43218,119195300,43218
3/5/07,42370,42370,41117,41179,123682700,41179
3/2/07,43518,43518,42297,42370,199570400,42370
3/1/07,43886,43886,42037,43517,131228800,43517
2/28/07,43150,43923,43122,43892,176098100,43892
2/27/07,46190,46190,42571,43145,189354000,43145
2/26/07,46021,46450,45885,46207,94900800,46207
2/23/07,46452,46517,45813,46016,76534200,46016
2/22/07,46097,46752,46097,46452,121582000,46452
2/21/07,45849,46095,45558,46090,73069000,46090
2/16/07,45955,45966,45614,45849,107391100,45849
2/15/07,45996,46178,45734,45955,140012600,45955
2/14/07,45198,46106,45198,45996,232265300,45996
2/13/07,43932,45197,43932,45197,116712300,45197
2/12/07,44286,44464,43850,43935,94842200,43935
2/9/07,44894,45050,44180,44284,133298700,44284
2/8/07,44585,44892,44070,44892,124663400,44892
2/7/07,45352,45425,44488,44588,114293700,44588
2/6/07,45287,45486,45038,45352,109404000,45352
2/5/07,44999,45286,44851,45286,79481200,45286
2/2/07,44815,45204,44597,44998,106514300,44998
2/1/07,44642,45212,44642,44815,120498200,44815
1/31/07,44046,44643,43824,44642,131510700,44642
1/30/07,43573,44065,43508,44044,110700200,44044
1/29/07,44414,44435,43555,43573,95144400,43573
1/26/07,44687,44687,43870,44412,102456700,44412
1/24/07,44177,44808,44041,44687,114652200,44687
1/23/07,43549,44243,43432,44177,109921200,44177
1/22/07,43431,43879,43183,43553,70802000,43553
1/19/07,42477,43428,42477,43428,70802000,43428
1/18/07,42741,43402,42407,42478,97203200,42478
1/17/07,42626,42930,42252,42735,73003000,42735
1/16/07,42916,42916,42415,42624,93088400,42624
1/15/07,43095,43473,42875,42919,45027800,42919
1/12/07,42669,43188,42526,43095,96842400,43095
1/11/07,42336,43128,41940,42670,84165800,42670
1/10/07,42001,42336,41266,42336,110755900,42336
1/9/07,42831,43001,41438,42007,112991900,42007
1/8/07,42249,42926,42144,42830,114007100,42830
1/5/07,44019,44081,42160,42245,164055000,42245
1/4/07,44442,44442,43623,44020,86577000,44020
1/3/07,45379,45379,44284,44445,122372800,44445
1/2/07,44476,45388,44476,45383,75560200,45383
