1/2/07,5575.76,5621.65,5575.63,5617.71,85910000,5617.71
1/3/07,5621,5623.67,5596.82,5610.92,118580700,5610.92
1/4/07,5573.73,5585.54,5547.17,5574.56,130465700,5574.56
1/5/07,5552.64,5566.24,5517.35,5517.35,126420500,5517.35
1/8/07,5532.57,5555.67,5509.06,5518.59,115053800,5518.59
1/9/07,5549.01,5563.48,5532.62,5533.03,151688200,5533.03
1/10/07,5505.36,5524.11,5473.47,5501.95,134474700,5501.95
1/11/07,5523.72,5609.8,5515.6,5609.8,157830500,5609.8
1/12/07,5597.02,5619.93,5589.03,5617.62,129982000,5617.62
1/15/07,5641.37,5649.76,5623.35,5631.08,96391200,5631.08
1/16/07,5637.27,5645.2,5588.77,5591.54,119572400,5591.54
1/17/07,5592.31,5602.68,5538.48,5561.78,117555700,5561.78
1/18/07,5584.75,5609.34,5539.82,5555.04,153034400,5555.04
1/19/07,5554.5,5623.4,5529.44,5614.7,161119200,5614.7
1/22/07,5630.41,5639.7,5576.56,5579.78,127162700,5579.78
1/23/07,5582.99,5592.82,5539.76,5575.07,240186200,5575.07
1/24/07,5595.96,5646.14,5593.36,5638.08,149718200,5638.08
1/25/07,5649.01,5658.08,5590.65,5609.2,131019000,5609.2
1/26/07,5577.31,5611.84,5547.68,5582.3,136073800,5582.3
1/29/07,5592.73,5630.33,5582.43,5619.7,105438200,5619.7
1/30/07,5610.89,5653.88,5603.23,5645.59,104085700,5645.59
1/31/07,5637.77,5653.76,5601.17,5608.31,116580400,5608.31
2/1/07,5664.09,5689.44,5657.23,5662.25,132583400,5662.25
2/2/07,5680.13,5693.47,5666.77,5677.3,119787900,5677.3
2/5/07,5671.23,5691.83,5659.36,5681.11,103841700,5681.11
2/6/07,5680.12,5699.27,5670.48,5676.78,100431900,5676.78
2/7/07,5687.27,5710.57,5681.89,5703,122518400,5703
2/8/07,5705.16,5711.04,5652.48,5665.1,119012600,5665.1
2/9/07,5699.18,5710.31,5688.94,5692.45,123393300,5692.45
2/12/07,5670.73,5670.73,5625.17,5643.95,102407200,5643.95
2/13/07,5656.48,5682.69,5651.27,5682.69,115131700,5682.69
2/14/07,5700.4,5725.84,5693.36,5725.84,125880400,5725.84
2/15/07,5724.54,5729.16,5703.67,5720.88,140234300,5720.88
2/16/07,5716.43,5728.36,5703.64,5713.59,109439300,5713.59
2/19/07,5723.05,5758.33,5717.37,5739.9,84568200,5739.9
2/20/07,5739.27,5744.78,5678.38,5713.45,101759500,5713.45
2/21/07,5732.8,5736.24,5677.59,5694.56,110464500,5694.56
2/22/07,5723.15,5737.36,5700.78,5707.86,113583300,5707.86
2/23/07,5723.79,5727.6,5688.83,5716.38,134365000,5716.38
2/26/07,5732.28,5771.69,5728.07,5762.54,104397000,5762.54
2/27/07,5719.04,5719.45,5581.06,5588.39,208229600,5588.39
2/28/07,5475.89,5556.85,5458.65,5516.32,248669100,5516.32
3/1/07,5502.09,5555.37,5355.75,5458.4,285963100,5458.4
3/2/07,5480.27,5499.22,5391.1,5424.7,182954000,5424.7
3/5/07,5325.14,5404.14,5303.29,5385.03,188472900,5385.03
3/6/07,5431.15,5443.95,5399.12,5437.13,165844200,5437.13
3/7/07,5458.3,5469.01,5430.7,5455.07,146583800,5455.07
3/8/07,5493.7,5529.31,5481.55,5524.26,146668500,5524.26
3/9/07,5515.92,5549.3,5473.32,5537.84,137914100,5537.84
3/12/07,5553.82,5565.42,5478.52,5496.07,121047700,5496.07
3/13/07,5498.58,5508.56,5432.51,5432.94,129619800,5432.94
3/14/07,5346.74,5366.71,5295.58,5296.22,214300300,5296.22
3/15/07,5376.36,5389.85,5320.37,5389.85,157388900,5389.85
3/16/07,5380.13,5420.62,5346.73,5382.16,191552000,5382.16
3/19/07,5435.37,5459.4,5411.54,5458.95,68657400,5458.95
3/20/07,5459.67,5504.84,5426.43,5503.27,140060100,5503.27
3/21/07,5499.05,5518.12,5490.58,5502.18,125262700,5502.18
3/22/07,5577.72,5610.43,5560.5,5598.37,170424700,5598.37
3/23/07,5589.8,5642.19,5576.82,5634.75,132817900,5634.75
3/26/07,5638.48,5638.63,5546.28,5576.3,155438900,5576.3
3/27/07,5609.66,5617.97,5572.01,5587.06,116854900,5587.06
3/28/07,5563.5,5574.91,5530.79,5552.69,128851600,5552.69
3/29/07,5579.99,5633.42,5578.84,5631.53,102912200,5631.53
3/30/07,5630.17,5674.26,5609.02,5634.16,106559100,5634.16
4/2/07,5623.4,5648.18,5609.28,5645.56,116783000,5645.56
4/3/07,5681.65,5713.53,5669.28,5711.91,117590800,5711.91
4/4/07,5730.28,5739.01,5707.39,5739.01,122864200,5739.01
4/5/07,5731.7,5751.33,5721,5741.38,79691800,5741.38
4/10/07,5750.47,5774.97,5725.93,5766.27,108048000,5766.27
4/11/07,5757.94,5798.21,5741.27,5751.92,107745000,5751.92
4/12/07,5744.42,5759.27,5701.35,5748.94,113848800,5748.94
4/13/07,5762.06,5794.62,5748.74,5789.34,92576400,5789.34
4/16/07,5815.36,5861.97,5806.52,5861.97,115781700,5861.97
4/17/07,5844.49,5871.86,5820.74,5858.14,115309500,5858.14
4/18/07,5849.2,5859.17,5813.46,5835.95,126860400,5835.95
4/19/07,5775.56,5834.25,5745.03,5829.04,159945600,5829.04
4/20/07,5856.5,5957.8,5855.26,5938.9,193738900,5938.9
4/23/07,5937.15,5958.47,5904.56,5917.32,113092800,5917.32
4/24/07,5911.65,5923.61,5860.69,5886.03,173394900,5886.03
4/25/07,5902.54,5962.39,5902.54,5947.33,140026000,5947.33
4/26/07,5979.96,5981.55,5930.91,5944.44,141436800,5944.44
4/27/07,5940.76,5950.99,5908.38,5930.77,112308900,5930.77
4/30/07,5913.03,5976.34,5913.03,5960.04,85311800,5960.04
5/2/07,5985.2,6001.17,5958.98,5990.13,135801500,5990.13
5/3/07,6018.59,6019.7,5969.71,6004.28,120110300,6004.28
5/4/07,6012.55,6075.58,5999.79,6068.83,138972600,6068.83
5/7/07,6079.86,6081.78,6058.92,6071.48,72714200,6071.48
5/8/07,6057.59,6064.2,6015.99,6034.25,105854600,6034.25
5/9/07,6070.18,6078.28,6020.69,6051.63,122942600,6051.63
5/10/07,6044.67,6058.1,6006.99,6012.76,131952500,6012.76
5/11/07,5956,6051.19,5927.51,6050.63,181268700,6050.63
5/14/07,6070.3,6070.3,6016.96,6026.42,103490000,6026.42
5/15/07,6001.75,6057.71,5987.49,6049.76,130952400,6049.76
5/16/07,6039.55,6053.02,6012.84,6017.91,127693700,6017.91
5/17/07,6044.15,6048.97,6010.76,6027,79766400,6027
5/18/07,6018.23,6111.72,6016.12,6101.14,158775400,6101.14
5/21/07,6091.59,6110.31,6062.33,6089.91,107917800,6089.91
5/22/07,6093.64,6106.98,6076.87,6089.72,122899200,6089.72
5/23/07,6093.61,6121.87,6093.32,6120.2,155669900,6120.2
5/24/07,6069.95,6110.36,6039.32,6048.31,137761900,6048.31
5/25/07,6019.68,6073.37,6011.49,6057.49,111888100,6057.49
5/28/07,6065.25,6073.99,6051.17,6071.47,17502800,6071.47
5/29/07,6079.67,6079.67,6044.51,6056.39,91777400,6056.39
5/30/07,6015.75,6046.11,5986.26,6042.15,117129000,6042.15
5/31/07,6086.86,6119.33,6066.98,6104,146410000,6104
6/1/07,6113.18,6168.15,6105.61,6168.15,131789900,6168.15
6/4/07,6157.33,6163.9,6112.29,6125.81,114559400,6125.81
6/5/07,6140.06,6142.37,6076.59,6078.54,127436500,6078.54
6/6/07,6072.64,6080.7,5971.42,5977.87,156474400,5977.87
6/7/07,5982.54,5999.81,5879.05,5890.49,194615600,5890.49
6/8/07,5876.65,5917.84,5837.14,5883.29,175318500,5883.29
6/11/07,5939.34,5948.02,5915.06,5940.09,121877900,5940.09
6/12/07,5928.81,5944.59,5882.44,5898.16,137340100,5898.16
6/13/07,5878.84,5951.12,5851.48,5934.27,141014900,5934.27
6/14/07,5974.59,6047.23,5971.06,6047.23,196892900,6047.23
6/15/07,6063.52,6122.31,6056.68,6105.28,251054700,6105.28
6/18/07,6117.52,6118.82,6065.08,6087.15,124120600,6087.15
6/19/07,6091.92,6106.89,6058.36,6071.67,139110700,6071.67
6/20/07,6095.26,6132.14,6090.27,6093.29,137234600,6093.29
6/21/07,6043.18,6063.4,5995.37,6029.79,162554200,6029.79
6/22/07,6040.51,6055.32,6009.1,6023.25,124716200,6023.25
6/25/07,5971.96,6010.3,5943.24,6002.85,157168700,6002.85
6/26/07,5962.65,5990.01,5939.23,5953.36,132548800,5953.36
6/27/07,5921.46,5948.12,5897.8,5941.67,138099900,5941.67
6/28/07,5995.87,6006.31,5976.23,6006.31,129960500,6006.31
6/29/07,6031.74,6054.93,5976.95,6054.93,131157800,6054.93
7/2/07,6021.1,6040.33,6011.38,6026.95,108777900,6026.95
7/3/07,6074.12,6083.99,6065.11,6069.84,134204700,6069.84
7/4/07,6080.86,6104.57,6079.54,6098.08,80621400,6098.08
7/5/07,6113.23,6115.09,6051.92,6059.53,110236500,6059.53
7/6/07,6061.2,6106.57,6059.6,6102.69,88998400,6102.69
7/9/07,6118.63,6133.12,6097.78,6104.66,115446000,6104.66
7/10/07,6104.13,6126.24,6000.9,6019.22,150816000,6019.22
7/11/07,5969.91,6010.25,5936.9,6001.09,151207700,6001.09
7/12/07,6026.89,6103.05,5989.44,6103.05,151206200,6103.05
7/13/07,6156.16,6156.16,6105.21,6117.96,116751000,6117.96
7/16/07,6131.74,6132.29,6101.55,6125.6,96159400,6125.6
7/17/07,6106.61,6114.42,6061.78,6099.21,106991700,6099.21
7/18/07,6040.65,6062.14,5995.97,5995.97,119895700,5995.97
7/19/07,6047.48,6080.48,6027.19,6065.5,109241700,6065.5
7/20/07,6050.45,6076.26,5952.22,5957.16,142083800,5957.16
7/23/07,5936.28,6009.16,5929.75,6009.16,99413800,6009.16
7/24/07,5991.84,6006.52,5897.94,5907.47,134478400,5907.47
7/25/07,5885.67,5907.71,5804.17,5837.11,170007800,5837.11
7/26/07,5864,5867.51,5675.05,5675.05,219990400,5675.05
7/27/07,5626.92,5721.83,5608.28,5643.96,210218300,5643.96
7/30/07,5649.05,5684.57,5612.36,5646.36,160849300,5646.36
7/31/07,5701.52,5754,5691.21,5751.08,246492500,5751.08
8/1/07,5622.11,5701.21,5561.87,5654.3,214697300,5654.3
8/2/07,5704.34,5720.17,5661.09,5682.07,189216300,5682.07
8/3/07,5704.56,5704.56,5583.83,5597.89,143402200,5597.89
8/6/07,5532.59,5573.22,5516.65,5532.99,160663200,5532.99
8/7/07,5610.63,5627.28,5579.19,5620.4,163785600,5620.4
8/8/07,5671.33,5766.56,5652.52,5749.29,208927200,5749.29
8/9/07,5742.05,5742.05,5562.94,5624.78,244034500,5624.78
8/10/07,5518.21,5558.94,5434.93,5448.63,252612500,5448.63
8/13/07,5512.93,5576.89,5495.22,5569.28,170010700,5569.28
8/14/07,5513.06,5574.37,5463.39,5478.66,141481400,5478.66
8/15/07,5407.99,5454.65,5378.41,5442.72,159309100,5442.72
8/16/07,5338.74,5344.17,5263.15,5265.47,246596900,5265.47
8/17/07,5256.86,5450.35,5217.7,5363.63,295264900,5363.63
8/20/07,5428.67,5447.61,5390.06,5399.38,131677500,5399.38
8/21/07,5413.03,5445.5,5345.08,5418.78,127963800,5418.78
8/22/07,5451.1,5531.86,5448.52,5518.17,137488700,5518.17
8/23/07,5575.98,5596.16,5523.33,5523.33,119966600,5523.33
8/24/07,5491.2,5578.88,5491.2,5569.38,91182400,5569.38
8/27/07,5598.73,5617.79,5584.84,5590.54,61551800,5590.54
8/28/07,5579.82,5579.82,5462.27,5474.17,116674700,5474.17
8/29/07,5441.52,5520.02,5425.9,5520.02,126622600,5520.02
8/30/07,5584.01,5605.98,5521.1,5592.53,156138700,5592.53
8/31/07,5634.07,5686.47,5618.85,5662.7,160503400,5662.7
9/3/07,5683.1,5683.1,5639.55,5651.27,95201400,5651.27
9/4/07,5636.15,5679.95,5602.89,5672.72,121855800,5672.72
9/5/07,5655.28,5666.89,5548.69,5551.55,156219500,5551.55
9/6/07,5585.54,5596.43,5503.12,5576.62,133227900,5576.62
9/7/07,5567.61,5595.63,5417.26,5430.1,174523100,5430.1
9/10/07,5432.08,5459.34,5378.04,5386.43,143979200,5386.43
9/11/07,5442.1,5491.8,5424.06,5478.94,131628900,5478.94
9/12/07,5480.98,5519.44,5462.56,5508.01,130093300,5508.01
9/13/07,5489.42,5574.62,5472.2,5565.97,248209100,5565.97
9/14/07,5540.36,5554.95,5487.27,5538.92,155751100,5538.92
9/17/07,5523.88,5523.88,5431.46,5439.37,161116400,5439.37
9/18/07,5418.95,5557.34,5417.01,5549.35,169412100,5549.35
9/19/07,5683.27,5744.74,5653.51,5730.82,237181300,5730.82
9/20/07,5686.08,5710.84,5670.52,5688.76,134824100,5688.76
9/21/07,5668.02,5724.99,5665.44,5700.65,237954700,5700.65
9/24/07,5686.47,5711.8,5673.07,5692.49,132204600,5692.49
9/25/07,5663.18,5673.96,5608.69,5641.59,149869900,5641.59
9/26/07,5659.45,5715.31,5659.45,5690.77,131948500,5690.77
9/27/07,5740.8,5752.89,5717.49,5733.37,153318300,5733.37
9/28/07,5728.95,5734.12,5679.03,5715.69,172277900,5715.69
10/1/07,5670.79,5780.79,5660.76,5773.26,137687000,5773.26
10/2/07,5811.26,5823.5,5793.19,5799.27,166284800,5799.27
10/3/07,5798.24,5809.5,5779.45,5806.18,130892500,5806.18
10/4/07,5783.3,5825.94,5776.18,5804.39,136975500,5804.39
10/5/07,5810.81,5854.81,5793.68,5843.24,126537800,5843.24
10/8/07,5852.32,5852.32,5824.07,5829.4,84122800,5829.4
10/9/07,5819.83,5863.95,5805.67,5861.93,117387900,5861.93
10/10/07,5863.88,5874.96,5808.48,5838.49,127046100,5838.49
10/11/07,5835.78,5882.07,5835.78,5862.83,155520900,5862.83
10/12/07,5816.67,5843.95,5779.04,5843.95,157555900,5843.95
10/15/07,5842.88,5867.95,5795.67,5807.44,122481700,5807.44
10/16/07,5779.83,5789.67,5739.86,5774.36,172181400,5774.36
10/17/07,5776.27,5843.76,5759.98,5818.8,147967700,5818.8
10/18/07,5830.48,5838.97,5740.81,5767.24,138029400,5767.24
10/19/07,5751.54,5780.5,5728.36,5740.48,128502700,5740.48
10/22/07,5635.7,5669.16,5630.8,5661.27,139502300,5661.27
10/23/07,5694.33,5728.85,5686.22,5705.05,121140900,5705.05
10/24/07,5711.74,5733.87,5654.1,5674.67,142251500,5674.67
10/25/07,5722.09,5767.11,5710.05,5760.3,184943300,5760.3
10/26/07,5776.26,5805.03,5744.93,5794.87,147499000,5794.87
10/29/07,5845.85,5850.81,5822.44,5836.19,119083700,5836.19
10/30/07,5821.2,5822.99,5795.18,5803.93,122441800,5803.93
10/31/07,5804.44,5847.95,5793.84,5847.95,139520000,5847.95
11/1/07,5851.76,5855.35,5704.81,5730.92,154078400,5730.92
11/2/07,5684.91,5726.12,5668.67,5720.42,157015700,5720.42
11/5/07,5676.76,5697.71,5660.14,5684.62,125527600,5684.62
11/6/07,5702.39,5728.7,5683.98,5709.42,132163400,5709.42
11/7/07,5737.63,5759.53,5646.12,5683.22,176244800,5683.22
11/8/07,5602.34,5675.03,5589.5,5631.63,194051800,5631.63
11/9/07,5641.23,5661.41,5493.6,5524.18,202344000,5524.18
11/12/07,5488.98,5540.34,5483.71,5535.56,150002200,5535.56
11/13/07,5508.51,5554.12,5486.29,5538.91,142500900,5538.91
11/14/07,5625.56,5638.82,5591.04,5613.6,166900700,5613.6
11/15/07,5598.13,5610.98,5526.27,5561.13,153113300,5561.13
11/16/07,5519.05,5551.82,5497.09,5523.63,166546800,5523.63
11/19/07,5519.97,5564.65,5428.96,5432.57,177463800,5432.57
11/20/07,5460.35,5516.66,5412.93,5506.68,193344500,5506.68
11/21/07,5428.22,5442.55,5358.76,5381.3,201349000,5381.3
11/22/07,5402.79,5433.46,5364.25,5416.1,138869100,5416.1
11/23/07,5406.46,5529.8,5406.46,5521.17,144272600,5521.17
11/26/07,5558.06,5568.01,5450.37,5458.39,128387400,5458.39
11/27/07,5421.71,5467.43,5383.67,5434.17,161738000,5434.17
11/28/07,5461.92,5578.08,5406.99,5561.21,180089000,5561.21
11/29/07,5596.69,5615,5550,5598.11,137166100,5598.11
11/30/07,5602.58,5685.53,5597.22,5670.57,180490500,5670.57
12/3/07,5654.1,5680.48,5620.19,5629.46,135402100,5629.46
12/4/07,5619.63,5621.87,5538.32,5547.21,154046600,5547.21
12/5/07,5585.73,5663.22,5577.27,5659.07,130749300,5659.07
12/6/07,5681.71,5724.51,5627.68,5673.76,142319700,5673.76
12/7/07,5700.46,5744.76,5700.46,5718.75,138365500,5718.75
12/10/07,5683.6,5771.44,5681.36,5750.92,120277100,5750.92
12/11/07,5765.27,5768.22,5702.53,5724.76,127539800,5724.76
12/12/07,5650.42,5795.22,5625.01,5743.32,158409200,5743.32
12/13/07,5677.16,5677.2,5582.11,5590.91,167342600,5590.91
12/14/07,5624.95,5631.54,5560.59,5605.36,115568300,5605.36
12/17/07,5532.67,5541.56,5499.57,5514.88,143939200,5514.88
12/18/07,5498.62,5581.18,5498.62,5509.37,129472800,5509.37
12/19/07,5516.78,5547.76,5465.98,5497.42,122648800,5497.42
12/20/07,5520.96,5549.52,5493.75,5511.45,134068100,5511.45
12/21/07,5577.1,5622.61,5562.68,5602.77,286831900,5602.77
12/24/07,5619.86,5621.8,5603.4,5614.28,23649000,5614.28
12/27/07,5626.13,5656.14,5617.66,5627.48,82236200,5627.48
12/28/07,5595.19,5640,5593.92,5627.25,64864000,5627.25
12/31/07,5621.12,5621.83,5600.62,5614.08,21781800,5614.08
1/2/08,5609.98,5665.94,5530.43,5550.36,100458200,5550.36
1/3/08,5538.2,5559.05,5515.61,5546.08,117504500,5546.08
1/4/08,5543.69,5567.09,5417.53,5446.79,162947200,5446.79
1/7/08,5432,5475.25,5429.32,5452.83,181161800,5452.83
1/8/08,5476.51,5533.93,5471.14,5495.67,174857100,5495.67
1/9/08,5459.4,5463.07,5420.06,5435.42,198041500,5435.42
1/10/08,5468.54,5471.82,5394.52,5400.43,166136700,5400.43
1/11/08,5398.49,5410.91,5349.25,5371.41,178858400,5371.41
1/14/08,5345.83,5421.22,5343.25,5403.51,142891500,5403.51
1/15/08,5390.37,5394.14,5250.09,5250.82,192383100,5250.82
1/16/08,5216.22,5289.05,5177.68,5225.39,233648700,5225.39
1/17/08,5278.29,5278.5,5150.24,5157.09,204957900,5157.09
1/18/08,5159.56,5231.56,5081.23,5092.4,255148000,5092.4
1/21/08,5006.48,5012.53,4726.76,4744.45,365210100,4744.45
1/22/08,4544.79,4903.99,4505.14,4842.54,463552500,4842.54
1/23/08,4950,4950,4591.24,4636.76,353541900,4636.76
1/24/08,4816.99,4916.98,4773.53,4915.29,323092800,4915.29
1/25/08,5001.57,5001.57,4855.43,4878.12,232316200,4878.12
1/28/08,4791.5,4854.34,4755.98,4848.3,166274300,4848.3
1/29/08,4893.38,4949.4,4868.01,4941.45,167172600,4941.45
1/30/08,4911.73,4911.8,4841.3,4873.57,178151400,4873.57
1/31/08,4863.37,4907.67,4762.73,4869.79,216186900,4869.79
2/1/08,4935.79,5009.16,4927.18,4978.06,225981000,4978.06
2/4/08,5027.26,5027.26,4954.93,4973.64,131717900,4973.64
2/5/08,4970.09,4970.79,4767.45,4776.86,200152000,4776.86
2/6/08,4729.41,4823.03,4729.41,4816.43,211346000,4816.43
2/7/08,4792.56,4797.54,4683.06,4723.8,221349300,4723.8
2/8/08,4764.86,4789.38,4679.8,4709.65,224328000,4709.65
2/11/08,4653.15,4734.73,4644.74,4682.7,154090700,4682.7
2/12/08,4728.78,4846.97,4676.1,4840.71,196522500,4840.71
2/13/08,4791.82,4887.31,4781.5,4855.4,168735900,4855.4
2/14/08,4923.97,4926.33,4835.77,4858.65,177895400,4858.65
2/15/08,4857.49,4877.66,4743.93,4771.79,175653200,4771.79
2/19/08,4844.52,4940.36,4806.17,4885.83,153181200,4885.83
2/20/08,4828.36,4866.9,4779.14,4812.81,168788700,4812.81
2/21/08,4854.1,4905.17,4834.04,4858.85,162398400,4858.85
2/22/08,4818.73,4878.18,4786.67,4824.55,162038700,4824.55
2/25/08,4877.89,4925.94,4870.41,4919.26,143544400,4919.26
2/26/08,4955.71,4980.65,4917.15,4973.07,176562600,4973.07
2/27/08,4990.63,4992.77,4892.59,4968.82,182277000,4968.82
2/28/08,4939.15,4964.09,4856.05,4865.23,178539100,4865.23
2/29/08,4837.01,4873.02,4768.53,4790.66,196078300,4790.66
3/3/08,4723.22,4764.15,4698,4742.66,150295500,4742.66
3/4/08,4749.07,4782.86,4655.25,4675.91,163286600,4675.91
3/5/08,4723.1,4767.59,4689.03,4756.42,141700700,4756.42
3/6/08,4767.04,4767.04,4664.14,4678.05,158195900,4678.05
3/7/08,4630.57,4661.88,4576.59,4618.96,198919200,4618.96
3/10/08,4601.71,4625.98,4534.58,4566.99,158091800,4566.99
3/11/08,4589.88,4683.18,4566.95,4627.69,189545700,4627.69
3/12/08,4716.92,4741.89,4678.62,4697.1,196215200,4697.1
3/13/08,4610.99,4642.2,4547.09,4630.19,197888900,4630.19
3/14/08,4632.11,4707.83,4544.62,4592.15,214275200,4592.15
3/17/08,4449.39,4505.97,4416.71,4431.04,249766000,4431.04
3/18/08,4502.64,4593,4481.8,4582.59,223507000,4582.59
3/19/08,4635.02,4652.67,4533.18,4555.95,248269200,4555.95
3/20/08,4510.97,4553.28,4480.87,4533.72,290932000,4533.72
3/25/08,4692.17,4699.9,4647.54,4692,206193300,4692
3/26/08,4658.51,4693.62,4647.92,4676.68,153864400,4676.68
3/27/08,4667.99,4750.63,4664.97,4719.53,150671700,4719.53
3/28/08,4722.95,4740.78,4679.53,4695.92,115984400,4695.92
3/31/08,4648.54,4711.78,4622.26,4707.07,142322200,4707.07
4/1/08,4689.65,4876.84,4681.24,4866,188525000,4866
4/2/08,4906.06,4923.4,4856.39,4911.97,173182300,4911.97
4/3/08,4926.37,4926.37,4853.96,4887.87,151866000,4887.87
4/4/08,4914.42,4919.96,4848.67,4900.88,141401200,4900.88
4/7/08,4936.25,4959.97,4926.67,4944.6,128312000,4944.6
4/8/08,4908.16,4914.43,4878.73,4912.69,113384100,4912.69
4/9/08,4888.92,4924.57,4868.19,4874.97,127023000,4874.97
4/10/08,4875.48,4880.59,4789.63,4859.42,161154900,4859.42
4/11/08,4891.84,4917.89,4775.16,4797.93,153178100,4797.93
4/14/08,4755.07,4793.63,4750.28,4766.49,119717800,4766.49
4/15/08,4801,4820.75,4741.06,4780.68,118835800,4780.68
4/16/08,4820.27,4863.06,4789.28,4855.1,181523100,4855.1
4/17/08,4877.07,4900.66,4834.22,4862.14,165843700,4862.14
4/18/08,4882.29,4976.37,4878.4,4961.69,192982500,4961.69
4/21/08,4954.49,4961.31,4885.13,4910.35,134671700,4910.35
4/22/08,4887.28,4930.16,4849.88,4872.64,128651100,4872.64
4/23/08,4888.14,4951.05,4850.91,4944.65,155547700,4944.65
4/24/08,4916.56,4942.82,4861.22,4929.55,138180000,4929.55
4/25/08,4954.29,5013.44,4950.9,4978.21,161354600,4978.21
4/28/08,4989.92,5030.76,4986.44,5012.75,94535600,5012.75
4/29/08,4986.12,5013.05,4957.78,4977.1,132602200,4977.1
4/30/08,4976.56,5006.48,4935.1,4996.54,152666500,4996.54
5/2/08,5057.52,5099.39,5028.57,5069.71,162669700,5069.71
5/5/08,5062.7,5078.72,5048.24,5063.36,70413600,5063.36
5/6/08,5052.71,5067.84,5011.12,5040.92,121975800,5040.92
5/7/08,5058.78,5100.1,5041.57,5075.31,133948700,5075.31
5/8/08,5029.02,5066.87,5025.21,5055.58,109887100,5055.58
5/9/08,5001,5004.58,4925.05,4960.56,128284100,4960.56
5/12/08,4975.09,5011.27,4954.67,4976.21,74711800,4976.21
5/13/08,5001.98,5017.28,4951.37,4998.67,144607000,4998.67
5/14/08,5036.67,5067.97,4992.14,5055.24,153916500,5055.24
5/15/08,5045.68,5060.28,5020.39,5057.51,130183800,5057.51
5/16/08,5090.75,5120.91,5058.79,5078.04,147461700,5078.04
5/19/08,5090.53,5142.1,5076.12,5142.1,118892400,5142.1
5/20/08,5091.45,5104.74,5041.22,5054.88,142400200,5054.88
5/21/08,5065.28,5080.73,5003.09,5027.55,157355300,5027.55
5/22/08,4977.85,5047.91,4975.04,5028.74,144890500,5028.74
5/23/08,5020.6,5021.07,4933.77,4933.77,134889900,4933.77
5/26/08,4910.53,4950.76,4910.53,4937.84,64756800,4937.84
5/27/08,4956.72,4959.51,4893.86,4906.56,135458400,4906.56
5/28/08,4923.78,5006.16,4914.18,4971.11,152840400,4971.11
5/29/08,4988.33,5006.47,4952.16,4975.9,159600000,4975.9
5/30/08,4989.61,5028.8,4986.39,5014.28,156018600,5014.28
6/2/08,5008.94,5012.01,4925.09,4935.21,127860500,4935.21
6/3/08,4914.23,4987.76,4914.23,4983.71,127257000,4983.71
6/4/08,4966.28,4966.28,4867.09,4915.07,152002200,4915.07
6/5/08,4915.72,4944.45,4880.35,4907.06,198129700,4907.06
6/6/08,4936.89,4969.03,4793.72,4795.32,203483000,4795.32
6/9/08,4779.43,4821.27,4775.26,4799.38,154940700,4799.38
6/10/08,4764.41,4793.37,4732.57,4761.08,182042500,4761.08
6/11/08,4777.48,4796.93,4659.52,4660.91,183387800,4660.91
6/12/08,4667.71,4694.71,4646.15,4672.3,200984400,4672.3
6/13/08,4665.44,4689.41,4614.54,4682.3,156709500,4682.3
6/16/08,4686.68,4690.73,4618.49,4657.74,130363000,4657.74
6/17/08,4673.13,4723.25,4673.13,4686.33,161826100,4686.33
6/18/08,4668.43,4676.63,4597.22,4618.75,171541900,4618.75
6/19/08,4590.98,4631.64,4590.98,4591.39,194786700,4591.39
6/20/08,4612.99,4617.03,4475.13,4509.27,269391300,4509.27
6/23/08,4497.3,4538.54,4489.87,4511.37,152536200,4511.37
6/24/08,4514.4,4533.4,4426.26,4473.76,197903700,4473.76
6/25/08,4489.7,4537.16,4489.7,4536.29,157921200,4536.29
6/26/08,4490.62,4505.98,4426.19,4426.19,176921300,4426.19
6/27/08,4408.33,4433.22,4348.31,4397.32,210812700,4397.32
6/30/08,4404.49,4439.78,4354.87,4434.85,200549300,4434.85
7/1/08,4410.79,4415.86,4307.09,4341.21,204448900,4341.21
7/2/08,4349.99,4378.16,4296.48,4296.48,196025400,4296.48
7/3/08,4241.7,4358.02,4224.13,4343.99,233201900,4343.99
7/4/08,4358.25,4358.6,4266,4266,113122900,4266
7/7/08,4305.29,4350.94,4271,4342.59,134681500,4342.59
7/8/08,4254.87,4292.41,4224.08,4275.61,198950500,4275.61
7/9/08,4323.53,4342.63,4301.48,4339.66,162296200,4339.66
7/10/08,4261.65,4293.12,4209.64,4231.56,188697100,4231.56
7/11/08,4250.46,4260.81,4100.64,4100.64,226328300,4100.64
7/14/08,4148.1,4189.22,4135.15,4142.53,133898800,4142.53
7/15/08,4088.36,4110.27,4024.84,4061.15,215192800,4061.15
7/16/08,4070.01,4116.28,4002.87,4112.45,210208700,4112.45
7/17/08,4174.43,4260.95,4159.02,4225.99,253866900,4225.99
7/18/08,4186.65,4299.36,4177.8,4299.36,243302000,4299.36
7/21/08,4310.16,4362.06,4261.98,4327.14,278950900,4327.14
7/22/08,4286.82,4332.99,4259.29,4327.26,195075500,4327.26
7/23/08,4389.82,4419.48,4367.27,4408.74,187141500,4408.74
7/24/08,4434.87,4440.89,4328.52,4347.99,174642800,4347.99
7/25/08,4303.27,4398.13,4299.36,4377.18,178215500,4377.18
7/28/08,4367.5,4367.5,4316.61,4324.45,121680200,4324.45
7/29/08,4280.93,4346.12,4256.36,4320.49,185701300,4320.49
7/30/08,4384.8,4424.01,4346.82,4400.55,168140700,4400.55
7/31/08,4415.79,4448.05,4365.26,4392.36,162667100,4392.36
8/1/08,4345.01,4378.84,4297.08,4314.34,137880200,4314.34
8/4/08,4306.85,4332.15,4267.29,4280.63,111724800,4280.63
8/5/08,4301.44,4390.93,4282.39,4386.35,181949200,4386.35
8/6/08,4423.94,4454.02,4395.82,4448.33,182953900,4448.33
8/7/08,4434.63,4514.17,4432.3,4457.43,185973700,4457.43
8/8/08,4432.01,4496.41,4415.75,4491.85,158965000,4491.85
8/11/08,4500.3,4538.49,4486.11,4538.49,111653000,4538.49
8/12/08,4521.37,4552.26,4494.1,4518.48,148984600,4518.48
8/13/08,4492.28,4500,4397.62,4402.97,154188100,4402.97
8/14/08,4439.48,4467.28,4383.48,4420.91,123336200,4420.91
8/15/08,4445.82,4495.86,4421.37,4453.62,106966800,4453.62
8/18/08,4435.91,4501.38,4405.07,4448.84,93648400,4448.84
8/19/08,4402.98,4402.98,4329.94,4332.79,127542700,4332.79
8/20/08,4355.55,4377.5,4327.22,4365.87,116906600,4365.87
8/21/08,4336.05,4341.79,4294.94,4304.61,124125200,4304.61
8/22/08,4322.64,4404.77,4306.11,4400.45,109100300,4400.45
8/25/08,4383.24,4392.5,4350.83,4355.87,65140600,4355.87
8/26/08,4330.62,4383.8,4296.24,4368.55,106230100,4368.55
8/27/08,4371.15,4390.33,4309.79,4373.08,123753900,4373.08
8/28/08,4369.83,4479.73,4339.61,4461.49,169292000,4461.49
8/29/08,4474.02,4508.67,4456.23,4482.6,161011900,4482.6
9/1/08,4455.59,4491.52,4436.68,4472.13,94363000,4472.13
9/2/08,4465.34,4558.56,4444.11,4539.07,197446600,4539.07
9/3/08,4502.03,4511.69,4447.13,4447.13,145810700,4447.13
9/4/08,4444.47,4457.3,4302.04,4304.01,188287500,4304.01
9/5/08,4271.5,4288.31,4181.61,4196.66,205787800,4196.66
9/8/08,4355.52,4408.82,4289.51,4340.18,219676100,4340.18
9/9/08,4335.02,4386.78,4275.1,4293.34,176167200,4293.34
9/10/08,4297.09,4315.23,4239.09,4283.66,185012400,4283.66
9/11/08,4275.17,4286.83,4192.92,4249.07,169029600,4249.07
9/12/08,4315.42,4333.03,4256.73,4332.66,145314900,4332.66
9/15/08,4184.52,4232.82,4075.54,4168.97,305211400,4168.97
9/16/08,4098.48,4158.36,4027.44,4087.4,316683500,4087.4
9/17/08,4159.47,4160.26,3990.86,4000.11,284152300,4000.11
9/18/08,3981.46,4077.97,3926.82,3957.86,300505200,3957.86
9/19/08,4226.48,4324.87,4090.17,4324.87,531247600,4324.87
9/22/08,4331.17,4356.67,4223.51,4223.51,207092300,4223.51
9/23/08,4197.22,4205.5,4114.49,4139.82,191699800,4139.82
9/24/08,4160.67,4169.17,4097.35,4114.54,162917400,4114.54
9/25/08,4112.67,4231.84,4111.27,4226.81,179839400,4226.81
9/26/08,4164.91,4201.51,4106.75,4163.38,144137000,4163.38
9/29/08,4160.84,4160.84,3953.48,3953.48,221762500,3953.48
9/30/08,3850.74,4043.33,3844.63,4032.1,250933100,4032.1
10/1/08,4071.39,4071.39,3998.49,4054.54,166047600,4054.54
10/2/08,4063.26,4112.24,3962.74,3963.28,198487200,3963.28
10/3/08,3977.15,4110.65,3934.03,4080.75,208459400,4080.75
10/6/08,3887.14,3911.49,3679.63,3711.98,277662200,3711.98
10/7/08,3827.74,3856.98,3689.26,3732.22,258330700,3732.22
10/8/08,3561.1,3759.36,3426.85,3496.89,372820900,3496.89
10/9/08,3567.76,3612.37,3389.7,3442.7,272566700,3442.7
10/10/08,3164.92,3280.04,3047.85,3176.49,466142400,3176.49
10/13/08,3379.53,3531.5,3290.41,3531.5,301050400,3531.5
10/14/08,3680.52,3766.88,3555.99,3628.52,315267700,3628.52
10/15/08,3616.47,3616.47,3346.77,3381.07,278057500,3381.07
10/16/08,3215.21,3354.39,3115.89,3181,341221000,3181
10/17/08,3349.39,3349.82,3179.38,3329.92,298427100,3329.92
10/20/08,3413.83,3448.51,3356.09,3448.51,220540400,3448.51
10/21/08,3536.8,3545.53,3436.45,3475.4,186462500,3475.4
10/22/08,3380.01,3418.3,3291.71,3298.18,192203900,3298.18
10/23/08,3311.12,3343.58,3182.03,3310.87,217437200,3310.87
10/24/08,3152.06,3193.79,2959.29,3193.79,324799500,3193.79
10/27/08,3035.37,3128.24,2976.4,3067.35,222370700,3067.35
10/28/08,3159.5,3176.11,2996.16,3114.92,258384000,3114.92
10/29/08,3297.15,3402.57,3269.06,3402.57,303661200,3402.57
10/30/08,3489.35,3489.35,3327.95,3407.82,257785100,3407.82
10/31/08,3388.79,3487.07,3319.35,3487.07,218914700,3487.07
11/3/08,3513.12,3527.97,3459.84,3527.97,144416100,3527.97
11/4/08,3545.1,3691.09,3519.09,3691.09,208249400,3691.09
11/5/08,3667.85,3675.36,3569.3,3618.11,189891200,3618.11
11/6/08,3504.38,3574.95,3377.68,3387.25,219323700,3387.25
11/7/08,3393.39,3509.92,3351.22,3469.12,159761600,3469.12
11/10/08,3558.65,3612.28,3489.72,3505.75,129569200,3505.75
11/11/08,3453.65,3460.13,3328.31,3336.41,139342500,3336.41
11/12/08,3407.36,3410.09,3207.9,3233.96,169349700,3233.96
11/13/08,3196.03,3293.98,3183.65,3269.46,161551800,3269.46
11/14/08,3370.86,3378.93,3269.56,3291.47,166657000,3291.47
11/17/08,3283.57,3309.62,3166.79,3182.03,151743400,3182.03
11/18/08,3194.16,3227.75,3103.54,3217.4,176681000,3217.4
11/19/08,3215.51,3215.51,3085.14,3087.89,182591400,3087.89
11/20/08,3000.14,3037.36,2909.34,2980.42,236556200,2980.42
11/21/08,3005.19,3041.11,2838.5,2881.26,230950600,2881.26
11/24/08,2959.52,3172.11,2931.49,3172.11,219127700,3172.11
11/25/08,3126.38,3274.71,3104.36,3209.56,222082500,3209.56
11/26/08,3183.7,3213.16,3095.06,3169.85,157880800,3169.85
11/27/08,3223.4,3254.76,3205.25,3250.39,110609700,3250.39
11/28/08,3239.38,3262.68,3177.3,3262.68,144639700,3262.68
12/1/08,3261.33,3272.09,3071.99,3080.43,137255200,3080.43
12/2/08,3029.85,3160.3,3011.8,3152.9,162809200,3152.9
12/3/08,3147.42,3183.5,3056.03,3166.65,136411800,3166.65
12/4/08,3160.4,3257.15,3109.16,3161.16,169385300,3161.16
12/5/08,3118.74,3128.43,2956.75,2988.01,170763500,2988.01
12/8/08,3190.5,3253.27,3154.03,3247.48,191470600,3247.48
12/9/08,3211.15,3342.84,3198.51,3297.8,199281200,3297.8
12/10/08,3310.06,3331.3,3261.56,3320.31,141428000,3320.31
12/11/08,3309,3342.72,3263.15,3306.13,129274700,3306.13
12/12/08,3172.19,3242.37,3114.77,3213.6,121986800,3213.6
12/15/08,3258.25,3269.11,3171.65,3185.66,121986800,3185.66
12/16/08,3186.43,3251.66,3176.7,3251.66,131834400,3251.66
12/17/08,3281.82,3305.02,3187.72,3241.92,173590500,3241.92
12/18/08,3246.86,3260.01,3196.91,3234.15,157125600,3234.15
12/19/08,3190.15,3248.92,3146.82,3225.9,213878600,3225.9
12/22/08,3201.66,3209.35,3151.36,3151.36,121440900,3151.36
12/23/08,3154.4,3188.42,3128.41,3128.41,89696200,3128.41
12/24/08,3111.02,3150.23,3094.69,3116.21,30572600,3116.21
12/29/08,3139.24,3169.25,3105.07,3130.72,58312200,3130.72
12/30/08,3160.43,3217.13,3151.03,3217.13,65048600,3217.13
12/31/08,3242.3,3264.5,3217.97,3217.97,39347200,3217.97
1/2/09,3240.75,3349.69,3219.55,3349.69,76923000,3349.69
1/5/09,3381.28,3382.85,3323.12,3359.92,121291200,3359.92
1/6/09,3372.78,3426.04,3339.29,3396.22,131786400,3396.22
1/7/09,3378.99,3403.33,3316.6,3346.09,143934600,3346.09
1/8/09,3308.64,3346.28,3269.8,3324.33,117238100,3324.33
1/9/09,3337.84,3368.3,3271.03,3299.5,110150500,3299.5
1/12/09,3287.58,3305.46,3236.47,3246.12,103393400,3246.12
1/13/09,3232.25,3234.52,3154.29,3197.89,140367100,3197.89
1/14/09,3216.88,3219.37,3018.06,3052,170760500,3052
1/15/09,3056.95,3071.55,2962.56,2995.88,171376700,2995.88
1/16/09,3059.21,3107.85,3009.5,3016.75,168809900,3016.75
1/19/09,3069.92,3083.39,2949.64,2989.69,122394500,2989.69
1/20/09,2984.81,3031.55,2912.53,2925.28,149771200,2925.28
1/21/09,2885.09,2947.65,2841.87,2905.57,228844300,2905.57
1/22/09,2964.66,2981.1,2864.74,2869.62,163124100,2869.62
1/23/09,2869.23,2885.62,2770.09,2849.14,169838300,2849.14
1/26/09,2838.74,2968.11,2834.54,2955.37,170960700,2955.37
1/27/09,2970.45,2970.95,2907.64,2954.53,155556600,2954.53
1/28/09,2998.35,3085.69,2989.68,3076.01,188188100,3076.01
1/29/09,3054.15,3064.14,2986.01,3009.75,153131800,3009.75
1/30/09,2999.46,3028.09,2949.39,2973.92,178904700,2973.92
2/2/09,2929.19,2940.63,2867.68,2930.05,125600900,2930.05
2/3/09,2951.31,2989.17,2899.22,2982.39,138869300,2982.39
2/4/09,3007.96,3097.73,2988.45,3068.99,174172400,3068.99
2/5/09,3011.13,3069.11,2976.59,3066.29,147302400,3066.29
2/6/09,3090.08,3146.69,3056.92,3122.79,186071000,3122.79
2/9/09,3110.6,3146.13,3089.77,3134.87,131155900,3134.87
2/10/09,3102.3,3124.05,3020.75,3020.75,144477500,3020.75
2/11/09,2995.75,3034.01,2986.21,3027.72,147214700,3027.72
2/12/09,3010.48,3012.06,2932.41,2964.34,155609300,2964.34
2/13/09,3012.18,3044.73,2986.28,2997.86,123697400,2997.86
2/16/09,2977.17,2994.41,2960.77,2962.22,85249400,2962.22
2/17/09,2933.36,2935.79,2854.76,2875.23,154159900,2875.23
2/18/09,2895.29,2898.34,2825.48,2874.07,157285200,2874.07
2/19/09,2893.05,2913.1,2861.15,2872.6,143819400,2872.6
2/20/09,2817.47,2830.33,2750.55,2750.55,218619900,2750.55
2/23/09,2805.67,2810.91,2719.3,2727.87,155360100,2727.87
2/24/09,2700.42,2733.87,2669.5,2708.05,187506900,2708.05
2/25/09,2760.12,2760.12,2662.73,2696.92,165198500,2696.92
2/26/09,2735.84,2769.57,2694.77,2744.84,190428800,2744.84
2/27/09,2709.56,2714.51,2644.19,2702.48,183103300,2702.48
3/2/09,2632.92,2639.21,2581.46,2581.46,167976700,2581.46
3/3/09,2591.11,2616.76,2552.31,2554.55,179845900,2554.55
3/4/09,2595.89,2675.68,2575.4,2675.68,223360900,2675.68
3/5/09,2657.82,2664.19,2569.63,2569.63,188173600,2569.63
3/6/09,2566.3,2597.75,2521.46,2534.45,212593000,2534.45
3/9/09,2552.99,2552.99,2465.46,2519.29,201029100,2519.29
3/10/09,2519.43,2673.03,2510.24,2663.68,219862000,2663.68
3/11/09,2656.94,2734.7,2617.44,2674.2,222468300,2674.2
3/12/09,2640.44,2697.43,2594.73,2694.25,183179000,2694.25
3/13/09,2744.41,2771.72,2694.59,2705.63,219402300,2705.63
3/16/09,2761.54,2791.66,2747.29,2791.66,172676000,2791.66
3/17/09,2764.02,2782.17,2722.19,2767.28,167813500,2767.28
3/18/09,2805.14,2813.93,2720.44,2760.34,146609000,2760.34
3/19/09,2784.93,2833.21,2760.67,2776.99,205364900,2776.99
3/20/09,2748.73,2798.04,2724.56,2791.14,209553100,2791.14
3/23/09,2845.77,2873.99,2801.94,2869.57,154316600,2869.57
3/24/09,2915.11,2916.67,2840.96,2874.39,210591100,2874.39
3/25/09,2853.76,2918.23,2844.8,2893.45,173578100,2893.45
3/26/09,2899.93,2906.48,2856.89,2892.07,127862300,2892.07
3/27/09,2890.42,2902,2823.99,2840.62,144099900,2840.62
3/30/09,2788.37,2794.78,2719.34,2719.34,148246900,2719.34
3/31/09,2746.4,2807.96,2734.69,2807.34,133347200,2807.34
4/1/09,2792.59,2841.38,2741.27,2839.61,149997000,2839.61
4/2/09,2896.67,3000.98,2896.67,2992.06,253032700,2992.06
4/3/09,2972.87,3019.02,2947.99,2958.74,192130200,2958.74
4/6/09,2993.08,3018.36,2905.12,2929.75,195486100,2929.75
4/7/09,2936.16,2950.36,2876.02,2902.31,148174900,2902.31
4/8/09,2855.22,2936.82,2847.96,2921.06,141834800,2921.06
4/9/09,2949.95,2990.63,2923.41,2974.18,159916800,2974.18
4/14/09,2994.45,3028.36,2960.82,3000.22,176221600,3000.22
4/15/09,2963.77,3003,2956.45,2985.74,124585500,2985.74
4/16/09,3006.9,3054.14,2977.83,3038.18,148508000,3038.18
4/17/09,3048.64,3102.04,3029.61,3091.96,214573100,3091.96
4/20/09,3081.15,3082.56,2958.53,2969.4,172070400,2969.4
4/21/09,2963.99,3003.34,2898.52,2973.94,185638000,2973.94
4/22/09,2974.57,3026.33,2935.18,3025.24,179982800,3025.24
4/23/09,2996.1,3056.64,2983.99,3008.62,155400100,3008.62
4/24/09,3022.16,3102.85,3016.95,3102.85,151694800,3102.85
4/27/09,3043.3,3109.51,3040.45,3102.43,120102700,3102.43
4/28/09,3044.65,3085.44,3016.06,3051.02,151586500,3051.02
4/29/09,3073.35,3125.17,3062.89,3116.94,188647700,3116.94
4/30/09,3142.42,3194.25,3141.36,3159.85,212062400,3159.85
5/4/09,3180.26,3241.34,3168.25,3237.97,144425500,3237.97
5/5/09,3243.62,3260.62,3209.87,3225,205750400,3225
5/6/09,3220.79,3308.64,3205.73,3283.51,217876600,3283.51
5/7/09,3309.75,3355.95,3244.27,3251.52,232564100,3251.52
5/8/09,3281.65,3345.46,3279.16,3312.59,147477900,3312.59
5/11/09,3312.65,3312.65,3224.54,3248.67,163750200,3248.67
5/12/09,3209.47,3270.61,3209.47,3231.1,148244400,3231.1
5/13/09,3241.25,3254.83,3152.53,3152.9,206655200,3152.9
5/14/09,3136.31,3167.13,3118.06,3156.29,165962300,3156.29
5/15/09,3179.29,3190.74,3134.9,3169.05,137392500,3169.05
5/18/09,3135.12,3245.39,3115.27,3245.39,136721500,3245.39
5/19/09,3264.3,3294.69,3246.08,3274.96,174694800,3274.96
5/20/09,3262.36,3320.33,3258.58,3303.37,144145400,3303.37
5/21/09,3261.32,3266.47,3208.81,3217.41,97815200,3217.41
5/22/09,3233.82,3260.63,3199.8,3227.97,103586100,3227.97
5/25/09,3235.22,3249.01,3168.22,3236.16,58842400,3236.16
5/26/09,3215.96,3277.23,3170.56,3270.09,129569100,3270.09
5/27/09,3281.92,3301.77,3267.1,3294.86,131565500,3294.86
5/28/09,3250.05,3293.61,3231.61,3263.7,125617300,3263.7
5/29/09,3306.43,3317.58,3267.89,3277.65,165325800,3277.65
6/1/09,3339.38,3384.08,3331.61,3379.49,128426800,3379.49
6/2/09,3346.56,3399.59,3342.28,3378.04,144404200,3378.04
6/3/09,3387.88,3387.88,3288.99,3309.65,131700200,3309.65
6/4/09,3316.91,3351.64,3308.49,3312.03,128197600,3312.03
6/5/09,3338.73,3389.81,3318.03,3339.05,143345400,3339.05
6/8/09,3327.56,3330.85,3275.7,3289.66,116163000,3289.66
6/9/09,3314.66,3332.35,3284.14,3296.73,128378800,3296.73
6/10/09,3338.76,3370.87,3303.04,3315.27,137349400,3315.27
6/11/09,3301.06,3343.06,3294.34,3334.94,113741800,3334.94
6/12/09,3331.11,3340.5,3310.52,3326.14,101180500,3326.14
6/15/09,3308.57,3308.57,3213.32,3219.58,139400300,3219.58
6/16/09,3224.28,3247.76,3209.81,3213.95,105576700,3213.95
6/17/09,3202.36,3211.12,3136.91,3161.14,157180100,3161.14
6/18/09,3172.88,3207.08,3139.41,3194.06,127289500,3194.06
6/19/09,3195.85,3243.96,3183.86,3221.27,215772000,3221.27
6/22/09,3221.16,3224.42,3123.1,3123.25,146328800,3123.25
6/23/09,3097.39,3143.53,3097.39,3116.82,136785400,3116.82
6/24/09,3136.77,3196.97,3104.84,3184.76,135164000,3184.76
6/25/09,3178.72,3186.24,3110.35,3163.1,123654400,3163.1
6/26/09,3181.14,3204.01,3112.62,3129.73,121045300,3129.73
6/29/09,3122.54,3205.36,3120.96,3193.68,105496700,3193.68
6/30/09,3207.97,3207.97,3124.72,3140.44,132618700,3140.44
7/1/09,3163.53,3233.6,3161.83,3217,123715900,3217
7/2/09,3200.75,3200.75,3116.41,3116.41,147767600,3116.41
7/3/09,3126.71,3132.73,3092.18,3119.51,82457000,3119.51
7/6/09,3089.2,3103.22,3059.06,3082.16,113714900,3082.16
7/7/09,3098.28,3112.95,3044.71,3048.57,122205500,3048.57
7/8/09,3031.86,3048.84,3000.28,3009.71,138625000,3009.71
7/9/09,3027.38,3059.09,3013.27,3025.94,108707300,3025.94
7/10/09,3010.53,3022.58,2976.81,2983.1,102056600,2983.1
7/13/09,2974.33,3052.08,2957.83,3052.08,97934600,3052.08
7/14/09,3066.98,3093.92,3045.34,3081.87,95239400,3081.87
7/15/09,3104.95,3171.27,3102.35,3171.27,155163300,3171.27
7/16/09,3168.47,3227.82,3157.26,3199.68,129703400,3199.68
7/17/09,3221.86,3235.82,3206.95,3218.46,121723500,3218.46
7/20/09,3252.15,3279.1,3233.94,3270.94,101451900,3270.94
7/21/09,3276.97,3330.28,3265.63,3302.89,118232900,3302.89
7/22/09,3308.99,3308.99,3267.65,3305.07,110588300,3305.07
7/23/09,3315.54,3380.16,3280.68,3373.72,131029200,3373.72
7/24/09,3357.67,3408.28,3346.91,3366.45,128154500,3366.45
7/27/09,3405.16,3406.4,3350.37,3372.36,110179600,3372.36
7/28/09,3374.93,3400.57,3327.45,3330.97,111406300,3330.97
7/29/09,3322.21,3394.68,3322.21,3365.62,139748600,3365.62
7/30/09,3397.39,3455.51,3373.08,3435.49,172300300,3435.49
7/31/09,3423.86,3447.15,3408,3426.27,164615800,3426.27
8/3/09,3427.45,3505.84,3417.82,3477.8,140355200,3477.8
8/4/09,3481.49,3482.33,3441.43,3476.37,128871500,3476.37
8/5/09,3475.7,3507.89,3443.94,3458.53,154416500,3458.53
8/6/09,3483.14,3507.83,3458.3,3477.83,146521700,3477.83
8/7/09,3467.72,3539.31,3437,3521.14,157851300,3521.14
8/10/09,3504.99,3509.96,3482.84,3504.54,93328600,3504.54
8/11/09,3511.76,3528.21,3444.52,3456.18,115701800,3456.18
8/12/09,3455.87,3511.76,3435.87,3507.24,110816000,3507.24
8/13/09,3511.19,3558.47,3503.99,3524.39,131969300,3524.39
8/14/09,3535.39,3553.81,3480.47,3495.27,106070800,3495.27
8/17/09,3472.39,3474.33,3396.6,3419.69,115580100,3419.69
8/18/09,3435.75,3450.69,3419.71,3450.69,78983800,3450.69
8/19/09,3424.94,3467.64,3404.89,3450.34,89827600,3450.34
8/20/09,3489.21,3516.88,3477.19,3505.32,102247500,3505.32
8/21/09,3494.25,3623.35,3489.74,3615.81,152359400,3615.81
8/24/09,3631.42,3660.52,3621.05,3652.17,102431700,3652.17
8/25/09,3618.77,3689.2,3614.61,3680.61,120094600,3680.61
8/26/09,3668.8,3693.82,3657.6,3668.34,184888700,3668.34
8/27/09,3668.12,3686.07,3634.44,3648.53,147540900,3648.53
8/28/09,3680.96,3724.34,3667.8,3693.14,149262000,3693.14
8/31/09,3668.37,3682.59,3647.41,3653.54,101157000,3653.54
9/1/09,3676.95,3686.08,3583.44,3583.44,146504100,3583.44
9/2/09,3578.7,3581.14,3535.49,3573.13,210788300,3573.13
9/3/09,3587.4,3593.81,3542.96,3553.51,159407200,3553.51
9/4/09,3567.47,3603.35,3566.91,3598.76,142923100,3598.76
9/7/09,3625.53,3659.82,3621.6,3652.83,111767100,3652.83
9/8/09,3662.92,3676.87,3642.45,3660.96,141810100,3660.96
9/9/09,3645.94,3707.69,3643.71,3707.69,156332600,3707.69
9/10/09,3725.76,3731.92,3679.21,3705.87,157644100,3705.87
9/11/09,3722.97,3751.44,3722.52,3734.89,165669600,3734.89
9/14/09,3694.69,3733.15,3674.22,3730.61,121242500,3730.61
9/15/09,3743.46,3766.28,3724.38,3752.21,149633400,3752.21
9/16/09,3771.61,3821.24,3767.16,3813.79,162665600,3813.79
9/17/09,3844.19,3844.45,3810.02,3835.27,167182600,3835.27
9/18/09,3816.57,3853.97,3812.71,3827.84,270782700,3827.84
9/21/09,3827.45,3833.08,3787.52,3812.16,115654300,3812.16
9/22/09,3827.33,3856.67,3815.16,3823.52,138072400,3823.52
9/23/09,3822.6,3849.27,3807.13,3821.79,140203400,3821.79
9/24/09,3808.89,3849.94,3751.75,3758.36,148441300,3758.36
9/25/09,3760.75,3768.52,3731.99,3739.14,131798000,3739.14
9/28/09,3727.77,3825,3703.08,3825,129654700,3825
9/29/09,3830.58,3845.01,3798.71,3814.1,128099600,3814.1
9/30/09,3825.17,3841.99,3763.35,3795.41,152935600,3795.41
10/1/09,3802.03,3821.42,3720.22,3720.77,136255100,3720.77
10/2/09,3695.47,3698.79,3627.4,3649.9,192988000,3649.9
10/5/09,3651.98,3677.37,3629.41,3675.01,121843200,3675.01
10/6/09,3691.1,3770.21,3678.56,3770.21,173210000,3770.21
10/7/09,3764.91,3792.03,3748.93,3756.41,157079000,3756.41
10/8/09,3815.09,3818.27,3778.81,3806.81,146572000,3806.81
10/9/09,3788.33,3822.96,3777.74,3799.61,108592400,3799.61
10/12/09,3813.38,3859.15,3805.96,3845.8,130387800,3845.8
10/13/09,3836.67,3846.74,3790.66,3801.39,146899400,3801.39
10/14/09,3846.63,3885.23,3844.19,3882.67,161272200,3882.67
10/15/09,3885.87,3898.22,3862.68,3883.83,145389000,3883.83
10/16/09,3890.66,3907.49,3817.9,3827.6,168526600,3827.6
10/19/09,3842.54,3892.36,3842.54,3892.36,112327000,3892.36
10/20/09,3906.49,3913.81,3863.34,3871.45,119084000,3871.45
10/21/09,3880.87,3888.49,3805.92,3873.22,152984800,3873.22
10/22/09,3823.44,3831.18,3792.48,3820.85,131604400,3820.85
10/23/09,3856.08,3878.44,3807.08,3808.24,165854200,3808.24
10/26/09,3823.82,3838.45,3732.64,3744.45,132576900,3744.45
10/27/09,3750.59,3772.35,3725.4,3743.95,151341400,3743.95
10/28/09,3731.5,3734.31,3661.07,3663.78,210130800,3663.78
10/29/09,3654.9,3721.73,3641.13,3714.02,178561800,3714.02
10/30/09,3718.69,3727.61,3600.46,3607.69,244779800,3607.69
11/2/09,3603.64,3665.92,3590.73,3639.46,151752000,3639.46
11/3/09,3602.84,3607.86,3549.65,3584.25,156080000,3584.25
11/4/09,3616.2,3682.5,3611.97,3670.33,155873400,3670.33
11/5/09,3637.12,3728.76,3617.09,3708.73,138739600,3708.73
11/6/09,3703.34,3725.9,3658.03,3707.29,131920100,3707.29
11/9/09,3737.43,3786.48,3737.37,3785.49,144337600,3785.49
11/10/09,3788.8,3802.9,3775.26,3785.59,129227800,3785.59
11/11/09,3818.17,3843.88,3803.11,3814.39,130641000,3814.39
11/12/09,3799.95,3843.76,3791.29,3808.07,125120000,3808.07
11/13/09,3794.63,3810.7,3764.51,3806.01,103069400,3806.01
11/16/09,3837.24,3868.16,3830.26,3863.16,126986600,3863.16
11/17/09,3850.28,3859.43,3821.82,3829.06,116490600,3829.06
11/18/09,3850.27,3862.17,3815.04,3828.16,121749200,3828.16
11/19/09,3818.65,3824.29,3751,3760.22,138304200,3760.22
11/20/09,3772.37,3788.07,3714.42,3729.36,151641300,3729.36
11/23/09,3766.38,3828.69,3765.31,3813.17,132410000,3813.17
11/24/09,3779.57,3818.73,3770.68,3784.62,140565400,3784.62
11/25/09,3812.37,3827.38,3783.62,3809.16,137748000,3809.16
11/26/09,3787.72,3792.9,3672.78,3679.23,147904900,3679.23
11/27/09,3613.28,3748.08,3610.81,3721.45,159708500,3721.45
11/30/09,3732.63,3732.63,3669.27,3680.15,138362800,3680.15
12/1/09,3720.28,3775.74,3714.78,3775.74,114080000,3775.74
12/2/09,3774.67,3811.6,3764.84,3795.92,113244200,3795.92
12/3/09,3828.61,3841.11,3788.8,3799.11,123330800,3799.11
12/4/09,3782.66,3876.23,3772.34,3846.62,132759200,3846.62
12/7/09,3836.05,3853.98,3803.62,3840.05,85572200,3840.05
12/8/09,3829.11,3854.08,3761.86,3785.3,134663200,3785.3
12/9/09,3776.53,3799.87,3734.71,3757.39,129175800,3757.39
12/10/09,3756.9,3805.17,3753.12,3798.38,122146400,3798.38
12/11/09,3795.06,3836.88,3795.06,3803.72,112992000,3803.72
12/14/09,3839.75,3846.75,3811.62,3830.44,91276000,3830.44
12/15/09,3834.53,3843.13,3793.65,3834.09,100388200,3834.09
12/16/09,3837.11,3878.2,3836.28,3875.82,123995400,3875.82
12/17/09,3847.99,3864.05,3820.88,3830.82,121823200,3830.82
12/18/09,3833.72,3871,3794.44,3794.44,197904800,3794.44
12/21/09,3807.84,3873.88,3802.13,3872.06,103573400,3872.06
12/22/09,3878.86,3918.67,3876.82,3898.38,90655800,3898.38
12/23/09,3923.31,3930.76,3898.82,3910.75,76481400,3910.75
12/24/09,3909.43,3922.93,3909.43,3912.73,17477000,3912.73
12/28/09,3939.66,3951.78,3934.36,3947.15,59821800,3947.15
12/29/09,3959.03,3976.92,3949.97,3959.98,59821800,3959.98
12/30/09,3953.3,3967.16,3928.2,3935.5,53781600,3935.5
12/31/09,3952.53,3959.2,3936.33,3936.33,30243400,3936.33
1/4/10,3952.21,4013.97,3950.61,4013.97,113396000,4013.97
1/5/10,4012.43,4028.34,3993.33,4012.91,129518600,4012.91
1/6/10,4014.45,4022.94,3996.8,4017.67,110087000,4017.67
1/7/10,4005.96,4032.24,3983.9,4024.8,118430400,4024.8
1/8/10,4042.64,4051.41,4013.34,4045.14,131783200,4045.14
1/11/10,4071.4,4088.18,4039.33,4043.09,110068800,4043.09
1/12/10,4044.19,4049.48,3980.2,4000.05,124775800,4000.05
1/13/10,3979.94,4007.86,3979.15,4000.86,117700800,4000.86
1/14/10,4029.2,4029.71,3993.5,4015.77,108974600,4015.77
1/15/10,4030.94,4044.08,3949.9,3954.38,162295200,3954.38
1/18/10,3971.17,3982.79,3954.28,3977.46,86949800,3977.46
1/19/10,3968.73,4019.88,3930.91,4009.67,115690200,4009.67
1/20/10,3996.36,4013.48,3915.96,3928.95,143524600,3928.95
1/21/10,3955.78,3966.2,3862.16,3862.16,112341400,3862.16
1/22/10,3840.06,3859.65,3786.29,3820.78,170381000,3820.78
1/25/10,3793.63,3833.44,3780.5,3781.85,131374000,3781.85
1/26/10,3748.03,3807.48,3741.36,3807.04,141543200,3807.04
1/27/10,3769.66,3793.63,3737.29,3759.8,136321600,3759.8
1/28/10,3812.19,3812.19,3688.79,3688.79,168079800,3688.79
1/29/10,3712.02,3768.39,3696,3739.46,149875800,3739.46
2/1/10,3713.17,3774.36,3702.01,3762.01,119833200,3762.01
2/2/10,3766.83,3819.07,3737.72,3812.13,134752600,3812.13
2/3/10,3819.77,3831.38,3784.32,3793.47,124554600,3793.47
2/4/10,3792.42,3806.21,3685.57,3689.25,175687000,3689.25
2/5/10,3665.91,3673.71,3563.76,3563.76,263299600,3563.76
2/8/10,3595.38,3616.67,3545.91,3607.27,169862000,3607.27
2/9/10,3598.66,3633.59,3583.54,3612.76,147671300,3612.76
2/10/10,3638.39,3673.63,3617.72,3635.61,187758600,3635.61
2/11/10,3659.95,3675.64,3581.86,3616.75,261448600,3616.75
2/12/10,3647.27,3661.04,3579.4,3599.07,186454000,3599.07
2/15/10,3621.41,3641.98,3599.63,3609.22,109986800,3609.22
2/16/10,3641.42,3669.04,3602.31,3669.04,147701400,3669.04
2/17/10,3707.18,3748.66,3700.19,3725.21,149233400,3725.21
2/18/10,3719.06,3752.05,3711.31,3747.83,132533000,3747.83
2/19/10,3711.86,3772.67,3707.19,3769.54,137178400,3769.54
2/22/10,3780.68,3781.98,3752.88,3756.7,147653400,3756.7
2/23/10,3780.34,3791.56,3696.49,3707.06,149071400,3707.06
2/24/10,3713.44,3727.81,3683.81,3715.68,128846800,3715.68
2/25/10,3694.56,3724.69,3633.81,3640.77,171807600,3640.77
2/26/10,3680.61,3710.31,3648.34,3708.8,151634000,3708.8
3/1/10,3739.56,3771.81,3724.84,3769.54,145259800,3769.54
3/2/10,3770.64,3811.92,3763.16,3811.92,120318200,3811.92
3/3/10,3799.33,3849.73,3787.96,3842.52,123313800,3842.52
3/4/10,3813.4,3850.73,3809.72,3828.41,148795800,3828.41
3/5/10,3845.99,3910.42,3838.34,3910.42,153790200,3910.42
3/8/10,3924.22,3924.22,3901.97,3903.54,112178600,3903.54
3/9/10,3907.73,3919.52,3876.09,3910.01,125235600,3910.01
3/10/10,3908.39,3950.64,3902.11,3943.55,123160400,3943.55
3/11/10,3921.26,3946.15,3909.95,3928.95,112501200,3928.95
3/12/10,3933.97,3956.42,3919.07,3927.4,114568600,3927.4
3/15/10,3921,3925.86,3889.13,3890.91,94752800,3890.91
3/16/10,3914.39,3951.47,3910.81,3938.95,108838800,3938.95
3/17/10,3954.3,3967.51,3943.17,3957.89,124548900,3957.89
3/18/10,3936.94,3964.78,3923.26,3938.18,125638800,3938.18
3/19/10,3953.44,3963.53,3906.11,3925.44,184326800,3925.44
3/22/10,3908.55,3928,3868.02,3928,119579800,3928
3/23/10,3927.62,3962.2,3926.87,3952.55,111188200,3952.55
3/24/10,3960.27,3966.96,3907.85,3949.81,132041600,3949.81
3/25/10,3951.71,4008.7,3950.95,4000.48,137603800,4000.48
3/26/10,3990.99,4002.92,3979.87,3988.93,105178200,3988.93
3/29/10,4002.13,4017.64,3971.12,4000.66,99561400,4000.66
3/30/10,4018.2,4028.64,3978.87,3987.41,117886800,3987.41
3/31/10,3982.15,3998.57,3943.03,3974.01,139164200,3974.01
4/1/10,3996.53,4041.58,3989.83,4034.23,111669600,4034.23
4/6/10,4048.9,4065.07,4026.74,4053.94,113667400,4053.94
4/7/10,4049.25,4052.03,4020.17,4026.97,115462800,4026.97
4/8/10,4007.37,4012.1,3952.14,3978.46,124318400,3978.46
4/9/10,4008.43,4050.54,4008.2,4050.54,104637800,4050.54
4/12/10,4078.38,4082.11,4032.04,4050.5,106880000,4050.5
4/13/10,4038.73,4058.1,4020.71,4031.99,126779600,4031.99
4/14/10,4051.65,4074.29,4046.61,4057.7,136845000,4057.7
4/15/10,4069.3,4084.69,4036.9,4065.65,136845000,4065.65
4/16/10,4044.89,4086,3976.42,3986.63,191295400,3986.63
4/19/10,3964.53,3987.05,3949.08,3970.47,119539400,3970.47
4/20/10,3987.75,4030.04,3970.63,4026.65,119539400,4026.65
4/21/10,4037.39,4037.39,3976.95,3977.67,138462800,3977.67
4/22/10,3969.5,4007.3,3907.43,3924.65,189281900,3924.65
4/23/10,3921.87,3968.5,3907.19,3951.3,161657800,3951.3
4/26/10,3995.26,4017.53,3978.31,3997.39,129533400,3997.39
4/27/10,3988.87,3995.96,3844.6,3844.6,164571600,3844.6
4/28/10,3815.39,3848.15,3749.53,3787,284113000,3787
4/29/10,3796.44,3857.64,3775.34,3840.62,180090900,3840.62
4/30/10,3829.64,3857.08,3783.95,3816.99,179653200,3816.99
5/3/10,3796.79,3847.21,3771.96,3828.46,100879200,3828.46
5/4/10,3827.05,3836.17,3678.89,3689.29,245235200,3689.29
5/5/10,3688.15,3705.08,3613.57,3636.03,274467800,3636.03
5/6/10,3583.75,3667.89,3541.82,3556.11,331062400,3556.11
5/7/10,3454.6,3538.86,3349.96,3392.59,438501300,3392.59
5/10/10,3605.84,3720.29,3461.96,3720.29,413011200,3720.29
5/11/10,3655.24,3700.29,3623.22,3693.2,222168000,3693.2
5/12/10,3665.77,3763.07,3639.34,3733.87,207577300,3733.87
5/13/10,3774.1,3774.1,3702.74,3731.54,130644800,3731.54
5/14/10,3706.77,3711.12,3543.74,3560.36,239780000,3560.36
5/17/10,3526.87,3594.94,3515.4,3543.55,167306700,3543.55
5/18/10,3601.38,3640.06,3576.27,3617.32,158030000,3617.32
5/19/10,3557.35,3576.14,3485.89,3511.67,221007000,3511.67
5/20/10,3522.46,3555.64,3362.17,3432.52,279907600,3432.52
5/21/10,3433.19,3458.67,3341.76,3430.74,291508000,3430.74
5/24/10,3460.49,3477.86,3399.58,3430.93,134297800,3430.93
5/25/10,3326.54,3348.64,3287.57,3331.29,224325800,3331.29
5/26/10,3393.44,3449.57,3374.78,3408.59,220441200,3408.59
5/27/10,3433.27,3527.7,3420.78,3525.31,207762200,3525.31
5/28/10,3553.17,3553.17,3501.17,3515.06,153896600,3515.06
5/31/10,3506.3,3528.78,3498.07,3507.56,64323600,3507.56
6/1/10,3481.66,3521.24,3414.5,3503.08,187823600,3503.08
6/2/10,3471.83,3505.73,3432.2,3501.5,143898400,3501.5
6/3/10,3572.76,3598.38,3549.88,3557.34,163039000,3557.34
6/4/10,3567.99,3593,3443.11,3455.61,223099000,3455.61
6/7/10,3397.17,3455.32,3381.73,3413.72,175973200,3413.72
6/8/10,3433.86,3433.86,3343.59,3380.36,177003000,3380.36
6/9/10,3411.81,3446.77,3364.84,3446.77,167829200,3446.77
6/10/10,3416.54,3538.61,3405.26,3516.64,172744600,3516.64
6/11/10,3536.85,3570.39,3507.57,3555.52,177228600,3555.52
6/14/10,3583.47,3630.16,3581.97,3626.04,155673600,3626.04
6/15/10,3590.83,3672.71,3590.83,3661.51,152375600,3661.51
6/16/10,3689.65,3689.65,3639.28,3675.93,166233600,3675.93
6/17/10,3671.96,3716.19,3660.25,3683.08,147755800,3683.08
6/18/10,3685.35,3704.59,3662.58,3687.21,197360200,3687.21
6/21/10,3750.7,3759.54,3722.38,3736.15,131633000,3736.15
6/22/10,3703.31,3726.04,3671.39,3705.32,136381400,3705.32
6/23/10,3665.85,3696.03,3626.54,3641.79,133447000,3641.79
6/24/10,3666.42,3667.94,3543.47,3555.36,151023400,3555.36
6/25/10,3559.12,3577.51,3504.31,3519.73,144737600,3519.73
6/28/10,3537.67,3577.59,3506.66,3576.45,110519000,3576.45
6/29/10,3520.33,3532.38,3424.72,3432.99,176011800,3432.99
6/30/10,3448,3470.69,3408.55,3442.89,169320000,3442.89
7/1/10,3386.79,3403.08,3321.35,3339.9,188797200,3339.9
7/2/10,3371.9,3390.78,3337.41,3348.37,161435300,3348.37
7/5/10,3362.72,3364.75,3331.59,3332.46,82880200,3332.46
7/6/10,3352.39,3456.43,3349.68,3423.36,139601000,3423.36
7/7/10,3386.47,3483.44,3361.18,3483.44,161380200,3483.44
7/8/10,3516.13,3553.61,3504.78,3538.25,137177600,3538.25
7/9/10,3567.37,3570.89,3540.39,3554.48,102697000,3554.48
7/12/10,3562.7,3593.12,3545.57,3567.66,81693200,3567.66
7/13/10,3568.39,3642.53,3567.68,3637.76,120330000,3637.76
7/14/10,3652.19,3656.76,3596.27,3632.98,104902600,3632.98
7/15/10,3617.37,3654.1,3569.41,3581.82,129048000,3581.82
7/16/10,3595.02,3614.59,3487.21,3500.16,153679600,3500.16
7/19/10,3476.07,3534.49,3476.07,3486.33,98873200,3486.33
7/20/10,3512.42,3514.39,3419.77,3468.02,121121400,3468.02
7/21/10,3500.36,3541.59,3488.62,3493.92,121735000,3493.92
7/22/10,3473.48,3604.9,3469.47,3600.57,152198400,3600.57
7/23/10,3595.66,3628.2,3575.32,3607.05,144253200,3607.05
7/26/10,3634.76,3636.18,3589.93,3636.18,120159000,3636.18
7/27/10,3661.06,3698.02,3654.22,3666.4,189935300,3666.4
7/28/10,3680.6,3700.4,3656.19,3670.36,144008200,3670.36
7/29/10,3680.06,3720.63,3651.91,3651.91,163107200,3651.91
7/30/10,3647.21,3680.07,3600.83,3643.14,212444400,3643.14
8/2/10,3675.88,3755.72,3671.93,3752.03,128950400,3752.03
8/3/10,3744.52,3751.96,3716.04,3747.51,118021400,3747.51
8/4/10,3746.56,3779.99,3716.03,3760.72,122176400,3760.72
8/5/10,3763.72,3802.94,3758.52,3764.19,111002400,3764.19
8/6/10,3780.82,3794.03,3698.15,3716.05,137452400,3716.05
8/9/10,3764.25,3781.63,3752.99,3777.37,90481000,3777.37
8/10/10,3769.47,3771.67,3710.01,3730.58,104085000,3730.58
8/11/10,3705.44,3708.62,3625.7,3628.29,130808800,3628.29
8/12/10,3611.46,3641.85,3584.44,3621.07,142554800,3621.07
8/13/10,3650.46,3652.08,3577.54,3610.91,112094400,3610.91
8/16/10,3622.6,3628.66,3563.88,3597.6,81349400,3597.6
8/17/10,3615.35,3664.62,3610.27,3663.13,98604600,3663.13
8/18/10,3650.52,3668.5,3625.49,3647.93,84809600,3647.93
8/19/10,3666.94,3680.03,3570.35,3572.4,126822600,3572.4
8/20/10,3570.4,3596.43,3517.49,3526.12,122422600,3526.12
8/23/10,3536.95,3583.45,3524.63,3553.23,84709800,3553.23
8/24/10,3523.49,3529.91,3457.12,3491.11,129505800,3491.11
8/25/10,3482.53,3500.81,3414.84,3450.19,139057400,3450.19
8/26/10,3490.75,3491.85,3455.51,3475.03,117566800,3475.03
8/27/10,3460.35,3509.58,3435.55,3507.44,124786200,3507.44
8/30/10,3518.69,3520.7,3477.27,3487.01,70376000,3487.01
8/31/10,3435.05,3490.79,3430.91,3490.79,132464300,3490.79
9/1/10,3507.87,3626.26,3478.85,3623.84,168577800,3623.84
9/2/10,3610.4,3646.29,3598.18,3631.43,121208000,3631.43
9/3/10,3642.1,3706.48,3631.32,3672.2,132819000,3672.2
9/6/10,3695.47,3695.47,3674.76,3684.73,74534600,3684.73
9/7/10,3669.15,3672.54,3620.36,3643.81,108087700,3643.81
9/8/10,3632.62,3686.91,3613.29,3677.21,125221000,3677.21
9/9/10,3666.76,3731.06,3655.47,3722.15,123690800,3722.15
9/10/10,3703.02,3731.86,3697.18,3725.82,109389800,3725.82
9/13/10,3765.24,3781.48,3751.57,3767.15,131294400,3767.15
9/14/10,3767.38,3784.13,3746.97,3774.4,118190200,3774.4
9/15/10,3776.19,3784.04,3738.44,3755.64,117818000,3755.64
9/16/10,3757.91,3766.13,3729.67,3736.3,107104400,3736.3
9/17/10,3778.24,3795.48,3705.29,3722.02,278399800,3722.02
9/20/10,3738,3792.38,3737.01,3788.01,142000600,3788.01
9/21/10,3781.74,3824.98,3777.62,3784.4,146668200,3784.4
9/22/10,3796.75,3796.75,3729.82,3735.05,141261000,3735.05
9/23/10,3762.43,3771.69,3666.23,3710.61,133300600,3710.61
9/24/10,3687.83,3786.35,3686.29,3782.48,191285800,3782.48
9/27/10,3796.53,3800.87,3764.12,3766.16,109771000,3766.16
9/28/10,3750.53,3780.45,3711.15,3762.35,157413800,3762.35
9/29/10,3780.93,3798.48,3725.57,3737.12,143812000,3737.12
9/30/10,3711.96,3782.67,3693.46,3715.18,160919000,3715.18
10/1/10,3722.93,3754.08,3672.9,3692.09,135442000,3692.09
10/4/10,3689.18,3691.8,3640.48,3649.81,113094000,3649.81
10/5/10,3648.96,3742.66,3638.34,3731.93,124876600,3731.93
10/6/10,3750.87,3779.71,3746.63,3764.91,145799900,3764.91
10/7/10,3769.26,3799.71,3732.45,3770.47,134926800,3770.47
10/8/10,3763.35,3774.92,3738.56,3763.18,123024800,3763.18
10/11/10,3770.03,3782.02,3763.64,3768.49,99536800,3768.49
10/12/10,3738.04,3756.25,3700.26,3748.86,127968000,3748.86
10/13/10,3768.85,3828.34,3766.93,3828.34,126062800,3828.34
10/14/10,3833.42,3845.36,3812.41,3819.17,153148800,3819.17
10/15/10,3829.69,3837.51,3798.93,3827.37,145198400,3827.37
10/18/10,3803.46,3842.39,3798.13,3834.5,88536800,3834.5
10/19/10,3828.75,3853.96,3794.89,3807.17,137790400,3807.17
10/20/10,3793.39,3832.87,3786.36,3828.15,115420600,3828.15
10/21/10,3820.73,3889.74,3811.44,3878.27,135072000,3878.27
10/22/10,3859.33,3887.82,3855.91,3868.54,103381200,3868.54
10/25/10,3894.91,3894.91,3862.8,3870,90223000,3870
10/26/10,3854.58,3866.35,3818.95,3852.66,113039400,3852.66
10/27/10,3836.12,3867.89,3811,3815.77,125054700,3815.77
10/28/10,3838.13,3862.97,3821.88,3834.84,115316500,3834.84
10/29/10,3828.71,3857.58,3807.8,3833.5,112293600,3833.5
11/1/10,3865.04,3873.77,3812.37,3841.11,88108800,3841.11
11/2/10,3830.4,3879.35,3830.14,3865.72,96852400,3865.72
11/3/10,3880.08,3890.9,3834.68,3842.94,116760500,3842.94
11/4/10,3885.17,3931.76,3885.17,3916.78,244575600,3916.78
11/5/10,3928.01,3937.64,3893.93,3916.73,156369000,3916.73
11/8/10,3915.34,3919.86,3896.7,3913.7,116917100,3913.7
11/9/10,3903.85,3961.7,3902.64,3945.71,131200100,3945.71
11/10/10,3923.25,3932.67,3869.2,3888.45,181527000,3888.45
11/11/10,3900.83,3903.2,3848.1,3867.35,168785200,3867.35
11/12/10,3796.61,3853.31,3769.59,3831.12,171830200,3831.12
11/15/10,3810.24,3875.63,3797.75,3864.24,108250800,3864.24
11/16/10,3836.73,3842.12,3762.47,3762.47,159943600,3762.47
11/17/10,3753.76,3798.73,3753.06,3792.35,114469600,3792.35
11/18/10,3823.53,3873.58,3822.15,3867.97,149425000,3867.97
11/19/10,3871.5,3871.5,3827.03,3860.16,118989600,3860.16
11/22/10,3892.65,3896.07,3812.48,3818.89,132362800,3818.89
11/23/10,3792.14,3803.86,3724.42,3724.42,157190800,3724.42
11/24/10,3738.47,3760.78,3703.72,3747.61,159483400,3747.61
11/25/10,3752.42,3767.69,3730.04,3760.42,103016400,3760.42
11/26/10,3728.99,3743.98,3687.43,3728.65,139703200,3728.65
11/29/10,3748.1,3773.9,3636.96,3636.96,176573200,3636.96
11/30/10,3643.63,3656.81,3591.78,3610.44,202078200,3610.44
12/1/10,3634.61,3674.96,3620.64,3669.29,176499800,3669.29
12/2/10,3695.41,3754.82,3650.03,3747.04,186177800,3747.04
12/3/10,3744.24,3775.75,3721.38,3750.55,151577200,3750.55
12/6/10,3758.58,3763.4,3723.16,3749.23,110872600,3749.23
12/7/10,3759.59,3835.06,3758.91,3810.5,143962000,3810.5
12/8/10,3790.48,3857.86,3784.38,3831.98,123966000,3831.98
12/9/10,3857.69,3867.34,3836.83,3858.05,147906200,3858.05
12/10/10,3870.46,3873.64,3850.69,3857.35,104236200,3857.35
12/13/10,3872.83,3904.43,3868.78,3892.44,114030000,3892.44
12/14/10,3893.96,3902.87,3881.64,3902.87,98932400,3902.87
12/15/10,3889.84,3892.93,3865.17,3880.19,108015800,3880.19
12/16/10,3878.25,3897.15,3861.1,3888.36,102082600,3888.36
12/17/10,3901.42,3906.09,3865.1,3867.35,152973800,3867.35
12/20/10,3873.24,3918.69,3869.2,3885.08,100344000,3885.08
12/21/10,3903.16,3936.06,3899.22,3927.49,92340000,3927.49
12/22/10,3922.96,3932.2,3919.47,3919.71,90292800,3919.71
12/23/10,3922.74,3924.3,3889.31,3911.32,56607600,3911.32
12/24/10,3906.93,3911.95,3893.55,3900.39,11748600,3900.39
12/27/10,3893.11,3901.92,3836.05,3862.19,45835800,3862.19
12/28/10,3872.7,3881.97,3858.72,3858.72,38975400,3858.72
12/29/10,3869.9,3904.04,3869.82,3890.65,43576200,3890.65
12/30/10,3893.51,3902.04,3839.61,3850.76,47107800,3850.76
12/31/10,3854.18,3854.18,3804.78,3804.78,21801800,3804.78
1/3/11,3847.63,3904.03,3836.71,3900.86,72025000,3900.86
1/4/11,3908.25,3945.72,3890.83,3916.03,109202000,3916.03
1/5/11,3904.47,3905.98,3850.38,3904.61,116335600,3904.61
1/6/11,3911.34,3945.34,3895.55,3904.42,124397200,3904.42
1/7/11,3892.87,3913.92,3865.58,3865.58,113235600,3865.58
1/10/11,3850.27,3853.38,3790.96,3802.03,123908000,3802.03
1/11/11,3821.99,3866.85,3809.85,3861.92,135100800,3861.92
1/12/11,3870.79,3946.12,3869.67,3945.07,177690200,3945.07
1/13/11,3950.91,3975.63,3943.98,3974.83,185024800,3974.83
1/14/11,3961.04,3992.1,3954.04,3983.28,136628800,3983.28
1/17/11,3984.09,3990.35,3965.91,3975.41,79477600,3975.41
1/18/11,3991.07,4016.4,3987.02,4012.68,138535800,4012.68
1/19/11,4019.79,4022.58,3973.24,3976.71,151931600,3976.71
1/20/11,3972.83,3989.03,3950.3,3964.84,171667200,3964.84
1/21/11,3982.49,4057.97,3979.24,4017.45,189639400,4017.45
1/24/11,4028.33,4037.9,4002.72,4033.21,113053200,4033.21
1/25/11,4049.12,4056.69,4016.5,4019.62,149305800,4019.62
1/26/11,4043.92,4066.41,4039.59,4049.07,159649400,4049.07
1/27/11,4040.2,4079.3,4032.11,4059.57,155312400,4059.57
1/28/11,4044.56,4072.64,4002.32,4002.32,159516400,4002.32
1/31/11,3997.14,4018.51,3953.18,4005.5,149667400,4005.5
2/1/11,4037.14,4078.48,4019.34,4072.62,145716600,4072.62
2/2/11,4084.75,4089.64,4049.74,4066.53,135369200,4066.53
2/3/11,4056.39,4059.25,4009.12,4036.59,132587800,4036.59
2/4/11,4049.01,4059.63,4026.92,4047.21,125922000,4047.21
2/7/11,4055.5,4098.64,4052.61,4090.8,135168800,4090.8
2/8/11,4082.44,4109.38,4078.51,4108.27,150037800,4108.27
2/9/11,4100.62,4120.44,4090.72,4090.74,148466600,4090.74
2/10/11,4078.87,4095.14,4041.63,4095.14,274587200,4095.14
2/11/11,4080.74,4121.38,4039.24,4101.31,225951400,4101.31
2/14/11,4128.7,4130.4,4089.66,4096.62,179200200,4096.62
2/15/11,4091.64,4118.76,4085.5,4110.34,145990600,4110.34
2/16/11,4124.26,4169.87,4121.46,4151.26,181543800,4151.26
2/17/11,4160.78,4163.44,4129.57,4152.31,178321000,4152.31
2/18/11,4164.65,4168.57,4136.17,4157.14,166152200,4157.14
2/21/11,4153.1,4163.99,4087.85,4097.41,123263600,4097.41
2/22/11,4074.62,4078.87,4026.01,4050.27,170506800,4050.27
2/23/11,4044.53,4061.04,4007.93,4013.12,160225400,4013.12
2/24/11,3985.09,4024.26,3984.36,4009.64,198786200,4009.64
2/25/11,4029.07,4084.54,4006.87,4070.38,129429800,4070.38
2/28/11,4064.55,4131.73,4053.42,4110.35,130304200,4110.35
3/1/11,4126.66,4145.73,4056.43,4067.15,156607600,4067.15
3/2/11,4042.51,4053.64,4009.89,4034.32,168907600,4034.32
3/3/11,4057.91,4098.11,4040.43,4060.76,126624400,4060.76
3/4/11,4068.69,4091.31,4010.8,4020.21,105091800,4020.21
3/7/11,4007.34,4049.98,3990.41,3990.41,76137000,3990.41
3/8/11,4006.36,4017.43,3964.99,4015.91,78340200,4015.91
3/9/11,4016.45,4035.81,3985.91,3993.81,87044800,3993.81
3/10/11,3961.37,3980.85,3940.25,3963.99,56764000,3963.99
3/11/11,3926.72,3951.46,3915.21,3928.68,56519600,3928.68
3/14/11,3914.03,3939.5,3871.22,3878.04,98051600,3878.04
3/15/11,3793.95,3820.79,3713.07,3780.85,140934800,3780.85
3/16/11,3800.83,3800.83,3693.94,3696.56,95758400,3696.56
3/17/11,3728.64,3796.62,3708.13,3786.21,132872800,3786.21
3/18/11,3807.51,3861.84,3801.47,3810.22,107533200,3810.22
3/21/11,3870.72,3904.45,3855.25,3904.45,84480400,3904.45
3/22/11,3904.12,3926.66,3876.71,3892.71,97281600,3892.71
3/23/11,3875.26,3918,3875.26,3913.73,67882600,3913.73
3/24/11,3900.24,3973.02,3885.83,3968.84,47473600,3968.84
3/25/11,3986.56,3986.56,3960.19,3972.38,53107800,3972.38
3/28/11,3966.77,3991.32,3959.85,3976.95,121680800,3976.95
3/29/11,3984.05,3990.73,3949.2,3987.8,113657600,3987.8
3/30/11,4024.02,4031.18,4011.71,4024.44,124535200,4024.44
3/31/11,4025.87,4037.4,3989.18,3989.18,127460400,3989.18
4/1/11,4014.58,4055.88,4002.23,4054.76,150410000,4054.76
4/4/11,4051.44,4059.65,4039.6,4042.92,100169600,4042.92
4/5/11,4039.74,4045,4013.67,4041.74,116996200,4041.74
4/6/11,4046.33,4066.75,4015.76,4048.16,134534400,4048.16
4/7/11,4048.7,4070.89,4025.02,4028.3,125786200,4028.3
4/8/11,4051.92,4068.65,4047.55,4061.91,99894800,4061.91
4/11/11,4056.94,4057.53,4026.08,4038.7,96334600,4038.7
4/12/11,4008.34,4018.81,3966.07,3976.6,136738400,3976.6
4/13/11,3998.29,4029.34,3984.01,4006.23,125471800,4006.23
4/14/11,3986.26,3994.86,3949.01,3970.39,141820400,3970.39
4/15/11,3970.65,3977.66,3950.5,3974.48,128157600,3974.48
4/18/11,3970.62,3971.29,3862.4,3881.24,177310600,3881.24
4/19/11,3899.68,3929.17,3895.38,3908.58,122201800,3908.58
4/20/11,3947.46,4008.74,3947.46,4004.62,145177200,4004.62
4/21/11,4021.91,4034.5,4011.38,4021.88,117981600,4021.88
4/26/11,4014.29,4048,4009.82,4045.29,117611000,4045.29
4/27/11,4048.14,4084.32,4036.28,4067.72,136070200,4067.72
4/28/11,4095.42,4107.9,4080.15,4104.9,132981600,4104.9
4/29/11,4093.61,4110.41,4084.47,4106.92,88112400,4106.92
5/2/11,4137.75,4137.97,4108.77,4108.77,73176600,4108.77
5/3/11,4105.35,4107.76,4070.69,4096.84,123666600,4096.84
5/4/11,4089.64,4116.66,4032.22,4043.13,174613800,4043.13
5/5/11,4039.1,4052.23,3981.19,4004.87,158508000,4004.87
5/6/11,4008.43,4064.5,3991.53,4058.01,198353200,4058.01
5/9/11,4037.91,4058.03,3993.67,4007.26,156322200,4007.26
5/10/11,4011.33,4072.16,4006.94,4052.51,135958000,4052.51
5/11/11,4062.43,4076.66,4047.82,4058.08,124748200,4058.08
5/12/11,4015.8,4025.14,3986.93,4023.29,137773600,4023.29
5/13/11,4046.22,4067.59,4011.44,4018.85,131363400,4018.85
5/16/11,3975.38,3998.37,3955.93,3989.82,132068800,3989.82
5/17/11,3973.12,4003.56,3941.58,3941.58,147591800,3941.58
5/18/11,3976.79,3990.7,3956.22,3978,116214600,3978
5/19/11,4001.32,4046.07,3978.18,4027.74,138843000,4027.74
5/20/11,4023.09,4050.57,3983.13,3990.85,142434000,3990.85
5/23/11,3934.36,3937.01,3903.9,3906.98,147679000,3906.98
5/24/11,3915.11,3934.52,3907.16,3916.88,114450200,3916.88
5/25/11,3889.72,3937.54,3884.55,3928.99,125187400,3928.99
5/26/11,3937.05,3949.17,3904.06,3917.22,118966800,3917.22
5/27/11,3958.6,3979.07,3940.86,3950.98,126730400,3950.98
5/30/11,3947.16,3963.28,3931.53,3942.53,45500200,3942.53
5/31/11,3967.63,4015.25,3959.91,4006.94,158365800,4006.94
6/1/11,4014.84,4015.85,3956.07,3964.81,142249400,3964.81
6/2/11,3930.59,3937,3889.87,3889.87,115807400,3889.87
6/3/11,3899.16,3905.59,3845.39,3890.68,121969600,3890.68
6/6/11,3875.63,3881.96,3851.83,3863.4,109191200,3863.4
6/7/11,3863.83,3889.97,3855.99,3871.92,104114200,3871.92
6/8/11,3857.65,3864.37,3826.07,3837.98,134131800,3837.98
6/9/11,3835.25,3884.73,3823.15,3878.65,125482600,3878.65
6/10/11,3865.74,3876.55,3798.88,3805.09,129841400,3805.09
6/13/11,3807.46,3828.23,3796.3,3807.61,71744800,3807.61
6/14/11,3830.79,3877.81,3829.91,3864.58,116978400,3864.58
6/15/11,3851.23,3858.64,3800.32,3806.85,134403400,3806.85
6/16/11,3775.38,3795.48,3743.97,3792.31,190407000,3792.31
6/17/11,3774.55,3843.45,3742.31,3823.74,234691000,3823.74
6/20/11,3758.98,3806.67,3755.29,3799.66,111639000,3799.66
6/21/11,3820.05,3879.44,3820.05,3877.07,121993800,3877.07
6/22/11,3875.11,3885.23,3853.89,3871.37,110901000,3871.37
6/23/11,3852.48,3857.89,3774.27,3787.79,149658400,3787.79
6/24/11,3838.5,3867.13,3775.35,3784.8,165306200,3784.8
6/27/11,3775.75,3803.29,3769.61,3796.55,105267400,3796.55
6/28/11,3810.51,3867.9,3806.35,3851.89,141402000,3851.89
6/29/11,3875.8,3935.94,3868.92,3924.23,149301800,3924.23
6/30/11,3937.26,3982.42,3926.28,3982.21,135571800,3982.21
7/1/11,3981.96,4023.59,3967.46,4007.35,128423200,4007.35
7/4/11,4010.37,4010.37,3996.58,4003.11,88648000,4003.11
7/5/11,3997.48,3998.83,3973.68,3978.83,224301600,3978.83
7/6/11,3981.38,3981.9,3941.65,3961.34,164595400,3961.34
7/7/11,3981.79,4020.33,3960.24,3979.96,159199800,3979.96
7/8/11,3995.43,3999.45,3912.77,3913.55,181067000,3913.55
7/11/11,3878.6,3890.07,3789.85,3807.51,202009000,3807.51
7/12/11,3742.2,3786.54,3717.58,3774.12,253102000,3774.12
7/13/11,3755.51,3800.87,3748.48,3793.27,158020800,3793.27
7/14/11,3754.57,3782.05,3743.89,3751.23,129300000,3751.23
7/15/11,3730.5,3748.05,3706.82,3726.59,154508400,3726.59
7/18/11,3697.54,3698.96,3645.79,3650.71,155673600,3650.71
7/19/11,3671.13,3705.15,3664.68,3694.95,144050000,3694.95
7/20/11,3724.57,3759.48,3709.95,3754.6,159089600,3754.6
7/21/11,3769.86,3839.96,3712.21,3816.75,219725600,3816.75
7/22/11,3855.43,3866.34,3817.61,3842.7,151585800,3842.7
7/25/11,3813.5,3845.06,3808.16,3812.97,122284800,3812.97
7/26/11,3819.23,3835.1,3767.53,3787.88,131683400,3787.88
7/27/11,3774.54,3776.98,3711.19,3734.07,163482000,3734.07
7/28/11,3706.98,3721.37,3669.27,3712.66,247657600,3712.66
7/29/11,3661.32,3691.09,3630.75,3672.77,217617000,3672.77
8/1/11,3718.11,3722.59,3585.62,3588.05,195464800,3588.05
8/2/11,3567.51,3592.3,3522.79,3522.79,187298600,3522.79
8/3/11,3472.94,3518.55,3441.39,3454.94,270629800,3454.94
8/4/11,3515.11,3515.11,3315.34,3320.35,285921000,3320.35
8/5/11,3218.39,3389.87,3218.39,3278.56,373071600,3278.56
8/8/11,3254.36,3333.61,3125.19,3125.19,324537000,3125.19
8/9/11,3131.84,3201.68,2979.87,3176.19,409099800,3176.19
8/10/11,3235.8,3235.8,3001.25,3002.99,396477400,3002.99
8/11/11,3101.87,3101.87,2891.11,3089.66,403786200,3089.66
8/12/11,3094.84,3216.67,3017.19,3213.88,262638400,3213.88
8/15/11,3248.14,3259.59,3201.12,3239.06,130932600,3239.06
8/16/11,3215.5,3230.9,3162.21,3230.9,140077000,3230.9
8/17/11,3211.49,3288.82,3182.27,3254.34,139923000,3254.34
8/18/11,3216.77,3224.33,3048.41,3076.04,225148200,3076.04
8/19/11,3060.83,3078.28,2947.91,3016.99,236184000,3016.99
8/22/11,2989.6,3114.14,2989.6,3051.36,140543000,3051.36
8/23/11,3088.75,3137.37,3051.16,3084.37,144741200,3084.37
8/24/11,3114.98,3166.82,3075.48,3139.55,137490200,3139.55
8/25/11,3167.66,3189.42,3096.54,3119,165541000,3119
8/26/11,3113.84,3122.23,3014.31,3087.64,147228800,3087.64
8/29/11,3141.19,3174.43,3117.94,3154.2,88143400,3154.2
8/30/11,3186.77,3193.17,3129.04,3159.74,116729200,3159.74
8/31/11,3179.21,3263.09,3164.51,3256.76,179748000,3256.76
9/1/11,3273.05,3295.54,3207.32,3265.83,176261000,3265.83
9/2/11,3226.94,3226.94,3132.66,3148.53,170000200,3148.53
9/5/11,3072.51,3083.23,2977.18,2999.54,210686000,2999.54
9/6/11,2998.29,3042.63,2942.78,2965.64,227916000,2965.64
9/7/11,3038.57,3073.18,3015.97,3073.18,148162400,3073.18
9/8/11,3070.58,3116.21,3044.38,3085.83,146587000,3085.83
9/9/11,3064.94,3077.42,2967.17,2974.59,220775200,2974.59
9/12/11,2880.46,2894.03,2820.76,2854.81,267001600,2854.81
9/13/11,2910.44,2910.44,2769.97,2894.93,247813400,2894.93
9/14/11,2851.69,2956.74,2849.73,2949.14,234078800,2949.14
9/15/11,2969.46,3086.64,2960.69,3045.62,231246600,3045.62
9/16/11,3084.16,3084.16,3014.45,3031.08,360134400,3031.08
9/19/11,2960.93,2978.34,2921.98,2940,176380200,2940
9/20/11,2918.07,2991.21,2909.75,2984.05,202852800,2984.05
9/21/11,2982.86,2982.86,2929.97,2935.82,154303600,2935.82
9/22/11,2857.86,2863.76,2771.2,2781.68,230090800,2781.68
9/23/11,2821.43,2823.97,2693.21,2810.11,226499000,2810.11
9/26/11,2754.82,2916.75,2753.27,2859.34,202905000,2859.34
9/27/11,2943.32,3023.38,2910.22,3023.38,208513200,3023.38
9/28/11,2990.47,3055.67,2969.49,2995.62,162366600,2995.62
9/29/11,2978.26,3060.43,2974.98,3027.65,164273800,3027.65
9/30/11,3009.26,3021.97,2948.24,2981.96,176677200,2981.96
10/3/11,2913.07,2946.38,2888.83,2926.83,161438000,2926.83
10/4/11,2884.54,2884.62,2808.22,2850.55,220968200,2850.55
10/5/11,2921.3,2973.9,2887.82,2973.9,189958600,2973.9
10/6/11,2999.78,3075.37,2995.38,3075.37,211300200,3075.37
10/7/11,3073.94,3126,3052.46,3095.56,168207000,3095.56
10/10/11,3121.41,3162.73,3094.17,3161.47,138238600,3161.47
10/11/11,3151.87,3156.09,3115.05,3153.52,147086200,3153.52
10/12/11,3136.55,3238.07,3121.16,3229.76,195669400,3229.76
10/13/11,3212.54,3251.62,3168.38,3186.94,210298800,3186.94
10/14/11,3200.52,3250.48,3180.05,3217.89,154156800,3217.89
10/17/11,3241.97,3266.57,3149.93,3166.06,155771600,3166.06
10/18/11,3125.24,3152.09,3088.32,3141.1,153524600,3141.1
10/19/11,3166.24,3184.33,3137.05,3157.34,187332800,3157.34
10/20/11,3108.36,3148.4,3082.12,3084.07,188070600,3084.07
10/21/11,3110.2,3171.34,3092.43,3171.34,158792600,3171.34
10/24/11,3190.71,3224.09,3156.37,3220.46,127798000,3220.46
10/25/11,3202.06,3228.38,3150.13,3174.29,145688400,3174.29
10/26/11,3167.66,3227.97,3146.11,3169.62,139979600,3169.62
10/27/11,3300.72,3372.54,3243.79,3368.62,282367000,3368.62
10/28/11,3378.58,3411.22,3333.29,3348.63,187220400,3348.63
10/31/11,3302.78,3310.3,3242.84,3242.84,162597600,3242.84
11/1/11,3162.57,3181.66,3057.26,3068.33,265743800,3068.33
11/2/11,3117.88,3134.83,3049.7,3110.59,163604400,3110.59
11/3/11,3039.57,3221.94,3029.44,3195.47,227668200,3195.47
11/4/11,3219.71,3228.11,3113.44,3123.55,252337800,3123.55
11/7/11,3087.98,3144.04,3053.1,3103.6,206315000,3103.6
11/8/11,3104.93,3193.62,3102.67,3143.3,178067200,3143.3
11/9/11,3170.16,3183.41,3046.36,3075.16,206955600,3075.16
11/10/11,3011.39,3122.29,3008.73,3064.84,185762800,3064.84
11/11/11,3070.33,3154.98,3057.04,3149.38,142159800,3149.38
11/14/11,3169.43,3174.32,3090.23,3108.95,131608000,3108.95
11/15/11,3082.04,3097.98,3030.16,3049.13,145882800,3049.13
11/16/11,3038.6,3102.24,3027.44,3064.9,125450600,3064.9
11/17/11,3052.94,3064.15,3000.67,3010.29,140556200,3010.29
11/18/11,2989.97,3026.39,2979.6,2997.01,126345000,2997.01
11/21/11,2981.79,2981.79,2894.94,2894.94,140566000,2894.94
11/22/11,2925.32,2941.76,2870.68,2870.68,166526600,2870.68
11/23/11,2840.29,2881.56,2822.43,2822.43,183383800,2822.43
11/24/11,2849.5,2876.31,2807.06,2822.25,165475000,2822.25
11/25/11,2822.85,2871.49,2793.22,2856.97,128025400,2856.97
11/28/11,2897.48,3012.93,2890.76,3012.93,162111800,3012.93
11/29/11,2995.96,3047.87,2972.1,3026.76,129577200,3026.76
11/30/11,2992.14,3166.55,2986.28,3154.62,246590000,3154.62
12/1/11,3151.35,3168.92,3119.74,3129.95,150485200,3129.95
12/2/11,3167.31,3201.06,3151.41,3164.95,160039800,3164.95
12/5/11,3206.67,3215.78,3183.57,3201.28,135224000,3201.28
12/6/11,3172.93,3207.9,3167.64,3179.63,141994400,3179.63
12/7/11,3225.36,3244.89,3131.99,3175.98,148582400,3175.98
12/8/11,3202.33,3215.59,3091.23,3095.49,168175800,3095.49
12/9/11,3066.46,3175.9,3064.63,3172.35,178013400,3172.35
12/12/11,3150.84,3163.7,3089.59,3089.59,128300800,3089.59
12/13/11,3096.67,3111.1,3059.46,3078.72,144710600,3078.72
12/14/11,3057.43,3072.95,2976.17,2976.17,153957400,2976.17
12/15/11,2989.95,3021.64,2975.12,2998.73,141730000,2998.73
12/16/11,3010.41,3017.09,2969.4,2972.3,205243400,2972.3
12/19/11,2942.34,3009.99,2941.4,2974.2,107024600,2974.2
12/20/11,2967.05,3055.39,2957.2,3055.39,151683800,3055.39
12/21/11,3080,3121.39,3019.72,3030.47,136210400,3030.47
12/22/11,3046.83,3080.19,3046.83,3071.8,97425200,3071.8
12/23/11,3101.75,3113.94,3086.1,3102.09,57720200,3102.09
12/27/11,3111.14,3131.5,3098.14,3103.11,40091200,3103.11
12/28/11,3102.24,3130.82,3071.08,3071.08,60153000,3071.08
12/29/11,3081.17,3127.56,3064.69,3127.56,68204400,3127.56
12/30/11,3139.91,3159.81,3120.05,3159.81,61300800,3159.81
1/2/12,3158.24,3222.3,3157,3222.3,77388600,3222.3
1/3/12,3231.43,3246.74,3193.63,3245.4,123415200,3245.4
1/4/12,3227.46,3242.84,3186.48,3193.65,114040800,3193.65
1/5/12,3197.16,3200.15,3136.75,3144.91,121161600,3144.91
1/6/12,3156.42,3184.38,3122.63,3137.36,104492800,3137.36
1/9/12,3143.95,3157.31,3114.45,3127.69,96976800,3127.69
1/10/12,3154.25,3219.43,3154.25,3210.79,145862400,3210.79
1/11/12,3204,3236.34,3181.17,3204.83,160926400,3204.83
1/12/12,3210.88,3253.29,3190.12,3199.98,158950800,3199.98
1/13/12,3224.16,3243.85,3151.69,3196.49,148237600,3196.49
1/16/12,3174.33,3231.02,3163.68,3225,91678800,3225
1/17/12,3260.27,3292.59,3243.37,3269.99,138784600,3269.99
1/18/12,3276.35,3301.89,3236.49,3264.93,165938400,3264.93
1/19/12,3286.11,3328.94,3272.31,3328.94,225110400,3328.94
1/20/12,3336.22,3336.62,3304.95,3321.5,192035600,3321.5
1/23/12,3325.42,3352.32,3313.71,3338.42,150082800,3338.42
1/24/12,3320.06,3323.97,3292.51,3322.65,155540800,3322.65
1/25/12,3336.53,3339.56,3285.63,3312.48,157690800,3312.48
1/26/12,3331.82,3368.66,3323.07,3363.23,182746000,3363.23
1/27/12,3345.07,3368.22,3318.76,3318.76,140533600,3318.76
1/30/12,3295.98,3300.68,3264.02,3265.64,141927600,3265.64
1/31/12,3292.01,3325.1,3289.48,3298.55,130102200,3298.55
2/1/12,3320.32,3370.28,3320.32,3367.46,160844200,3367.46
2/2/12,3386.63,3399.53,3355.84,3376.66,139818800,3376.66
2/3/12,3370.63,3427.92,3361.18,3427.92,172897800,3427.92
2/6/12,3412.32,3412.32,3380.94,3405.27,120660200,3405.27
2/7/12,3416.04,3421.64,3379.43,3411.54,119911600,3411.54
2/8/12,3425.41,3439.09,3410,3410,152896800,3410
2/9/12,3419.44,3449.24,3412.58,3424.71,174475800,3424.71
2/10/12,3394.92,3409.76,3365.48,3373.14,264071200,3373.14
2/13/12,3406.86,3413.43,3366.32,3384.55,147394200,3384.55
2/14/12,3369.75,3399.97,3362.51,3375.64,157063200,3375.64
2/15/12,3399.37,3419.07,3377.55,3390.35,161884400,3390.35
2/16/12,3366,3393.25,3352.63,3393.25,165232800,3393.25
2/17/12,3425.83,3450.76,3422.21,3439.62,192343600,3439.62
2/20/12,3463.56,3472.93,3452.7,3472.54,139267800,3472.54
2/21/12,3476.12,3478.01,3440.34,3465.24,143283200,3465.24
2/22/12,3472.76,3478.03,3443.59,3447.37,174313200,3447.37
2/23/12,3437.77,3468.54,3425.02,3447.31,161449400,3447.31
2/24/12,3464.96,3474.55,3451.1,3467.03,131628200,3467.03
2/27/12,3452.01,3452.06,3412.17,3441.45,122436800,3441.45
2/28/12,3455.34,3462.54,3425.73,3453.99,144284000,3453.99
2/29/12,3464.88,3489.48,3447.61,3452.45,168217200,3452.45
3/1/12,3444.53,3500.01,3431.93,3499.73,199114600,3499.73
3/2/12,3504.72,3514.15,3493.79,3501.17,140367000,3501.17
3/5/12,3485.51,3499.25,3462.66,3487.54,119496400,3487.54
3/6/12,3475.43,3475.43,3362.56,3362.56,201021600,3362.56
3/7/12,3364.13,3396.45,3363.28,3392.33,151405800,3392.33
3/8/12,3415.6,3478.36,3410.94,3478.36,167386000,3478.36
3/9/12,3484.59,3507.52,3464.74,3487.48,139266200,3487.48
3/12/12,3473.37,3493.87,3467.61,3490.06,126652200,3490.06
3/13/12,3508.59,3550.58,3508.59,3550.16,144632400,3550.16
3/14/12,3565.65,3585.98,3561.92,3564.51,193729400,3564.51
3/15/12,3559.1,3581.38,3554.45,3580.21,166627400,3580.21
3/16/12,3581.45,3600.48,3574.92,3594.83,216965200,3594.83
3/19/12,3581.48,3581.48,3563.28,3577.88,118717800,3577.88
3/20/12,3563.98,3566.37,3524.02,3530.83,130689600,3530.83
3/21/12,3546.76,3565.3,3504,3527.37,134489800,3527.37
3/22/12,3514.61,3518.59,3457.19,3472.46,142925200,3472.46
3/23/12,3473.34,3490.9,3432.56,3476.18,121675600,3476.18
3/26/12,3495.76,3509.55,3457.8,3501.98,110539600,3501.98
3/27/12,3515.73,3535.6,3465.15,3469.59,156349800,3469.59
3/28/12,3456.07,3484.65,3430.15,3430.15,145509600,3430.15
3/29/12,3426.08,3435.41,3374.69,3381.12,158467800,3381.12
3/30/12,3407.31,3430.32,3396.29,3423.81,151574200,3423.81
4/2/12,3439.17,3462.91,3397.98,3462.91,157446000,3462.91
4/3/12,3464.32,3473.2,3406.78,3406.78,139988000,3406.78
4/4/12,3392.1,3395.34,3310.5,3313.47,225598400,3313.47
4/5/12,3326.31,3338.77,3279.31,3319.81,181386200,3319.81
4/10/12,3274.85,3292.28,3217.6,3217.6,196653400,3217.6
4/11/12,3214.63,3270.91,3205.44,3237.69,200455400,3237.69
4/12/12,3248.22,3277.99,3209.83,3269.79,202679800,3269.79
4/13/12,3264.74,3267.54,3180.19,3189.09,189477800,3189.09
4/16/12,3183.19,3246.08,3182.52,3205.28,184440000,3205.28
4/17/12,3204.74,3292.51,3196.47,3292.51,185359600,3292.51
4/18/12,3277.07,3291.51,3226.33,3240.29,176188600,3240.29
4/19/12,3252.94,3280.24,3174.02,3174.02,230817200,3174.02
4/20/12,3177.94,3203.69,3155.36,3188.58,215871600,3188.58
4/23/12,3157.85,3157.85,3088.36,3098.37,198135600,3098.37
4/24/12,3114.71,3176.66,3107.3,3169.32,175301400,3169.32
4/25/12,3177.22,3253.56,3174.02,3233.46,202076400,3233.46
4/26/12,3240.54,3256.93,3189.88,3229.32,251400200,3229.32
4/27/12,3195.41,3282.65,3172.8,3266.27,203374400,3266.27
4/30/12,3270.78,3273.06,3209.31,3212.8,149105600,3212.8
5/2/12,3265.12,3267.07,3208.42,3226.33,178449000,3226.33
5/3/12,3242.45,3273.72,3207.54,3223.36,185129400,3223.36
5/4/12,3210.9,3229.42,3153.92,3161.97,202082000,3161.97
5/7/12,3112.47,3219.41,3104.49,3214.22,172284600,3214.22
5/8/12,3190.18,3190.18,3111.11,3124.8,179565000,3124.8
5/9/12,3138.01,3146.59,3075.88,3118.65,192860000,3118.65
5/10/12,3136.16,3145.06,3073.38,3130.17,192713200,3130.17
5/11/12,3107.6,3134.62,3077.41,3129.77,168826000,3129.77
5/14/12,3093.36,3098.16,3038.97,3057.99,168076400,3057.99
5/15/12,3079.83,3098.8,3020.81,3039.27,202779800,3039.27
5/16/12,3017.42,3081.74,2998.03,3048.67,216215400,3048.67
5/17/12,3054.58,3059.23,3002.68,3011.99,147999600,3011.99
5/18/12,2980.86,3031.83,2970.1,3008,201902000,3008
5/21/12,2997.19,3043.43,2984.72,3027.15,156823200,3027.15
5/22/12,3051.61,3093.92,3032,3084.09,191600800,3084.09
5/23/12,3050.2,3053.74,2994.15,3003.27,195900400,3003.27
5/24/12,3028.84,3053.11,2987.9,3038.25,165411800,3038.25
5/25/12,3044.66,3070.84,3016.27,3047.94,152114600,3047.94
5/28/12,3068.34,3087.76,3034.09,3042.97,80145000,3042.97
5/29/12,3058.96,3099.84,3036.88,3084.7,144484800,3084.7
5/30/12,3051.25,3078.83,3006.28,3015.58,112349000,3015.58
5/31/12,3028.93,3042.75,2986.22,3017.01,122421200,3017.01
6/1/12,3028.3,3028.3,2922.26,2950.47,250825600,2950.47
6/4/12,2928.91,2987.15,2927.01,2954.49,145514000,2954.49
6/5/12,2972.31,2997.74,2957.01,2986.1,138917800,2986.1
6/6/12,3006.38,3065.78,3001.56,3058.44,220919200,3058.44
6/7/12,3071.41,3104.74,3063.45,3071.16,208263000,3071.16
6/8/12,3043.81,3062.77,3017.5,3051.69,201185600,3051.69
6/11/12,3110.96,3122.41,3040.11,3042.76,223674000,3042.76
6/12/12,3044.1,3069.45,3015.39,3046.91,184617400,3046.91
6/13/12,3056.2,3072.93,3014.27,3030.04,180674400,3030.04
6/14/12,3022.4,3035.87,2993.71,3032.45,158485200,3032.45
6/15/12,3049.84,3095.84,3048.04,3087.62,286583400,3087.62
6/18/12,3120.82,3129.29,3054.38,3066.19,207724400,3066.19
6/19/12,3064.2,3119.59,3052.65,3117.92,169850800,3117.92
6/20/12,3126.64,3131.2,3100.51,3126.52,145760000,3126.52
6/21/12,3111.03,3153.28,3099.74,3114.22,171797000,3114.22
6/22/12,3090.41,3113.76,3075.14,3090.9,139216800,3090.9
6/25/12,3072.61,3075.01,3007.09,3021.64,153082200,3021.64
6/26/12,3027.14,3035.99,3003.84,3012.71,139410000,3012.71
6/27/12,3022.26,3063.12,3010.15,3063.12,143068400,3063.12
6/28/12,3065.96,3071.16,3021.07,3051.68,152627000,3051.68
6/29/12,3138.55,3196.65,3112.29,3196.65,233703600,3196.65
7/2/12,3197.04,3251.86,3191.18,3240.2,214002000,3240.2
7/3/12,3243.53,3271.2,3241.93,3271.2,148291200,3271.2
7/4/12,3263.57,3267.75,3245.42,3267.75,101865600,3267.75
7/5/12,3262.64,3288.51,3209.65,3229.36,176320200,3229.36
7/6/12,3214.05,3227.06,3168.79,3168.79,159133600,3168.79
7/9/12,3167.28,3175.99,3139.05,3156.8,128499200,3156.8
7/10/12,3166.59,3204.62,3152.27,3175.41,141532600,3175.41
7/11/12,3154.96,3176.83,3144.93,3157.25,125155800,3157.25
7/12/12,3144.02,3159.48,3118.48,3135.18,150126800,3135.18
7/13/12,3148.34,3181.48,3137.05,3180.81,150635200,3180.81
7/16/12,3176.27,3183.26,3155.63,3179.9,121651800,3179.9
7/17/12,3187.45,3203.39,3166.76,3176.97,237617000,3176.97
7/18/12,3195.24,3235.4,3192.43,3235.4,168883200,3235.4
7/19/12,3246.69,3267.75,3237.6,3263.64,210156600,3263.64
7/20/12,3258.59,3261.78,3192.69,3193.89,219491400,3193.89
7/23/12,3159.68,3162.98,3087.36,3101.53,204753200,3101.53
7/24/12,3114.09,3119.75,3074.68,3074.68,152292600,3074.68
7/25/12,3066.92,3113.06,3065.47,3081.74,152737000,3081.74
7/26/12,3094.91,3207.12,3071.8,3207.12,271658800,3207.12
7/27/12,3224.98,3280.19,3193.72,3280.19,221471800,3280.19
7/30/12,3299.31,3330.69,3288.75,3320.71,176840200,3320.71
7/31/12,3318.84,3334.82,3291.66,3291.66,166607200,3291.66
8/1/12,3298.7,3328.5,3296.62,3321.56,133694800,3321.56
8/2/12,3315.75,3374.84,3232.46,3232.46,264425000,3232.46
8/3/12,3244.6,3374.19,3238.4,3374.19,178642800,3374.19
8/6/12,3365.37,3416.31,3358.2,3401.56,143402200,3401.56
8/7/12,3400.37,3453.28,3398.59,3453.28,171331800,3453.28
8/8/12,3439.12,3452.49,3420.82,3438.26,131818400,3438.26
8/9/12,3454.25,3464.29,3421.6,3456.71,121509600,3456.71
8/10/12,3438.03,3442.24,3413.51,3435.62,114694000,3435.62
8/13/12,3429.53,3453.57,3410.94,3426.41,88928400,3426.41
8/14/12,3444.33,3459.26,3432.15,3450.27,90552800,3450.27
8/15/12,3436.3,3463.03,3424.34,3449.2,61739600,3449.2
8/16/12,3459.78,3480.49,3438.17,3480.49,109118400,3480.49
8/17/12,3491.6,3501.91,3475.39,3488.38,144554400,3488.38
8/20/12,3484.47,3505.6,3458.93,3480.58,114608000,3480.58
8/21/12,3491.56,3523.85,3491.56,3513.28,107936200,3513.28
8/22/12,3484.53,3500.54,3461.65,3461.65,99352000,3461.65
8/23/12,3485.95,3495.8,3415.35,3432.56,112876400,3432.56
8/24/12,3432.1,3442.33,3396.81,3433.21,107574600,3433.21
8/27/12,3422.55,3462.83,3414.69,3462.83,79701800,3462.83
8/28/12,3440,3455.66,3421.05,3431.55,85575000,3431.55
8/29/12,3427.4,3434.12,3403.42,3413.89,98265400,3413.89
8/30/12,3405.13,3414.04,3372.16,3379.11,121919400,3379.11
8/31/12,3377.89,3433.78,3371.74,3413.07,159808000,3413.07
9/3/12,3401.96,3453.71,3394.03,3453.71,77359400,3453.71
9/4/12,3458.56,3458.56,3397.79,3399.04,90892600,3399.04
9/5/12,3399.23,3426.39,3372.8,3405.79,137866600,3405.79
9/6/12,3412.88,3509.88,3411.51,3509.88,214895200,3509.88
9/7/12,3519.65,3561.91,3515.23,3519.05,242138600,3519.05
9/10/12,3513.66,3528.02,3503.48,3506.05,139082000,3506.05
9/11/12,3492.13,3537.44,3477.37,3537.3,144834400,3537.3
9/12/12,3546.19,3575.41,3525.88,3543.79,212529600,3543.79
9/13/12,3540.92,3540.93,3494.11,3502.09,155258400,3502.09
9/14/12,3573.3,3588.02,3555.67,3581.58,230404600,3581.58
9/17/12,3558.57,3573.98,3552.63,3553.69,142076400,3553.69
9/18/12,3533.77,3538.45,3500.34,3512.69,167406800,3512.69
9/19/12,3528.67,3540.32,3503.73,3531.82,155636400,3531.82
9/20/12,3501.01,3520.94,3486.36,3509.92,137676200,3509.92
9/21/12,3528.46,3540.88,3504.61,3530.72,234806800,3530.72
9/24/12,3501.34,3514.07,3483.54,3497.22,106334400,3497.22
9/25/12,3490.16,3520.29,3474.09,3513.81,122937000,3513.81
9/26/12,3471.74,3472.71,3414.84,3414.84,163388200,3414.84
9/27/12,3437.41,3447.46,3421.31,3439.32,114155800,3439.32
9/28/12,3457.46,3459.58,3354.82,3354.82,157124800,3354.82
10/1/12,3348.07,3438.93,3348.07,3434.98,161579200,3434.98
10/2/12,3411.25,3450.8,3392.37,3414.23,137533200,3414.23
10/3/12,3396.79,3420.74,3387.95,3406.02,118791200,3406.02
10/4/12,3422.11,3432.44,3387.48,3401.2,111079600,3401.2
10/5/12,3410.4,3461.84,3410.4,3457.04,143091000,3457.04
10/8/12,3429.32,3429.86,3404.97,3406.53,123548600,3406.53
10/9/12,3420.23,3427.42,3377.92,3382.78,185969000,3382.78
10/10/12,3370.92,3387.38,3365.87,3365.87,140022200,3365.87
10/11/12,3352.85,3423.98,3351.44,3413.72,141013400,3413.72
10/12/12,3401.26,3419,3389.08,3389.08,173790200,3389.08
10/15/12,3387.76,3439.52,3387.76,3420.28,125729400,3420.28
10/16/12,3443.6,3500.94,3428.97,3500.94,163753600,3500.94
10/17/12,3503.82,3530.79,3494.35,3527.5,229314400,3527.5
10/18/12,3527.76,3542.58,3508.4,3535.18,184827000,3535.18
10/19/12,3527.79,3537.92,3496.76,3504.56,219409800,3504.56
10/22/12,3498.38,3519.05,3475.82,3483.25,134746600,3483.25
10/23/12,3485.94,3492.02,3391.3,3406.5,161423000,3406.5
10/24/12,3421.83,3433.76,3388.71,3426.49,123443600,3426.49
10/25/12,3427.83,3457.3,3408.93,3411.53,132274000,3411.53
10/26/12,3384.68,3446.74,3382.36,3435.09,141176000,3435.09
10/29/12,3419.38,3421.34,3394.89,3408.89,101421800,3408.89
10/30/12,3414.71,3461.97,3414.71,3459.44,79154400,3459.44
10/31/12,3459.34,3484.78,3429.27,3429.27,118320800,3429.27
11/1/12,3420.48,3484.17,3413.69,3475.4,112130000,3475.4
11/2/12,3480.63,3502.64,3457.93,3492.46,164708800,3492.46
11/5/12,3469.9,3473.57,3448.5,3448.5,103696800,3448.5
11/6/12,3455.83,3480.5,3446.71,3478.66,100138600,3478.66
11/7/12,3513.42,3515.87,3409.59,3409.59,186738000,3409.59
11/8/12,3433.8,3440.77,3400.24,3407.68,194507600,3407.68
11/9/12,3410.98,3432.94,3374.08,3423.57,196468200,3423.57
11/12/12,3424.55,3428.5,3403.97,3411.65,105320800,3411.65
11/13/12,3391.57,3434.27,3374.1,3430.6,134343200,3430.6
11/14/12,3424.68,3436.26,3394.73,3400.02,142418200,3400.02
11/15/12,3379.32,3400.52,3374.47,3382.4,137885400,3382.4
11/16/12,3379.52,3392.53,3341.52,3341.52,164486000,3341.52
11/19/12,3375.42,3444.09,3369.53,3439.58,124613000,3439.58
11/20/12,3424.71,3463.77,3415.66,3462.06,108347200,3462.06
11/21/12,3454.01,3483.99,3444.55,3477.36,106637800,3477.36
11/22/12,3489.08,3499.62,3480.99,3498.22,125237600,3498.22
11/23/12,3505.35,3528.8,3481.65,3528.8,187965800,3528.8
11/26/12,3513.94,3522.02,3494.27,3500.94,107463200,3500.94
11/27/12,3521.17,3530.79,3491.06,3502.13,118886400,3502.13
11/28/12,3489.53,3519.72,3479.16,3515.19,111925800,3515.19
11/29/12,3536.8,3568.94,3532.77,3568.88,136953400,3568.88
11/30/12,3568.05,3584.73,3557.28,3557.28,261395000,3557.28
12/3/12,3567.9,3603.05,3563.29,3566.59,122978400,3566.59
12/4/12,3563.03,3596.9,3563.02,3580.48,148535400,3580.48
12/5/12,3602.21,3607.1,3575.1,3590.5,126952800,3590.5
12/6/12,3598.13,3621.45,3585.33,3601.65,157769800,3601.65
12/7/12,3606.76,3622.36,3590.12,3605.61,120629200,3605.61
12/10/12,3587.32,3614.46,3575.53,3612.1,106222200,3612.1
12/11/12,3618.97,3648.93,3609,3646.15,116762600,3646.15
12/12/12,3646.42,3652.04,3636.02,3646.66,101235800,3646.66
12/13/12,3654.22,3659.1,3633.35,3643.13,105850400,3643.13
12/14/12,3643.7,3652.96,3631.88,3643.28,182944400,3643.28
12/17/12,3633.17,3639.87,3611.12,3638.1,136648200,3638.1
12/18/12,3650.25,3656.47,3631.61,3648.63,189095600,3648.63
12/19/12,3661.63,3670.2,3650.5,3664.59,155859400,3664.59
12/20/12,3652.41,3674.57,3652.08,3666.73,156365400,3666.73
12/21/12,3650.25,3667.02,3637.89,3661.4,274258800,3661.4
12/24/12,3662.95,3670.52,3649.89,3652.61,20914200,3652.61
12/27/12,3652.45,3684.16,3652.45,3674.26,55635000,3674.26
12/28/12,3677,3680.11,3618.67,3620.25,49791000,3620.25
12/31/12,3600.16,3656.66,3599.22,3641.07,23836800,3641.07
1/2/13,3702.66,3733.93,3692.9,3733.93,90342600,3733.93
1/3/13,3724.3,3726.97,3703.83,3721.17,58745000,3721.17
1/4/13,3713.32,3731.13,3696.54,3730.02,64316800,3730.02
1/7/13,3731.49,3732.65,3696.51,3704.64,82577200,3704.64
1/8/13,3694.21,3731.24,3692.9,3705.88,90902400,3705.88
1/9/13,3722.09,3730.05,3703.53,3717.45,130148400,3717.45
1/10/13,3716.08,3727.35,3694.07,3703.12,140769400,3703.12
1/11/13,3708.88,3714.45,3683.82,3706.02,83582800,3706.02
1/14/13,3721.63,3730.04,3704.17,3708.25,29746400,3708.25
1/15/13,3697.21,3718.3,3689.34,3697.35,103642200,3697.35
1/16/13,3694.43,3715.15,3680.61,3708.49,90940200,3708.49
1/17/13,3709.12,3754.17,3705.04,3744.11,97595600,3744.11
1/18/13,3758.38,3760.95,3735.71,3741.58,100071000,3741.58
1/21/13,3747.58,3763.42,3739.45,3763.03,57381200,3763.03
1/22/13,3759,3762.93,3724.53,3741.01,98266200,3741.01
1/23/13,3743.47,3751.91,3714.34,3726.17,96342200,3726.17
1/24/13,3723.03,3752.42,3711.55,3752.17,79562200,3752.17
1/25/13,3745.81,3782.6,3745.02,3778.16,100132000,3778.16
1/28/13,3784.58,3789.12,3771.11,3780.89,83043200,3780.89
1/29/13,3780.2,3789.92,3762.85,3785.82,84269800,3785.82
1/30/13,3787.33,3793.26,3759.26,3765.52,96926400,3765.52
1/31/13,3755.11,3761.22,3725.68,3732.6,121568600,3732.6
2/1/13,3734.66,3786.25,3731.72,3773.53,108402400,3773.53
2/4/13,3778.36,3778.36,3659.91,3659.91,126058600,3659.91
2/5/13,3654.22,3710.81,3654.22,3694.7,90120000,3694.7
2/6/13,3695.27,3706.98,3624.03,3642.9,130229600,3642.9
2/7/13,3638.94,3659.97,3601.05,3601.05,102633000,3601.05
2/8/13,3614.96,3653.56,3608.11,3649.5,98615600,3649.5
2/11/13,3660.28,3676.43,3634.82,3650.58,69192400,3650.58
2/12/13,3645.27,3686.58,3639.53,3686.58,88558400,3686.58
2/13/13,3692.47,3709.39,3673.14,3698.53,89567200,3698.53
2/14/13,3691.5,3710.09,3657.66,3669.6,112155000,3669.6
2/15/13,3665.78,3694.73,3659.24,3660.37,103652600,3660.37
2/18/13,3655.53,3669.35,3640.83,3667.04,65821000,3667.04
2/19/13,3662.12,3740.49,3661.13,3735.82,100742000,3735.82
2/20/13,3734.13,3743.65,3701.75,3709.88,119456600,3709.88
2/21/13,3687.28,3688.05,3623.17,3624.8,142011800,3624.8
2/22/13,3645.72,3706.78,3644.55,3706.28,107975400,3706.28
2/25/13,3721.1,3787.53,3704.93,3721.33,133442600,3721.33
2/26/13,3610.06,3667.62,3600.81,3621.92,162457200,3621.92
2/27/13,3641.9,3693.17,3619.47,3691.49,125396600,3691.49
2/28/13,3711.72,3728.12,3685.06,3723,124268000,3723
3/1/13,3712.42,3731.7,3661.21,3699.91,106514200,3699.91
3/4/13,3680.58,3723.68,3673.03,3709.76,98922400,3709.76
3/5/13,3737.81,3793.24,3736.91,3787.19,112332600,3787.19
3/6/13,3791.54,3809,3769.94,3773.76,90551200,3773.76
3/7/13,3783.04,3802.18,3779.82,3793.78,88515400,3793.78
3/8/13,3813.7,3849.87,3813.08,3840.15,110423000,3840.15
3/11/13,3830.69,3837.79,3817.92,3836.27,73777000,3836.27
3/12/13,3824.11,3855.07,3822.95,3839.97,84350200,3839.97
3/13/13,3834.44,3839.99,3817.56,3836.04,83695200,3836.04
3/14/13,3855.3,3871.58,3849.69,3871.58,119993400,3871.58
3/15/13,3869.14,3869.14,3829.73,3844.03,198658000,3844.03
3/18/13,3768.07,3832.02,3761.22,3825.47,122589000,3825.47
3/19/13,3813.37,3819.37,3763.99,3775.75,126794800,3775.75
3/20/13,3798.12,3834.88,3785.81,3829.56,105949800,3829.56
3/21/13,3821.44,3822.65,3756.58,3774.85,103805600,3774.85
3/22/13,3766.24,3790.92,3750.05,3770.29,95914400,3770.29
3/25/13,3823.88,3837.02,3719.44,3727.98,131724200,3727.98
3/26/13,3735.32,3765.01,3732.14,3748.64,108932200,3748.64
3/27/13,3763.02,3765.76,3669.17,3711.64,140480800,3711.64
3/28/13,3710.92,3751.15,3695.09,3731.42,109480800,3731.42
4/2/13,3729.82,3810.18,3729.28,3805.37,129183200,3805.37
4/3/13,3789.58,3806.3,3752.71,3754.96,113307000,3754.96
4/4/13,3767.88,3794.72,3719.2,3726.16,124703400,3726.16
4/5/13,3727.63,3735.68,3638.83,3663.48,127796600,3663.48
4/8/13,3677.21,3694.27,3663.16,3666.78,79621800,3666.78
4/9/13,3688.23,3701.93,3655.92,3670.72,97491000,3670.72
4/10/13,3685.28,3750.17,3685.28,3743.71,125566400,3743.71
4/11/13,3739.9,3788.86,3736.53,3775.66,101183000,3775.66
4/12/13,3765.65,3773.64,3718.11,3729.3,100063800,3729.3
4/15/13,3728.69,3747.67,3684.85,3710.48,103653000,3710.48
4/16/13,3694.66,3721.96,3676.45,3685.79,107304000,3685.79
4/17/13,3707.05,3711.47,3591.32,3599.23,156357600,3599.23
4/18/13,3617.03,3636.88,3584.38,3599.36,132881000,3599.36
4/19/13,3633.33,3657.98,3613.97,3651.96,121170000,3651.96
4/22/13,3673.48,3681.95,3631.58,3652.13,88581400,3652.13
4/23/13,3655.65,3783.05,3655.07,3783.05,151079000,3783.05
4/24/13,3786.45,3849.04,3782.56,3842.94,141670400,3842.94
4/25/13,3835.25,3854.41,3825.61,3840.47,98405200,3840.47
4/26/13,3821.99,3828.14,3788.47,3810.05,92558000,3810.05
4/29/13,3827.93,3870.19,3827.93,3868.68,86171400,3868.68
4/30/13,3883,3886.45,3843.37,3856.75,101008600,3856.75
5/2/13,3828.62,3888.98,3819.04,3858.76,118408600,3858.76
5/3/13,3873.95,3914.51,3848.33,3912.95,109438000,3912.95
5/6/13,3909.49,3915.59,3897.73,3907.04,47146400,3907.04
5/7/13,3915.38,3940.58,3904.9,3921.32,105486400,3921.32
5/8/13,3924,3957.06,3919.19,3956.28,85164600,3956.28
5/9/13,3927.12,3941.81,3909,3928.58,64145400,3928.58
5/10/13,3932.43,3971.92,3930.36,3953.83,94890400,3953.83
5/13/13,3948.33,3961.66,3933.32,3945.2,75023600,3945.2
5/14/13,3949.9,3966.06,3922.2,3966.06,89435600,3966.06
5/15/13,3959.04,3983.05,3950.57,3982.23,93773200,3982.23
5/16/13,3967.7,3984.28,3957.77,3979.07,93967400,3979.07
5/17/13,3968.41,4018.84,3962.31,4001.27,148916000,4001.27
5/20/13,4005.79,4022.85,3993.12,4022.85,61728800,4022.85
5/21/13,4009.84,4036.18,3991.38,4036.18,87155000,4036.18
5/22/13,4036.49,4058.73,4009.26,4051.11,92980000,4051.11
5/23/13,3955.98,3983.72,3940.29,3967.15,127183600,3967.15
5/24/13,3982.26,3997.13,3942.06,3956.79,60558800,3956.79
5/27/13,3979.15,3998.05,3976.41,3995.16,39186400,3995.16
5/28/13,4005.83,4072.24,4004.27,4050.56,99488800,4050.56
5/29/13,4024.76,4028.77,3970.46,3974.12,91563600,3974.12
5/30/13,3964.5,4018.97,3963.69,3996.31,84607200,3996.31
5/31/13,3995.79,3995.79,3938.19,3948.59,133511800,3948.59
6/3/13,3929.68,3979.53,3889.44,3920.67,93646600,3920.67
6/4/13,3950,3962.42,3919.67,3925.83,75275800,3925.83
6/5/13,3903.59,3915.71,3852.44,3852.44,98550400,3852.44
6/6/13,3861.24,3877.96,3814.28,3814.28,92674800,3814.28
6/7/13,3821.07,3889.55,3800.85,3872.59,102233400,3872.59
6/10/13,3864.08,3884.64,3853.88,3864.36,67885400,3864.36
6/11/13,3850.07,3850.07,3780.39,3810.56,106952600,3810.56
6/12/13,3805.15,3835.49,3791.71,3793.7,82900600,3793.7
6/13/13,3747.65,3804.25,3731.84,3797.98,104036400,3797.98
6/14/13,3823.2,3830.69,3793.5,3805.16,77729800,3805.16
6/17/13,3815.44,3882.88,3814.61,3863.66,88895600,3863.66
6/18/13,3848.98,3870.87,3837.04,3860.55,75693000,3860.55
6/19/13,3866.15,3868.4,3823.65,3839.34,84862200,3839.34
6/20/13,3778.33,3783.2,3696.45,3698.93,143397400,3698.93
6/21/13,3718.93,3744.25,3658.04,3658.04,170441400,3658.04
6/24/13,3652.52,3668.11,3575.17,3595.63,133725200,3595.63
6/25/13,3642.57,3655.62,3618.58,3649.82,105236600,3649.82
6/26/13,3655.39,3730.69,3637.73,3726.04,109058400,3726.04
6/27/13,3722.41,3780.56,3704.18,3762.19,97420600,3762.19
6/28/13,3767.49,3775.34,3723.66,3738.91,118744800,3738.91
7/1/13,3761.57,3786.41,3724.53,3767.48,88607000,3767.48
7/2/13,3776.2,3776.41,3731.03,3742.57,77200400,3742.57
7/3/13,3708.29,3708.91,3668.77,3702.01,105048400,3702.01
7/4/13,3733.78,3809.82,3722.79,3809.31,111232600,3809.31
7/5/13,3811.17,3837.39,3753.85,3753.85,98157600,3753.85
7/8/13,3782.12,3842.51,3781.51,3823.83,76401000,3823.83
7/9/13,3840.66,3858.54,3832.16,3843.56,89875000,3843.56
7/10/13,3841.04,3855.19,3812.03,3840.53,73308600,3840.53
7/11/13,3885.44,3888.19,3855.05,3868.98,92621400,3868.98
7/12/13,3878.62,3886.08,3844.88,3855.09,72635000,3855.09
7/15/13,3867.08,3893.26,3862.84,3878.58,55995800,3878.58
7/16/13,3883.47,3884.64,3846.82,3851.03,65496000,3851.03
7/17/13,3858.53,3883.09,3821.55,3872.02,76429400,3872.02
7/18/13,3864.06,3927.79,3858.57,3927.79,91194000,3927.79
7/19/13,3914.76,3925.32,3900.1,3925.32,89217600,3925.32
7/22/13,3929.19,3945.98,3915.81,3939.92,67872400,3939.92
7/23/13,3952.55,3955.55,3923.09,3923.09,93653800,3923.09
7/24/13,3931.24,3976.5,3931.24,3962.75,101852200,3962.75
7/25/13,3961.78,3967.58,3920.17,3956.02,101230000,3956.02
7/26/13,3979.95,4002.35,3960.52,3968.84,93854600,3968.84
7/29/13,3989.34,3997.86,3962.43,3968.91,89540800,3968.91
7/30/13,3983.88,3998.16,3966.03,3986.61,79142900,3986.61
7/31/13,3975.42,4007.23,3965.03,3992.69,98222000,3992.69
8/1/13,3996.81,4044.5,3993.75,4042.73,133956900,4042.73
8/2/13,4059.24,4059.62,4027.76,4045.65,90971300,4045.65
8/5/13,4049.16,4062.78,4040.34,4049.97,75312500,4049.97
8/6/13,4050.97,4064.98,4013.96,4032.57,102019000,4032.57
8/7/13,4024.64,4043.55,4010.63,4038.49,84145300,4038.49
8/8/13,4046.44,4069.72,4032.99,4064.32,81525100,4064.32
8/9/13,4073.77,4087.73,4049.87,4076.55,87489200,4076.55
8/12/13,4080.97,4088.64,4048.62,4071.68,71797900,4071.68
8/13/13,4081.58,4092.5,4075.45,4092.5,73464100,4092.5
8/14/13,4099.33,4122.16,4091.58,4114.2,72401700,4114.2
8/15/13,4108.93,4111.64,4055.3,4093.2,67105100,4093.2
8/16/13,4092.77,4123.89,4077.52,4123.89,81788800,4123.89
8/19/13,4122.38,4122.38,4080.66,4083.98,63656900,4083.98
8/20/13,4067.21,4067.9,4005.47,4028.93,99059500,4028.93
8/21/13,4042.44,4048.3,4015.03,4015.09,67324800,4015.09
8/22/13,4018.25,4071.73,4018.25,4059.12,78639800,4059.12
8/23/13,4058.7,4073.82,4025.56,4069.47,60975400,4069.47
8/26/13,4072.78,4072.78,4037.97,4067.13,36474700,4067.13
8/27/13,4049.13,4062.48,3968.73,3968.73,108198400,3968.73
8/28/13,3955.42,3976.11,3934.79,3960.46,110503100,3960.46
8/29/13,3980.6,3990.27,3950.74,3986.35,81767500,3986.35
8/30/13,3986.23,3988.93,3933.78,3933.78,93756500,3933.78
9/2/13,3974.79,4014.5,3974.79,4006.01,67423200,4006.01
9/3/13,4015,4015,3951.32,3974.07,93598000,3974.07
9/4/13,3981.88,3987.88,3927.63,3980.42,83843400,3980.42
9/5/13,3986.47,4009.59,3968.18,4006.8,103932100,4006.8
9/6/13,4000.54,4049.19,3985.77,4049.19,111738400,4049.19
9/9/13,4046.26,4047.94,4022.81,4040.33,76420300,4040.33
9/10/13,4071.03,4119.98,4067.16,4116.64,113480600,4116.64
9/11/13,4107.29,4122.53,4100.89,4119.11,94463300,4119.11
9/12/13,4117.64,4121.32,4095.21,4106.63,115335800,4106.63
9/13/13,4101.67,4117.38,4095.73,4114.5,80926400,4114.5
9/16/13,4154.19,4162.67,4138.34,4152.22,92101800,4152.22
9/17/13,4142.23,4155.85,4131.22,4145.51,79838200,4145.51
9/18/13,4147.46,4170.4,4134.44,4170.4,78450600,4170.4
9/19/13,4228,4228,4188.73,4206.04,121735400,4206.04
9/20/13,4194.94,4219.9,4193.92,4203.66,199054700,4203.66
9/23/13,4207.18,4216.92,4162.84,4172.08,87034800,4172.08
9/24/13,4174.86,4206.3,4174.26,4195.61,83359100,4195.61
9/25/13,4185.2,4202.54,4171.88,4195.35,82546800,4195.35
9/26/13,4199.02,4202.4,4170.67,4186.72,84538000,4186.72
9/27/13,4193.17,4201.21,4163.7,4186.77,74908000,4186.77
9/30/13,4141.55,4150.44,4120.24,4143.44,90782800,4143.44
10/1/13,4151.92,4196.6,4150.04,4196.6,81348300,4196.6
10/2/13,4177.62,4180.79,4136.79,4158.16,86634500,4158.16
10/3/13,4158.93,4166.92,4124.83,4127.98,70162300,4127.98
10/4/13,4127.34,4176.26,4124.67,4164.25,73009600,4164.25
10/7/13,4145.11,4165.58,4105.67,4165.58,70427600,4165.58
10/8/13,4160.88,4172.18,4133.19,4133.53,80755100,4133.53
10/9/13,4127.42,4162.25,4113.68,4127.05,100956600,4127.05
10/10/13,4156.42,4220.62,4148.42,4218.11,112910700,4218.11
10/11/13,4227.31,4227.54,4209.12,4219.98,82964500,4219.98
10/14/13,4206.1,4222.96,4192.59,4222.96,68353200,4222.96
10/15/13,4239.21,4261.74,4232.13,4256.02,89147800,4256.02
10/16/13,4230.52,4247.54,4213.4,4243.72,103286100,4243.72
10/17/13,4233.88,4242.41,4204.74,4239.64,93448900,4239.64
10/18/13,4259.81,4286.03,4246.89,4286.03,97855900,4286.03
