1/2/07,6220.8,6312.5,6220.8,6310.9,1074946400,6310.9
1/3/07,6310.9,6322,6296,6319,1606892600,6319
1/4/07,6319,6319,6261,6287,1902875400,6287
1/5/07,6287,6287,6220.1,6220.1,1622439200,6220.1
1/8/07,6220.1,6246,6187,6194.2,1326700800,6194.2
1/9/07,6194.2,6218.5,6190.4,6196.1,2143699600,6196.1
1/10/07,6196.1,6196.1,6142,6160.7,1881991000,6160.7
1/11/07,6160.7,6233.1,6130.2,6230.1,2147062400,6230.1
1/12/07,6230.1,6247.6,6204.3,6239,1899868000,6239
1/15/07,6239,6279.7,6239,6263.5,1143652900,6263.5
1/16/07,6263.5,6266.4,6206.4,6215.7,1613624200,6215.7
1/17/07,6215.7,6227,6163.5,6204.5,1854154400,6204.5
1/18/07,6204.5,6257.2,6204.5,6210.3,1867057600,6210.3
1/19/07,6210.3,6243.3,6178,6237.2,1463593700,6237.2
1/22/07,6237.2,6270.9,6215.8,6218.4,1491780800,6218.4
1/23/07,6218.4,6240.7,6189.2,6227.6,1502967400,6227.6
1/24/07,6227.6,6320.9,6227.6,6314.8,1875850200,6314.8
1/25/07,6314.8,6335.1,6262.1,6269.3,1785913600,6269.3
1/26/07,6269.3,6271.4,6226.4,6228,1577128300,6228
1/29/07,6228,6253.7,6216,6239.9,1514653800,6239.9
1/30/07,6239.9,6250.1,6212.5,6242,1465861600,6242
1/31/07,6242,6257.3,6197.5,6203.1,2141167400,6203.1
2/1/07,6203.1,6300.3,6203.1,6282.2,2143964400,6282.2
2/2/07,6282.2,6329,6282.2,6310.9,2146065000,6310.9
2/5/07,6310.9,6328.9,6294.7,6317.9,1300078600,6317.9
2/6/07,6317.9,6369.7,6317.9,6346.3,1863241600,6346.3
2/7/07,6346.3,6379.8,6338.2,6369.5,1841128600,6369.5
2/8/07,6369.5,6375,6330.1,6346.4,1721451200,6346.4
2/9/07,6346.4,6395.4,6346.4,6382.8,1546436000,6382.8
2/12/07,6382.8,6383.1,6344.7,6353.5,1494281900,6353.5
2/13/07,6353.5,6381.8,6353.5,6381.8,1416286700,6381.8
2/14/07,6381.8,6421.2,6378.6,6421.2,1511242400,6421.2
2/15/07,6421.2,6435.3,6397.2,6433.3,1416697600,6433.3
2/16/07,6433.3,6439.2,6407.3,6419.5,1382320800,6419.5
2/19/07,6419.5,6451.4,6419.5,6444.4,924726700,6444.4
2/20/07,6444.4,6448.1,6392.4,6412.3,1556580500,6412.3
2/21/07,6412.3,6430.4,6352.1,6357.1,1769971000,6357.1
2/22/07,6357.1,6416,6357.1,6380.9,1757669200,6380.9
2/23/07,6380.9,6401.5,6357.1,6401.5,1661409800,6401.5
2/26/07,6401.5,6446.8,6401.5,6434.7,1468711700,6434.7
2/27/07,6434.7,6434.7,6270.5,6286.1,2044216000,6286.1
2/28/07,6286.1,6286.1,6166.2,6171.5,2147044800,6171.5
3/1/07,6171.5,6230.7,6038.9,6116,2147378000,6116
3/2/07,6116,6164.4,6085.6,6116.2,1923026800,6116.2
3/5/07,6116.2,6116.2,5989.6,6058.7,1913736200,6058.7
3/6/07,6058.7,6138.5,6058.7,6138.5,2123082800,6138.5
3/7/07,6138.5,6167.6,6106.1,6156.5,1669634300,6156.5
3/8/07,6156.5,6233.1,6156.5,6227.7,1542604000,6227.7
3/9/07,6227.7,6255.8,6190.3,6245.2,1660715000,6245.2
3/12/07,6245.2,6276.3,6219.3,6233.3,1355450200,6233.3
3/13/07,6233.3,6240.7,6161.2,6161.2,1595964300,6161.2
3/14/07,6161.2,6161.2,6000.7,6000.7,2147069800,6000.7
3/15/07,6000.7,6133.2,6000.7,6133.2,2137773200,6133.2
3/16/07,6133.2,6142.2,6094.7,6130.6,2116076000,6130.6
3/19/07,6130.6,6200.6,6130.6,6189.4,1827203000,6189.4
3/20/07,6189.4,6220.3,6159.4,6220.3,2146044000,6220.3
3/21/07,6220.3,6287.5,6207.7,6256.8,1776058400,6256.8
3/22/07,6256.8,6342.1,6256.8,6318,2143517800,6318
3/23/07,6318,6350.4,6296.6,6339.4,2052956800,6339.4
3/26/07,6339.4,6355.3,6274.1,6291.9,1766095600,6291.9
3/27/07,6291.9,6337.7,6276.8,6292.6,1549551200,6292.6
3/28/07,6292.6,6304.9,6250.1,6267.2,1582559700,6267.2
3/29/07,6267.2,6334.7,6267.2,6324.2,1534047700,6324.2
3/30/07,6324.2,6330,6291.1,6308,1952043600,6308
4/2/07,6308,6342.2,6293.9,6315.5,1360638100,6315.5
4/3/07,6315.5,6366.1,6315.5,6366.1,1816500000,6366.1
4/4/07,6366.1,6380.5,6345.9,6364.7,1749293400,6364.7
4/5/07,6364.7,6398.7,6350.3,6397.3,1373407100,6397.3
4/10/07,6397.3,6431.7,6394.3,6417.8,1604097700,6417.8
4/11/07,6417.8,6445.9,6401.9,6413.3,1995616000,6413.3
4/12/07,6413.3,6419.6,6376.4,6416.4,1491396500,6416.4
4/13/07,6416.4,6462.4,6416.4,6462.4,1515814000,6462.4
4/16/07,6462.4,6516.2,6462.4,6516.2,1504428800,6516.2
4/17/07,6516.2,6516.2,6456.4,6497.8,1558112100,6497.8
4/18/07,6497.8,6497.8,6440.8,6449.4,1490398100,6449.4
4/19/07,6449.4,6451.8,6386.2,6440.6,1447222200,6440.6
4/20/07,6440.6,6508.9,6440.6,6486.8,2142959200,6486.8
4/23/07,6486.8,6504.5,6466.1,6479.7,1325336900,6479.7
4/24/07,6479.7,6493.1,6408.4,6429.5,2082848400,6429.5
4/25/07,6429.5,6479,6429.5,6461.9,2141341200,6461.9
4/26/07,6461.9,6511.1,6443.7,6469.4,1688938000,6469.4
4/27/07,6469.4,6469.4,6410.6,6418.7,1877732000,6418.7
4/30/07,6418.7,6474.7,6410.5,6449.2,1386355000,6449.2
5/1/07,6449.2,6449.2,6395.5,6419.6,1036351100,6419.6
5/2/07,6419.6,6489,6419.6,6484.5,2017407600,6484.5
5/3/07,6484.5,6542.5,6484.5,6537.8,1925600400,6537.8
5/4/07,6537.8,6614.7,6537.8,6603.7,2099882800,6603.7
5/8/07,6603.7,6603.7,6537.5,6550.4,1962124000,6550.4
5/9/07,6550.4,6592.4,6529,6549.6,1948521400,6549.6
5/10/07,6549.6,6565.1,6515,6524.1,1836226400,6524.1
5/11/07,6524.1,6577,6451.9,6565.7,2146800600,6565.7
5/14/07,6565.7,6596.3,6530.3,6555.5,1234021300,6555.5
5/15/07,6555.5,6579,6532.9,6568.6,2142701600,6568.6
5/16/07,6568.6,6578.6,6539.4,6559.5,1834992800,6559.5
5/17/07,6559.5,6588.7,6553.6,6579.3,1987515600,6579.3
5/18/07,6579.3,6656.3,6579.1,6640.9,1971217200,6640.9
5/21/07,6640.9,6675,6619.4,6636.8,1562307500,6636.8
5/22/07,6636.8,6641.9,6594.6,6606.6,2147420000,6606.6
5/23/07,6606.6,6643.8,6602.5,6616.4,2142740200,6616.4
5/24/07,6616.4,6619.5,6560.5,6565.4,2137269600,6565.4
5/25/07,6565.4,6575.2,6532.5,6570.5,1649747200,6570.5
5/29/07,6570.5,6613.4,6570.5,6606.5,2146616000,6606.5
5/30/07,6606.5,6606.5,6533.5,6602.1,2048075400,6602.1
5/31/07,6602.1,6650.2,6602.1,6621.4,2067952800,6621.4
6/1/07,6621.4,6676.7,6621.3,6676.7,1746554800,6676.7
6/4/07,6676.7,6686.1,6641.2,6664.1,1276511200,6664.1
6/5/07,6664.1,6686.6,6625.7,6632.8,1790008800,6632.8
6/6/07,6632.8,6636.9,6511.7,6522.7,2034886600,6522.7
6/7/07,6522.7,6574.9,6478,6505.1,2145944400,6505.1
6/8/07,6505.1,6519.4,6451.4,6505.1,2147079600,6505.1
6/11/07,6505.1,6567.5,6505.1,6567.5,1400291000,6567.5
6/12/07,6567.5,6586.6,6513.7,6520.4,2009952200,6520.4
6/13/07,6520.4,6567.3,6483.6,6559.6,1925533000,6559.6
6/14/07,6559.6,6654.3,6559.6,6649.9,1889536400,6649.9
6/15/07,6649.9,6734.2,6649.9,6732.4,2147134000,6732.4
6/18/07,6732.4,6751.3,6696.8,6703.5,1300679000,6703.5
6/19/07,6703.5,6721.4,6650.2,6650.2,1713057600,6650.2
6/20/07,6650.2,6692.6,6647.6,6649.3,2139497600,6649.3
6/21/07,6649.3,6649.3,6563.9,6596,2146364000,6596
6/22/07,6596,6612.3,6562.2,6567.4,1591629800,6567.4
6/25/07,6567.4,6591.4,6522.3,6588.4,1919506000,6588.4
6/26/07,6588.4,6593.5,6539.9,6559.3,1988701200,6559.3
6/27/07,6559.3,6559.3,6496.4,6527.6,2144115800,6527.6
6/28/07,6527.6,6575.5,6527.6,6571.3,2141633200,6571.3
6/29/07,6571.3,6607.9,6519.6,6607.9,2019137800,6607.9
7/2/07,6607.9,6612.8,6570.5,6590.6,1617107900,6590.6
7/3/07,6590.6,6645.3,6590.6,6639.8,1863055200,6639.8
7/4/07,6639.8,6682.9,6639.8,6673.1,1208030100,6673.1
7/5/07,6673.1,6691.8,6625.8,6635.2,2094628800,6635.2
7/6/07,6635.2,6690.4,6635.2,6690.1,1579720000,6690.1
7/9/07,6690.1,6725.9,6690.1,6712.7,1314680000,6712.7
7/10/07,6712.7,6734.3,6620.5,6630.9,1764305200,6630.9
7/11/07,6630.9,6630.9,6574.2,6615.1,1735622400,6615.1
7/12/07,6615.1,6697.7,6594.7,6697.7,1791645200,6697.7
7/13/07,6697.7,6754.1,6697.7,6716.7,1459318900,6716.7
7/16/07,6716.7,6735.8,6679.2,6697.7,1620914300,6697.7
7/17/07,6697.7,6698.5,6628.1,6659.1,1653158100,6659.1
7/18/07,6659.1,6659.1,6567.1,6567.1,1649267100,6567.1
7/19/07,6567.1,6658.8,6567.1,6640.2,1929774600,6640.2
7/20/07,6640.2,6674.3,6580,6585.2,1648459200,6585.2
7/23/07,6585.2,6624.4,6583.5,6624.4,1450986400,6624.4
7/24/07,6624.4,6624.4,6498.7,6498.7,1858650000,6498.7
7/25/07,6498.7,6533.6,6436.7,6454.3,1877530000,6454.3
7/26/07,6454.3,6474.7,6251.2,6251.2,2146439200,6251.2
7/27/07,6251.2,6315.2,6192.3,6215.2,2146488400,6215.2
7/30/07,6215.2,6256.5,6186.2,6206.1,1964464800,6206.1
7/31/07,6206.1,6361.1,6206.1,6360.1,2119510400,6360.1
8/1/07,6360.1,6360.1,6187.2,6250.6,2124592200,6250.6
8/2/07,6250.6,6319.3,6250.6,6300.3,1864279600,6300.3
8/3/07,6300.3,6333.5,6212.2,6224.3,1772894000,6224.3
8/6/07,6224.3,6245.9,6161.5,6189.1,1727996400,6189.1
8/7/07,6189.1,6308.8,6189.1,6308.8,1775851600,6308.8
8/8/07,6308.8,6406.3,6308.8,6393.9,2102086800,6393.9
8/9/07,6393.9,6393.9,6228,6271.2,2146899400,6271.2
8/10/07,6271.2,6271.2,6038.3,6038.3,2146195200,6038.3
8/13/07,6038.3,6237.8,6038.3,6219,1990652800,6219
8/14/07,6219,6264.9,6132.2,6143.5,1778694000,6143.5
8/15/07,6143.5,6143.5,6041.7,6109.3,1773176400,6109.3
8/16/07,6109.3,6109.3,5858.9,5858.9,2122855400,5858.9
8/17/07,5858.9,6134,5821.7,6064.2,2146704600,6064.2
8/20/07,6064.2,6163.4,6064.2,6078.7,1481372100,6078.7
8/21/07,6078.7,6118.9,6031.8,6086.1,1563512400,6086.1
8/22/07,6086.1,6196.6,6086.1,6196,1720924400,6196
8/23/07,6196,6287.2,6194.4,6196.9,1710798800,6196.9
8/24/07,6196.9,6232.2,6182.4,6220.1,1064108000,6220.1
8/28/07,6220.1,6220.1,6083.9,6102.2,1251576900,6102.2
8/29/07,6102.2,6137.9,6056.5,6132.2,1277810500,6132.2
8/30/07,6132.2,6220.8,6122.5,6212,1527847600,6212
8/31/07,6212,6309.5,6212,6303.3,1405717400,6303.3
9/3/07,6303.3,6334.4,6303.2,6315.2,870994100,6315.2
9/4/07,6315.2,6378,6274.9,6376.8,1354080100,6376.8
9/5/07,6376.8,6390.5,6264.5,6270.7,1382927300,6270.7
9/6/07,6270.7,6327.3,6217.5,6313.3,1577759600,6313.3
9/7/07,6313.3,6342.7,6179.1,6191.2,1937698000,6191.2
9/10/07,6191.2,6232.1,6123.1,6134.1,1358041100,6134.1
9/11/07,6134.1,6280.7,6134.1,6280.7,1384825900,6280.7
9/12/07,6280.7,6317.1,6232,6306.2,1544617300,6306.2
9/13/07,6306.2,6374.5,6280.2,6363.9,1682212000,6363.9
9/14/07,6363.9,6363.9,6209.1,6289.3,2147180800,6289.3
9/17/07,6289.3,6289.3,6168,6182.8,2013260400,6182.8
9/18/07,6182.8,6298.5,6158.8,6283.3,2111940000,6283.3
9/19/07,6283.3,6512.4,6283.3,6460,2145890400,6460
9/20/07,6460,6460,6395.1,6429,1959086000,6429
9/21/07,6429,6481.6,6409.9,6456.7,2138550600,6456.7
9/24/07,6456.7,6494.2,6437.3,6465.9,1788563000,6465.9
9/25/07,6465.9,6465.9,6367,6396.9,2147378800,6396.9
9/26/07,6396.9,6484.4,6396.9,6433,1958384800,6433
9/27/07,6433,6508,6433,6486.4,2081502000,6486.4
9/28/07,6486.4,6500.4,6411.8,6466.8,2147358800,6466.8
10/1/07,6466.8,6514.5,6419.2,6506.2,1668930000,6506.2
10/2/07,6506.2,6567,6489.6,6500.4,2147328000,6500.4
10/3/07,6500.4,6542.8,6495,6535.2,2036551200,6535.2
10/4/07,6535.2,6593.3,6507.2,6547.9,1930898000,6547.9
10/5/07,6547.9,6605.1,6547.9,6595.8,1593592300,6595.8
10/8/07,6595.8,6605.6,6540.9,6540.9,1642300500,6540.9
10/9/07,6540.9,6625.3,6527.5,6615.4,1677935600,6615.4
10/10/07,6615.4,6633,6587.7,6633,1753424400,6633
10/11/07,6633,6730.1,6633,6724.5,2147272400,6724.5
10/12/07,6724.5,6730.7,6660,6730.7,2146771200,6730.7
10/15/07,6730.7,6751.7,6632.1,6644.5,1745764800,6644.5
10/16/07,6644.5,6644.5,6596.3,6614.3,1860730400,6614.3
10/17/07,6614.3,6690.5,6594.9,6677.7,1975530600,6677.7
10/18/07,6677.7,6722,6584.9,6609.4,1739688000,6609.4
10/19/07,6609.4,6615.8,6523.6,6527.9,1785068800,6527.9
10/22/07,6527.9,6527.9,6413.4,6459.3,1579305800,6459.3
10/23/07,6459.3,6562.7,6459.3,6514,1660006400,6514
10/24/07,6514,6550.9,6460.9,6482,1616236900,6482
10/25/07,6482,6587.6,6482,6576.3,1950013600,6576.3
10/26/07,6576.3,6684.1,6567.1,6661.3,2090789600,6661.3
10/29/07,6661.3,6726.9,6661.3,6706,1586284900,6706
10/30/07,6706,6706,6653.8,6659,1470789000,6659
10/31/07,6659,6721.6,6636.9,6721.6,1679888400,6721.6
11/1/07,6721.6,6723.7,6549.7,6586.1,1488383500,6586.1
11/2/07,6586.1,6586.1,6483.4,6530.6,1699776400,6530.6
11/5/07,6530.6,6530.6,6420.4,6461.4,1413957200,6461.4
11/6/07,6461.4,6512.1,6456.4,6474.9,1422579600,6474.9
11/7/07,6474.9,6519.2,6381.3,6385.1,1154914600,6385.1
11/8/07,6385.1,6432.3,6290.3,6381.9,2131190800,6381.9
11/9/07,6381.9,6442.9,6268.9,6304.9,1789367800,6304.9
11/12/07,6304.9,6365.2,6268.6,6337.9,1481929600,6337.9
11/13/07,6337.9,6387.4,6279.7,6362.4,1653336000,6362.4
11/14/07,6362.4,6460.8,6362.4,6432.1,1656137200,6432.1
11/15/07,6432.1,6465.4,6335.5,6359.6,1247280400,6359.6
11/16/07,6359.6,6359.6,6283.9,6291.2,1354551300,6291.2
11/19/07,6291.2,6331.7,6120.8,6120.8,1376432200,6120.8
11/20/07,6120.8,6227.7,6078.7,6226.5,1670833400,6226.5
11/21/07,6226.5,6226.5,6041.8,6070.9,1451986300,6070.9
11/22/07,6070.9,6155.3,6026.9,6155.3,1057454700,6155.3
11/23/07,6155.3,6262.1,6153.6,6262.1,1164111200,6262.1
11/26/07,6262.1,6307.8,6180.5,6180.5,1213903200,6180.5
11/27/07,6180.5,6197.1,6061.8,6140.7,1522180900,6140.7
11/28/07,6140.7,6307.4,6109.6,6306.2,1557515900,6306.2
11/29/07,6306.2,6363.5,6273.4,6349.1,1410893500,6349.1
11/30/07,6349.1,6455.8,6334,6432.5,1613249400,6432.5
12/3/07,6432.5,6456.1,6379.9,6386.6,1171600800,6386.6
12/4/07,6386.6,6398.2,6289.3,6315.2,1207162400,6315.2
12/5/07,6315.2,6493.8,6315.2,6493.8,1330501300,6493.8
12/6/07,6493.8,6591.8,6437.8,6485.6,1518034000,6485.6
12/7/07,6485.6,6577.8,6485.6,6554.9,1105835600,6554.9
12/10/07,6554.9,6596.7,6523.7,6565.4,1022301600,6565.4
12/11/07,6565.4,6597.5,6513.4,6536.9,971129100,6536.9
12/12/07,6536.9,6610.9,6429.5,6559.8,1593979100,6559.8
12/13/07,6559.8,6559.8,6364.2,6364.2,1406047700,6364.2
12/14/07,6364.2,6426.2,6336.7,6397,975937200,6397
12/17/07,6397,6397,6264.3,6277.8,1142261800,6277.8
12/18/07,6277.8,6344.3,6254.5,6279.3,1177663500,6279.3
12/19/07,6279.3,6319.1,6251.8,6284.5,1065834500,6284.5
12/20/07,6284.5,6367.7,6284.5,6345.6,1146332700,6345.6
12/21/07,6345.6,6451.8,6345.6,6434.1,1557130800,6434.1
12/24/07,6434.1,6485.6,6431.2,6479.3,145425600,6479.3
12/27/07,6479.3,6504.7,6468.4,6497.8,481185100,6497.8
12/28/07,6497.8,6497.8,6436.8,6476.9,420046400,6476.9
12/31/07,6476.9,6480.2,6432.8,6456.9,193916400,6456.9
1/2/08,6456.9,6512.3,6402.6,6416.7,674073200,6416.7
1/3/08,6416.7,6487.8,6394.6,6479.4,932411600,6479.4
1/4/08,6479.4,6534.7,6333.2,6348.5,1182595000,6348.5
1/7/08,6348.5,6376.5,6275.2,6335.7,1298557100,6335.7
1/8/08,6335.7,6399.6,6335.7,6356.5,1418490000,6356.5
1/9/08,6356.5,6356.5,6241.8,6272.7,1823908800,6272.7
1/10/08,6272.7,6314.5,6213,6222.7,1561764100,6222.7
1/11/08,6222.7,6251.8,6147,6202,1585046200,6202
1/14/08,6202,6247.3,6173,6215.7,1141689500,6215.7
1/15/08,6215.7,6215.7,6025.6,6025.6,1633314400,6025.6
1/16/08,6025.6,6031.5,5908.5,5942.9,1891142200,5942.9
1/17/08,5942.9,6028.4,5895.4,5902.4,1696753200,5902.4
1/18/08,5902.4,6030.9,5856.8,5901.7,2001846000,5901.7
1/21/08,5901.7,5901.7,5571,5578.2,2106408800,5578.2
1/22/08,5578.2,5764,5338.7,5740.1,2146910000,5740.1
1/23/08,5740.1,5844.9,5518.3,5609.3,2146010400,5609.3
1/24/08,5609.3,5882.3,5609.3,5875.8,2129111000,5875.8
1/25/08,5875.8,5973.3,5848.5,5869,1647164400,5869
1/28/08,5869,5869,5705.1,5788.9,1233021300,5788.9
1/29/08,5788.9,5885.2,5788.9,5885.2,1144882400,5885.2
1/30/08,5885.2,5885.2,5818.6,5837.3,1122769400,5837.3
1/31/08,5837.3,5899.5,5689.4,5879.8,1889212600,5879.8
2/1/08,5879.8,6044.9,5879.8,6029.2,1791834000,6029.2
2/4/08,6029.2,6071.3,6000.2,6026.2,1102822300,6026.2
2/5/08,6026.2,6026.2,5852.8,5868,1424460500,5868
2/6/08,5868,5892.6,5816.4,5875.4,1319507100,5875.4
2/7/08,5875.4,5875.4,5708.8,5724.1,1651444900,5724.1
2/8/08,5724.1,5805.3,5703.1,5784,1253695200,5784
2/11/08,5784,5789.6,5681.5,5707.7,1130427300,5707.7
2/12/08,5707.7,5910,5707.7,5910,1473528000,5910
2/13/08,5910,5915,5814.8,5880.1,1282472200,5880.1
2/14/08,5880.1,5938.5,5859.4,5879.3,1313155200,5879.3
2/15/08,5879.3,5915,5763.5,5787.6,1286214000,5787.6
2/19/08,5946.6,6033.7,5884.8,5966.9,1309767300,5966.9
2/20/08,5966.9,5966.9,5847.4,5893.6,1483248800,5893.6
2/21/08,5893.6,6004.4,5893.6,5932.2,1304872300,5932.2
2/22/08,5932.2,5970.9,5863.8,5888.5,1249304400,5888.5
2/25/08,5888.5,6011.7,5888.5,5999.5,1214773900,5999.5
2/26/08,5999.5,6092.5,5991.6,6087.4,1285073100,6087.4
2/27/08,6087.4,6104.5,5989,6076.5,1509729900,6076.5
2/28/08,6076.5,6090.8,5960.3,5965.7,1557014700,5965.7
2/29/08,5965.7,5986.2,5859.3,5884.3,1558677200,5884.3
3/3/08,5884.3,5884.3,5770.1,5818.6,1524223000,5818.6
3/4/08,5818.6,5872.9,5719.8,5767.7,1557756500,5767.7
3/5/08,5767.7,5860.5,5763.9,5853.5,1416583600,5853.5
3/6/08,5853.5,5871.1,5753.1,5766.4,1223869600,5766.4
3/7/08,5766.4,5766.4,5655.7,5699.9,1561260200,5699.9
3/10/08,5699.9,5718.8,5616.6,5629.1,1311043900,5629.1
3/11/08,5629.1,5783.4,5629.1,5690.4,1753848000,5690.4
3/12/08,5690.4,5812.7,5690.4,5776.4,1421374500,5776.4
3/13/08,5776.4,5776.4,5628.9,5692.4,1628702200,5692.4
3/14/08,5692.4,5782,5595.8,5631.7,1551274900,5631.7
3/17/08,5631.7,5631.7,5414.4,5414.4,2058764000,5414.4
3/18/08,5414.4,5610,5414.4,5605.8,1660294600,5605.8
3/19/08,5605.8,5653.6,5524.8,5545.6,2127270600,5545.6
3/20/08,5545.6,5545.6,5461.9,5495.2,2137214800,5495.2
3/25/08,5495.2,5704.3,5495.2,5689.1,1962218800,5689.1
3/26/08,5689.1,5689.1,5639.1,5660.4,1503602200,5660.4
3/27/08,5660.4,5735,5650.9,5717.5,1419002800,5717.5
3/28/08,5717.5,5747.2,5673.7,5692.9,1045046000,5692.9
3/31/08,5692.9,5715.1,5585.6,5702.1,1374906000,5702.1
4/1/08,5702.1,5865.8,5670.4,5852.6,1473810500,5852.6
4/2/08,5852.6,5920.1,5827.2,5915.9,1317727700,5915.9
4/3/08,5915.9,5935.2,5864,5891.3,1065812800,5891.3
4/4/08,5891.3,5948,5888,5947.1,955634000,5947.1
4/7/08,5947.1,6014.8,5947.1,6014.8,946532500,6014.8
4/8/08,6014.8,6014.8,5942.2,5990.2,934848900,5990.2
4/9/08,5990.2,6015.6,5947.2,5983.9,955804800,5983.9
4/10/08,5983.9,6003.2,5881.9,5965.1,1231191100,5965.1
4/11/08,5965.1,6016.3,5866.1,5895.5,1230140800,5895.5
4/14/08,5895.5,5895.5,5827,5831.6,1072015700,5831.6
4/15/08,5831.6,5943.3,5831.6,5906.9,1265818100,5906.9
4/16/08,5906.9,6046.2,5906.9,6046.2,1277224000,6046.2
4/17/08,6046.2,6086.4,5973.9,5980.4,1341988500,5980.4
4/18/08,5980.4,6062.1,5974.3,6056.5,1420110800,6056.5
4/21/08,6056.5,6089.5,6021.2,6053,1173183700,6053
4/22/08,6053,6072,6007.5,6034.7,1035231400,6034.7
4/23/08,6034.7,6083.6,5978.8,6083.6,1353681200,6083.6
4/24/08,6083.6,6083.6,5951.9,6050.7,1145619100,6050.7
4/25/08,6050.7,6098.8,6045.5,6091.4,1148950800,6091.4
4/28/08,6091.4,6134.5,6083.5,6090.4,781898400,6090.4
4/29/08,6090.4,6133.5,6051.6,6089.4,998315800,6089.4
4/30/08,6089.4,6120.3,6035.8,6087.3,1156329800,6087.3
5/1/08,6087.3,6118.2,6066,6087.3,579875000,6087.3
5/2/08,6087.3,6223.9,6087.3,6215.5,1199397100,6215.5
5/6/08,6215.5,6233.7,6155.9,6215.2,1079965300,6215.2
5/7/08,6215.2,6275,6214.1,6261,1037172400,6261
5/8/08,6256.5,6273.3,6217,6270.8,1054319800,6270.8
5/9/08,6270.8,6270.8,6167.6,6204.7,965929700,6204.7
5/12/08,6204.7,6251.9,6184.8,6220.6,678570700,6220.6
5/13/08,6220.6,6268.1,6142.3,6211.9,1049796000,6211.9
5/14/08,6211.9,6253.1,6167.9,6216,1161774400,6216
5/15/08,6216,6258.5,6168.8,6251.8,1137169700,6251.8
5/16/08,6251.8,6348.6,6251.8,6304.3,1197660300,6304.3
5/19/08,6304.3,6377,6302.8,6376.5,1110917100,6376.5
5/20/08,6376.5,6376.5,6191.6,6191.6,1351934500,6191.6
5/21/08,6191.6,6257.3,6183.5,6198.1,1354508000,6198.1
5/22/08,6198.1,6226.2,6159.4,6181.6,1551634800,6181.6
5/23/08,6181.6,6182.9,6087.3,6087.3,1133051900,6087.3
5/27/08,6087.3,6141.7,6048.7,6058.5,1296466600,6058.5
5/28/08,6058.5,6122.2,6052.5,6069.6,1344993800,6069.6
5/29/08,6069.6,6130.5,6041.1,6068.1,1377028900,6068.1
5/30/08,6068.1,6111.6,6044.7,6053.5,1650279200,6053.5
6/2/08,6053.5,6060.8,5978.4,6007.6,1276851200,6007.6
6/3/08,6007.6,6059,5993.3,6057.7,1331720200,6057.7
6/4/08,6057.7,6057.7,5933.3,5970.1,1610558000,5970.1
6/5/08,5970.1,6005.1,5941,5995.3,1444749900,5995.3
6/6/08,5995.3,6074.5,5906.5,5906.8,1377027600,5906.8
6/9/08,5906.8,5938.5,5869.6,5877.6,1314146900,5877.6
6/10/08,5877.6,5877.6,5813.4,5827.3,1327223000,5827.3
6/11/08,5827.3,5859.4,5708.3,5723.3,1940485200,5723.3
6/12/08,5723.3,5797.8,5719.8,5790.5,1871531600,5790.5
6/13/08,5790.5,5818.3,5719.5,5802.8,1354166400,5802.8
6/16/08,5802.8,5832.6,5759.6,5794.6,1256900600,5794.6
6/17/08,5794.6,5930.3,5794.6,5861.9,1313063700,5861.9
6/18/08,5861.9,5861.9,5735.4,5756.9,1326674800,5756.9
6/19/08,5756.9,5786.4,5707.2,5708.4,1439258100,5708.4
6/20/08,5708.4,5731.9,5597,5620.8,1692611200,5620.8
6/23/08,5620.8,5679.2,5603.2,5667.2,1290570200,5667.2
6/24/08,5667.2,5693.8,5581.6,5634.7,1606100900,5634.7
6/25/08,5634.7,5669.6,5634.7,5666.1,1527032600,5666.1
6/26/08,5666.1,5666.1,5518.2,5518.2,1603238400,5518.2
6/27/08,5518.2,5555.2,5470.9,5529.9,1673088200,5529.9
6/30/08,5529.9,5625.9,5520.2,5625.9,1411196600,5625.9
7/1/08,5625.9,5625.9,5466.3,5479.9,1767594400,5479.9
7/2/08,5479.9,5566.8,5426.3,5426.3,1775871600,5426.3
7/3/08,5426.3,5490.6,5358.5,5476.6,1779109000,5476.6
7/4/08,5476.6,5490.2,5394,5412.8,965363300,5412.8
7/7/08,5412.8,5516.4,5400.1,5512.7,1185721200,5512.7
7/8/08,5512.7,5512.7,5358.7,5440.5,1557397800,5440.5
7/9/08,5440.5,5538.2,5440.5,5529.6,1482713400,5529.6
7/10/08,5529.6,5529.6,5392.6,5406.8,1469240800,5406.8
7/11/08,5406.8,5461.8,5261.6,5261.6,1687915400,5261.6
7/14/08,5261.6,5373.2,5261.6,5300.4,1335586100,5300.4
7/15/08,5300.4,5300.4,5119,5171.9,2029590000,5171.9
7/16/08,5171.9,5210.1,5071.1,5150.6,2109417400,5150.6
7/17/08,5150.6,5320.5,5150.6,5286.3,2068339200,5286.3
7/18/08,5286.3,5376.4,5216.6,5376.4,2061723400,5376.4
7/21/08,5376.4,5445.8,5334.6,5404.3,1609589900,5404.3
7/22/08,5404.3,5404.3,5282.8,5364.1,1931906200,5364.1
7/23/08,5364.1,5467.2,5364.1,5449.9,2126534000,5449.9
7/24/08,5449.9,5463.7,5345.1,5362.3,1731840200,5362.3
7/25/08,5362.3,5375.2,5291.4,5352.6,1667475500,5352.6
7/28/08,5352.6,5365.8,5308.4,5312.6,1076152300,5312.6
7/29/08,5312.6,5354.6,5261.4,5319.2,1509528900,5319.2
7/30/08,5319.2,5435.9,5319.2,5420.7,1458786200,5420.7
7/31/08,5420.7,5456.1,5371.3,5411.9,1768570800,5411.9
8/1/08,5411.9,5411.9,5321.3,5354.7,1344622600,5354.7
8/4/08,5354.7,5414.7,5310.3,5320.2,972098200,5320.2
8/5/08,5320.2,5454.5,5299.7,5454.5,1655152900,5454.5
8/6/08,5454.5,5498.6,5440.1,5486.1,1634688400,5486.1
8/7/08,5486.1,5539.3,5450.9,5477.5,1552588900,5477.5
8/8/08,5477.5,5507.2,5410.8,5489.2,1416497600,5489.2
8/11/08,5489.2,5541.8,5477.7,5541.8,1121815500,5541.8
8/12/08,5541.8,5569.2,5491.3,5534.5,1249922600,5534.5
8/13/08,5534.5,5534.5,5437.1,5448.6,1399993600,5448.6
8/14/08,5448.6,5539.6,5445.6,5497.4,1127815600,5497.4
8/15/08,5497.4,5538.8,5432.2,5454.8,964805700,5454.8
8/18/08,5454.8,5498.7,5425.3,5450.2,727618300,5450.2
8/19/08,5450.2,5450.2,5317.1,5320.4,1162376300,5320.4
8/20/08,5320.4,5384.2,5320.4,5371.8,1086561800,5371.8
8/21/08,5371.8,5408,5311.4,5370.2,1013619100,5370.2
8/22/08,5370.2,5505.6,5368,5505.6,1024330700,5505.6
8/26/08,5505.6,5505.6,5369.3,5470.7,964507900,5470.7
8/27/08,5470.7,5540.8,5434.7,5528.1,879705600,5528.1
8/28/08,5528.1,5634,5496.9,5601.2,1098757800,5601.2
8/29/08,5601.2,5649.1,5587.4,5636.6,1110243500,5636.6
9/1/08,5636.6,5636.6,5573.8,5602.8,590551500,5602.8
9/2/08,5602.8,5646.5,5574.9,5620.7,1347035700,5620.7
9/3/08,5620.7,5620.7,5492.1,5499.7,1257682600,5499.7
9/4/08,5499.7,5541.7,5362.1,5362.1,1424206800,5362.1
9/5/08,5362.1,5362.1,5227.6,5240.7,1653449100,5240.7
9/8/08,5240.7,5447.6,5240.7,5446.3,808056500,5446.3
9/9/08,5446.3,5524.8,5386.9,5415.6,2008764200,5415.6
9/10/08,5415.6,5419.5,5327.8,5366.2,1580677300,5366.2
9/11/08,5366.2,5377.9,5258.1,5318.4,1448877900,5318.4
9/12/08,5318.4,5416.7,5318.4,5416.7,1375294700,5416.7
9/15/08,5416.7,5416.7,5124.9,5204.2,2087491400,5204.2
9/16/08,5204.2,5204.2,4961.2,5025.6,2146099200,5025.6
9/17/08,5025.6,5124.4,4903.3,4912.4,2146561600,4912.4
9/18/08,4912.4,5015.9,4860.7,4880,2145521400,4880
9/19/08,4880,5351.2,4857.1,5311.3,2147442800,5311.3
9/22/08,5311.3,5339.3,5236.3,5236.3,1294511500,5236.3
9/23/08,5236.3,5236.3,5076.3,5136.1,1502159000,5136.1
9/24/08,5136.1,5167.4,5087.3,5095.6,1259398100,5095.6
9/25/08,5095.6,5211.6,5060.7,5197,1428145900,5197
9/26/08,5197,5197,5057.3,5088.5,1124378300,5088.5
9/29/08,5088.5,5088.5,4818.8,4818.8,1512406900,4818.8
9/30/08,4818.8,4953.4,4671,4902.5,1767670400,4902.5
10/1/08,4902.5,5012.2,4891.5,4959.6,1532944100,4959.6
10/2/08,4959.6,5052,4862.1,4870.3,1321029600,4870.3
10/3/08,4870.3,5003.9,4832.1,4980.3,1565720100,4980.3
10/6/08,4980.3,4980.3,4549.7,4589.2,1802091400,4589.2
10/7/08,4589.2,4745,4517.5,4605.2,2142946800,4605.2
10/8/08,4605.2,4654.2,4245.3,4366.7,2146613600,4366.7
10/9/08,4366.7,4512.5,4274.4,4313.8,1903576800,4313.8
10/10/08,4313.8,4313.8,3874,3932.1,2146498800,3932.1
10/13/08,3932.1,4256.9,3932.1,4256.9,2086166600,4256.9
10/14/08,4256.9,4534.4,4256.9,4394.2,2146346000,4394.2
10/15/08,4394.2,4394.2,4052,4079.6,1647590100,4079.6
10/16/08,4079.6,4079.6,3808.1,3861.4,1998661000,3861.4
10/17/08,3861.4,4077.6,3861.3,4063,1844506800,4063
10/20/08,4063,4282.7,4063,4282.7,1455709900,4282.7
10/21/08,4282.7,4347.7,4212.4,4229.7,1277220400,4229.7
10/22/08,4229.7,4229.7,4031.8,4040.9,1446139700,4040.9
10/23/08,4040.9,4108.4,3927.6,4087.8,1459891400,4087.8
10/24/08,4087.8,4087.8,3715.2,3883.4,1831994400,3883.4
10/27/08,3883.4,3911.6,3665.2,3852.6,1399046800,3852.6
10/28/08,3852.6,4034,3847.6,3926.4,1592948400,3926.4
10/29/08,3926.4,4242.5,3926.4,4242.5,1667725800,4242.5
10/30/08,4242.5,4352.5,4200.2,4291.6,1363824700,4291.6
10/31/08,4291.6,4383.9,4195.1,4377.3,1679929200,4377.3
11/3/08,4377.3,4443.3,4348.3,4443.3,1234626600,4443.3
11/4/08,4443.3,4639.5,4404.2,4639.5,1492237400,4639.5
11/5/08,4639.5,4639.5,4495.7,4530.7,1154349300,4530.7
11/6/08,4530.7,4530.7,4260.3,4272.4,1681098800,4272.4
11/7/08,4272.4,4408.1,4263.8,4365,1296013900,4365
11/10/08,4365,4524.9,4365,4403.9,1096761500,4403.9
11/11/08,4403.9,4403.9,4231.5,4246.7,1320674700,4246.7
11/12/08,4246.7,4333.4,4134.5,4182,1441079300,4182
11/13/08,4182,4198.7,4079.6,4169.2,1418693000,4169.2
11/14/08,4169.2,4342.3,4169.2,4233,1228154000,4233
11/17/08,4233,4236.4,4110.7,4132.2,1096392800,4132.2
11/18/08,4132.2,4208.5,4033.4,4208.5,1317042600,4208.5
11/19/08,4208.5,4213.2,3999.1,4005.7,1388499600,4005.7
11/20/08,4005.7,4005.7,3812.2,3875,1571801700,3875
11/21/08,3875,3946.7,3734.1,3781,1618676700,3781
11/24/08,3781,4153.1,3781,4153,1639666200,4153
11/25/08,4153,4268.3,4069.3,4171.3,1902844600,4171.3
11/26/08,4171.3,4198.7,4050.7,4152.7,1167500600,4152.7
11/27/08,4152.7,4241.7,4152.7,4226.1,781558000,4226.1
11/28/08,4226.1,4288,4192.5,4288,941923400,4288
12/1/08,4288,4288,4038.4,4065.5,1042162300,4065.5
12/2/08,4065.5,4137.1,3973.3,4122.9,1586775800,4122.9
12/3/08,4122.9,4190.9,4042.3,4170,1201073100,4170
12/4/08,4170,4261.1,4090,4163.6,1270801000,4163.6
12/5/08,4163.6,4163.6,4002.2,4049.4,1116563000,4049.4
12/8/08,4049.4,4318,4049.4,4300.1,1243254500,4300.1
12/9/08,4300.1,4413,4232.6,4381.3,1106828600,4381.3
12/10/08,4381.3,4407.1,4330,4367.3,1098275500,4367.3
12/11/08,4367.3,4430.3,4307.8,4388.7,1054034500,4388.7
12/12/08,4388.7,4388.7,4201.9,4280.4,1101084600,4280.4
12/15/08,4280.4,4340.7,4238.9,4277.6,879421000,4277.6
12/16/08,4277.6,4330.1,4246.1,4309.1,929308800,4309.1
12/17/08,4309.1,4341.1,4231.1,4324.2,1135986100,4324.2
12/18/08,4324.2,4352.7,4282.6,4330.7,1089175900,4330.7
12/19/08,4330.7,4330.7,4200.7,4286.9,1578532100,4286.9
12/22/08,4286.9,4305.4,4219.8,4249.2,767254300,4249.2
12/23/08,4249.2,4307.1,4244.2,4256,607789500,4256
12/24/08,4256,4256,4205.2,4216.6,158370900,4216.6
12/29/08,4216.6,4326.3,4216.6,4319.4,441106700,4319.4
12/30/08,4319.4,4406.1,4319.4,4392.7,430343800,4392.7
12/31/08,4392.7,4456.2,4392.7,4434.2,241902100,4434.2
1/2/09,4434.2,4561.8,4430,4561.8,407295400,4561.8
1/5/09,4561.8,4618.1,4520.8,4579.6,836676000,4579.6
1/6/09,4579.6,4675.7,4562,4638.9,1037315900,4638.9
1/7/09,4638.9,4638.9,4478,4507.5,1060111200,4507.5
1/8/09,4507.5,4514.7,4410.5,4505.4,924352400,4505.4
1/9/09,4505.4,4534.8,4431.9,4448.5,979880000,4448.5
1/12/09,4448.5,4471.3,4402.3,4426.2,786091300,4426.2
1/13/09,4426.2,4426.2,4321.3,4399.1,963231600,4399.1
1/14/09,4399.1,4426.5,4115.4,4180.6,1309107100,4180.6
1/15/09,4180.6,4199.4,4090.9,4121.1,1247255200,4121.1
1/16/09,4121.1,4251.7,4121.1,4147.1,1386145300,4147.1
1/19/09,4147.1,4251.9,4032.4,4108.5,1879365000,4108.5
1/20/09,4108.5,4184.3,4060.6,4091.4,2079963600,4091.4
1/21/09,4091.4,4112.8,4001.4,4059.9,2068435600,4059.9
1/22/09,4059.9,4153.9,4046.4,4052.2,1615353300,4052.2
1/23/09,4052.2,4070.8,3956.7,4052.5,1510831400,4052.5
1/26/09,4052.5,4225.2,4039.4,4209,1524882700,4209
1/27/09,4209,4211,4130.8,4194.4,1264648300,4194.4
1/28/09,4194.4,4317.6,4194.4,4295.2,1742248000,4295.2
1/29/09,4295.2,4295.2,4147.7,4190.1,1387667100,4190.1
1/30/09,4190.1,4228,4125.2,4149.6,1496062600,4149.6
2/2/09,4149.6,4149.6,4036.9,4077.8,929235700,4077.8
2/3/09,4077.8,4173.2,4043.4,4164.5,1085343200,4164.5
2/4/09,4164.5,4262.7,4160.4,4228.6,1197508800,4228.6
2/5/09,4228.6,4235.3,4133.5,4228.9,1216488600,4228.9
2/6/09,4228.9,4330.7,4225.6,4291.9,1412522800,4291.9
2/9/09,4291.9,4334,4244,4307.6,1168750700,4307.6
2/10/09,4307.6,4309.5,4210.5,4213.1,1113424700,4213.1
2/11/09,4213.1,4244.5,4182.1,4234.3,977770400,4234.3
2/12/09,4234.3,4234.3,4135.1,4202.2,1326826600,4202.2
2/13/09,4202.2,4291.6,4168,4189.6,1464481700,4189.6
2/16/09,4189.6,4189.6,4127.3,4134.8,768227200,4134.8
2/17/09,4134.8,4134.8,3995.4,4034.1,1226667100,4034.1
2/18/09,4034.1,4056.5,3938.1,4006.8,1276563300,4006.8
2/19/09,4006.8,4045.2,3983.9,4018.4,1173914500,4018.4
2/20/09,4018.4,4018.4,3877.8,3889.1,1300936000,3889.1
2/23/09,3889.1,3960,3844.9,3850.7,985111700,3850.7
2/24/09,3850.7,3852.3,3772.4,3816.4,1082778100,3816.4
2/25/09,3816.4,3884.1,3803.9,3849,1190213500,3849
2/26/09,3849,3948.2,3849,3915.6,2078205800,3915.6
2/27/09,3915.6,3915.6,3760.7,3830.1,1662560800,3830.1
3/2/09,3830.1,3830.1,3625.8,3625.8,1489496500,3625.8
3/3/09,3625.8,3676.9,3497.3,3512.1,1552463400,3512.1
3/4/09,3512.1,3649.5,3512.1,3645.9,1282906400,3645.9
3/5/09,3645.9,3645.9,3526.4,3529.9,1517533800,3529.9
3/6/09,3529.9,3590.2,3492.1,3530.7,1594393900,3530.7
3/9/09,3530.7,3564.8,3460.7,3542.4,1568103200,3542.4
3/10/09,3542.4,3726.3,3516.3,3715.2,1622535400,3715.2
3/11/09,3715.2,3763.2,3652,3693.8,1596496800,3693.8
3/12/09,3693.8,3725.6,3616.5,3712.1,1416917400,3712.1
3/13/09,3712.1,3816,3712.1,3753.7,1333680600,3753.7
3/16/09,3753.7,3864,3753.7,3864,1179782000,3864
3/17/09,3864,3864,3793.1,3857.1,1176611600,3857.1
3/18/09,3857.1,3901.6,3768.5,3805,1211937800,3805
3/19/09,3805,3912.6,3793.7,3816.9,2067532400,3816.9
3/20/09,3816.9,3854.9,3777.7,3842.9,2098960800,3842.9
3/23/09,3842.9,3978.6,3842.9,3952.8,1440196200,3952.8
3/24/09,3952.8,3992.4,3878.4,3911.5,1405266300,3911.5
3/25/09,3911.5,3939.2,3853,3900.3,1320622500,3900.3
3/26/09,3900.3,3929.5,3877.8,3925.2,1425299200,3925.2
3/27/09,3925.2,3950.3,3877.6,3898.9,1489157600,3898.9
3/30/09,3898.9,3898.9,3762.9,3762.9,1236804900,3762.9
3/31/09,3762.9,3930.6,3762.9,3926.1,1504870500,3926.1
4/1/09,3926.1,3972.7,3838.2,3955.6,1290451500,3955.6
4/2/09,3955.6,4137.9,3955.6,4125,1638677400,4125
4/3/09,4125,4132.9,4015.6,4029.7,1373970900,4029.7
4/6/09,4029.7,4097.2,3959.6,3993.5,1210937300,3993.5
4/7/09,3993.5,4039.5,3909.9,3930.5,1084528600,3930.5
4/8/09,3930.5,3940.4,3876.1,3925.5,1093133600,3925.5
4/9/09,3925.5,3986.3,3912,3983.7,1119751900,3983.7
4/14/09,3983.7,4039.7,3939.6,3989,1385019600,3989
4/15/09,3989,4023.4,3941.6,3968.4,1214774100,3968.4
4/16/09,3968.4,4053,3963.6,4053,1235528900,4053
4/17/09,4053,4114.3,4043.2,4092.8,1554327900,4092.8
4/20/09,4092.8,4112.8,3962.9,3990.9,1222655400,3990.9
4/21/09,3990.9,4019.2,3897.3,3987.5,1470879100,3987.5
4/22/09,3987.5,4036,3948.2,4030.7,1293877500,4030.7
4/23/09,4030.7,4082.3,3999.1,4018.2,1098388900,4018.2
4/24/09,4018.2,4156,4018.2,4156,1274518100,4156
4/27/09,4156,4179.2,4088.7,4167,975338400,4167
4/28/09,4167,4167,4058.7,4096.4,977355800,4096.4
4/29/09,4096.4,4193.3,4089.5,4189.6,1155148300,4189.6
4/30/09,4189.6,4293.6,4189.6,4243.7,1479187300,4243.7
5/1/09,4243.7,4251.6,4210.8,4243.2,600337800,4243.2
5/5/09,4243.2,4375.4,4243.2,4336.9,1522095200,4336.9
5/6/09,4336.9,4437.6,4317,4396.5,1450005600,4396.5
5/7/09,4396.5,4520.8,4380.3,4398.7,2083443200,4398.7
5/8/09,4398.7,4487.5,4398.7,4462.1,1375438100,4462.1
5/11/09,4462.1,4470,4401.5,4435.5,1174313400,4435.5
5/12/09,4435.5,4457.5,4397.4,4425.5,1234467900,4425.5
5/13/09,4425.5,4448,4328.2,4331.4,1484087000,4331.4
5/14/09,4331.4,4371.3,4295.2,4362.6,1162939100,4362.6
5/15/09,4362.6,4400.7,4317.2,4348.1,1035803700,4348.1
5/18/09,4348.1,4446.5,4307.7,4446.5,959145000,4446.5
5/19/09,4446.5,4512.7,4445.5,4482.3,1395668300,4482.3
5/20/09,4482.3,4504.2,4445.1,4468.4,1327645000,4468.4
5/21/09,4468.4,4468.4,4325.8,4345.5,1224161500,4345.5
5/22/09,4345.5,4393.1,4335,4365.3,995791200,4365.3
5/26/09,4365.3,4423.6,4295,4411.7,982428500,4411.7
5/27/09,4411.7,4439.8,4390.2,4416.2,921207700,4416.2
5/28/09,4416.2,4416.2,4341.1,4387.5,900058900,4387.5
5/29/09,4387.5,4469.4,4387.5,4417.9,1114677800,4417.9
6/1/09,4417.9,4517.6,4417.9,4506.2,945393800,4506.2
6/2/09,4506.2,4506.2,4435.9,4477,1387225300,4477
6/3/09,4477,4477.2,4359.3,4383.4,1223552300,4383.4
6/4/09,4383.4,4436.3,4359.7,4386.9,1011577700,4386.9
6/5/09,4386.9,4495.9,4386.9,4438.6,1214146200,4438.6
6/8/09,4438.6,4438.6,4370.5,4405.2,1217751500,4405.2
6/9/09,4405.2,4445.5,4387.3,4404.8,984357100,4404.8
6/10/09,4404.8,4505.9,4404.8,4436.8,1183668000,4436.8
6/11/09,4436.8,4478.4,4409.1,4461.9,1081565300,4461.9
6/12/09,4461.9,4472,4427.2,4442,989967800,4442
6/15/09,4442,4442,4319.8,4326,975844300,4326
6/16/09,4326,4372.9,4321.6,4328.6,1170139100,4328.6
6/17/09,4328.6,4328.7,4254.6,4278.5,1167328600,4278.5
6/18/09,4278.5,4305.4,4239.7,4280.9,1222484600,4280.9
6/19/09,4280.9,4370.3,4279.9,4345.9,1830584200,4345.9
6/22/09,4345.9,4345.9,4234,4234,1126564000,4234
6/23/09,4234,4264,4214.9,4230,1058413900,4230
6/24/09,4230,4293,4218.4,4280,1122599900,4280
6/25/09,4280,4290.4,4213.4,4252.6,1082815600,4252.6
6/26/09,4252.6,4307.2,4216.5,4241,1021123000,4241
6/29/09,4241,4303.5,4235.2,4294,1086737100,4294
6/30/09,4294,4311.2,4230.6,4249.2,1281583400,4249.2
7/1/09,4249.2,4353,4249.2,4340.7,1191886700,4340.7
7/2/09,4340.7,4340.7,4230.8,4234.3,1271763400,4234.3
7/3/09,4234.3,4264.8,4221.2,4236.3,905300600,4236.3
7/6/09,4236.3,4236.3,4172.3,4194.9,880427600,4194.9
7/7/09,4194.9,4242.1,4184.4,4187,847664100,4187
7/8/09,4187,4197.5,4130.6,4140.2,1052135100,4140.2
7/9/09,4140.2,4186.4,4140.2,4158.7,900971500,4158.7
7/10/09,4158.7,4160.5,4123.5,4127.2,814402100,4127.2
7/13/09,4127.2,4209.3,4096.1,4202.1,834993700,4202.1
7/14/09,4202.1,4256.4,4198.7,4237.7,867775300,4237.7
7/15/09,4237.7,4346.5,4237.7,4346.5,916566100,4346.5
7/16/09,4346.5,4385.1,4329.4,4361.8,924794400,4361.8
7/17/09,4361.8,4411.9,4361.8,4388.8,1076386500,4388.8
7/20/09,4388.8,4464.8,4388.8,4443.6,953645300,4443.6
7/21/09,4443.6,4502.1,4437.8,4481.2,1080316300,4481.2
7/22/09,4481.2,4498,4449.2,4493.7,929533300,4493.7
7/23/09,4493.7,4566.8,4472.1,4559.8,1104970600,4559.8
7/24/09,4559.8,4603.2,4536.5,4576.6,1145449400,4576.6
7/27/09,4576.6,4615.1,4553.1,4586.1,875047700,4586.1
7/28/09,4586.1,4616.4,4520.3,4528.8,966741300,4528.8
7/29/09,4528.8,4581.8,4512.1,4547.5,895797600,4547.5
7/30/09,4547.5,4646.9,4547.5,4631.6,1158922000,4631.6
7/31/09,4631.6,4645.5,4599.7,4608.4,1120900800,4608.4
8/3/09,4608.4,4710.2,4595.6,4682.5,1178151300,4682.5
8/4/09,4682.5,4682.5,4627.7,4671.4,958905000,4671.4
8/5/09,4671.4,4696.6,4630.6,4647.1,1393738700,4647.1
8/6/09,4647.1,4729.6,4647.1,4690.5,1312467600,4690.5
8/7/09,4690.5,4743.6,4632.2,4731.6,1530040700,4731.6
8/10/09,4731.6,4731.6,4688.8,4722.2,897231000,4722.2
8/11/09,4722.2,4744.1,4657.8,4671.3,1051822000,4671.3
8/12/09,4671.3,4722.5,4631.7,4716.8,1010701300,4716.8
8/13/09,4716.8,4790,4716.8,4755.5,1014328700,4755.5
8/14/09,4755.5,4790.2,4699.5,4714,871182500,4714
8/17/09,4714,4714,4610.3,4645,801979300,4645
8/18/09,4645,4688.2,4645,4685.8,732862900,4685.8
8/19/09,4685.8,4698.5,4625.4,4689.7,774342200,4689.7
8/20/09,4689.7,4766.9,4689.7,4756.6,943369200,4756.6
8/21/09,4756.6,4858.5,4735.8,4850.9,1320641000,4850.9
8/24/09,4850.9,4911.4,4850.9,4896.2,900326800,4896.2
8/25/09,4896.2,4923.3,4858.9,4916.8,1044396000,4916.8
8/26/09,4916.8,4927,4872.4,4890.6,908111700,4890.6
8/27/09,4890.6,4906.2,4855.3,4869.4,912983400,4869.4
8/28/09,4869.4,4944.2,4869.4,4908.9,1070449900,4908.9
9/1/09,4908.9,4921.2,4819.7,4819.7,1152400000,4819.7
9/2/09,4819.7,4821.9,4776.5,4817.5,1274571600,4817.5
9/3/09,4817.5,4841.5,4788.9,4796.8,965052300,4796.8
9/4/09,4796.8,4873.8,4796.8,4851.7,938072700,4851.7
9/7/09,4851.7,4941.7,4851.7,4933.2,762580100,4933.2
9/8/09,4933.2,4972,4926,4947.3,1104604300,4947.3
9/9/09,4947.3,5004.3,4928.4,5004.3,914448800,5004.3
9/10/09,5004.3,5035.3,4956.6,4987.7,1109164700,4987.7
9/11/09,4987.7,5038.8,4987.7,5011.5,1012630000,5011.5
9/14/09,5011.5,5020.9,4953.7,5018.9,714999200,5018.9
9/15/09,5018.9,5062.7,4996.5,5042.1,881002700,5042.1
9/16/09,5042.1,5131.3,5042.1,5124.1,1133978800,5124.1
9/17/09,5124.1,5173.1,5124.1,5164,1020059800,5164
9/18/09,5164,5183.9,5147.1,5172.9,1597538500,5172.9
9/21/09,5172.9,5182.2,5107.7,5134.4,967255000,5134.4
9/22/09,5134.4,5189.9,5134.4,5142.6,796945400,5142.6
9/23/09,5142.6,5175.1,5126.6,5139.4,1014738400,5139.4
9/24/09,5139.4,5165.4,5073.4,5079.3,1161742200,5079.3
9/25/09,5079.3,5121.9,5079,5082.2,972278100,5082.2
9/28/09,5082.2,5170.8,5050.8,5165.7,926279400,5165.7
9/29/09,5165.7,5184,5136.5,5159.7,906053700,5159.7
9/30/09,5159.7,5190,5092.8,5133.9,1219158600,5133.9
10/1/09,5133.9,5164.4,5044,5047.8,1109157200,5047.8
10/2/09,5047.8,5047.8,4955,4988.7,1337511300,4988.7
10/5/09,4988.7,5024.3,4976.9,5024.3,935716800,5024.3
10/6/09,5024.3,5149.9,5024.3,5138,1042875300,5138
10/7/09,5138,5156.2,5104.5,5108.9,926710200,5108.9
10/8/09,5108.9,5172.8,5108.9,5154.6,1182546100,5154.6
10/9/09,5154.6,5171.5,5130.4,5161.9,930744900,5161.9
10/12/09,5161.9,5231.2,5161.9,5210.2,779456000,5210.2
10/13/09,5210.2,5221.6,5154.1,5154.1,1120979100,5154.1
10/14/09,5154.1,5261.3,5154.1,5256.1,1217495700,5256.1
10/15/09,5256.1,5267.9,5218.9,5223,1109682600,5223
10/16/09,5223,5272.9,5176.4,5190.2,1179478000,5190.2
10/19/09,5190.2,5281.5,5190.2,5281.5,827610900,5281.5
10/20/09,5281.5,5298.5,5243.4,5243.4,1072976800,5243.4
10/21/09,5243.4,5268,5174.5,5257.9,1143500900,5257.9
10/22/09,5257.9,5257.9,5166.5,5207.4,1018440400,5207.4
10/23/09,5207.4,5299.6,5207.4,5242.6,983285400,5242.6
10/26/09,5242.6,5281.1,5166.4,5191.7,934833900,5191.7
10/27/09,5191.7,5230.6,5181.9,5201,1445760900,5201
10/28/09,5201,5201,5074.1,5080.4,1420507200,5080.4
10/29/09,5080.4,5145.6,5042.7,5137.7,1347176800,5137.7
10/30/09,5137.7,5169.9,5024.4,5044.5,1402699300,5044.5
11/2/09,5044.5,5115.7,5022.5,5104.5,1039674800,5104.5
11/3/09,5104.5,5104.5,4985.1,5037.2,1355407100,5037.2
11/4/09,5037.2,5120.8,5037.2,5107.9,959549600,5107.9
11/5/09,5107.1,5154.6,5036.9,5125.6,1004107600,5125.6
11/6/09,5125.6,5159,5077.9,5142.7,1027214100,5142.7
11/9/09,5142.7,5240,5142.7,5235.2,868290100,5235.2
11/10/09,5235.2,5264.3,5221.5,5230.5,1093802600,5230.5
11/11/09,5230.5,5301.1,5230.5,5266.8,1051541500,5266.8
11/12/09,5266.8,5304.9,5254.1,5276.5,1026302300,5276.5
11/13/09,5276.5,5297.4,5251.3,5296.4,825989300,5296.4
11/16/09,5296.4,5397,5296.4,5382.7,786369300,5382.7
11/17/09,5382.7,5382.7,5337,5345.9,861148100,5345.9
11/18/09,5345.9,5372.1,5331.6,5342.1,1023850900,5342.1
11/19/09,5342.1,5343.8,5254.2,5267.7,969705900,5267.7
11/20/09,5267.7,5309.4,5224,5251.4,1164314800,5251.4
11/23/09,5251.4,5379.5,5251.4,5355.5,721784600,5355.5
11/24/09,5355.5,5374.9,5309.1,5324,1133899500,5324
11/25/09,5324,5372.2,5324,5364.8,1023165700,5364.8
11/26/09,5364.8,5364.8,5189.4,5194.1,1111331100,5194.1
11/27/09,5194.1,5271,5103.8,5245.7,1511711500,5245.7
11/30/09,5245.7,5270.4,5190.7,5190.7,1277889300,5190.7
12/1/09,5190.7,5312.2,5190.7,5312.2,1365285900,5312.2
12/2/09,5312.2,5348.5,5283,5327.4,1535114000,5327.4
12/3/09,5327.4,5372.4,5311.9,5313,1471991100,5313
12/4/09,5313,5373.9,5272.8,5322.4,1344173900,5322.4
12/7/09,5322.4,5328.8,5251,5310.7,1072522800,5310.7
12/8/09,5310.7,5323.4,5206.4,5223.1,1305308400,5223.1
12/9/09,5223.1,5245.9,5175.7,5203.9,1211920900,5203.9
12/10/09,5203.9,5254.5,5194.5,5244.4,1108715400,5244.4
12/11/09,5244.4,5312,5244.4,5261.6,972486600,5261.6
12/14/09,5261.6,5331,5261.6,5315.3,1090034300,5315.3
12/15/09,5315.3,5328.1,5250.8,5285.8,822309500,5285.8
12/16/09,5285.8,5335.3,5283.9,5320.3,892405400,5320.3
12/17/09,5320.3,5320.3,5217.6,5217.6,1164509700,5217.6
12/18/09,5217.6,5287.6,5196.8,5196.8,2132556000,5196.8
12/21/09,5196.8,5320,5196.8,5294,791039800,5294
12/22/09,5294,5361.9,5294,5328.7,556895300,5328.7
12/23/09,5328.7,5386.6,5328.7,5372.4,482969800,5372.4
12/24/09,5372.4,5402.4,5367.8,5402.4,231029500,5402.4
12/29/09,5402.4,5445.2,5402.4,5437.6,387897800,5437.6
12/30/09,5437.6,5442.8,5390.6,5397.9,345719600,5397.9
12/31/09,5397.9,5431.9,5390.4,5412.9,173847500,5412.9
1/4/10,5412.9,5500.3,5410.8,5500.3,750941900,5500.3
1/5/10,5500.3,5536.4,5480.7,5522.5,1149301100,5522.5
1/6/10,5522.5,5536.5,5497.6,5530,1000255200,5530
1/7/10,5530,5551.7,5499.8,5526.7,1164018000,5526.7
1/8/10,5526.7,5549.3,5494.8,5534.2,1008023000,5534.2
1/11/10,5534.2,5600.5,5527.9,5538.1,903964300,5538.1
1/12/10,5538.1,5549.6,5459.9,5498.7,960363800,5498.7
1/13/10,5498.7,5509.7,5450.9,5473.5,849922900,5473.5
1/14/10,5473.5,5521.9,5473.5,5498.2,928186000,5498.2
1/15/10,5498.2,5527,5450.4,5455.4,1746382600,5455.4
1/18/10,5455.4,5504,5454.3,5494.4,778845100,5494.4
1/19/10,5494.4,5531.9,5431.3,5513.1,1108801500,5513.1
1/20/10,5513.1,5513.1,5404,5420.8,1201137800,5420.8
1/21/10,5420.8,5468.4,5331.6,5335.1,1346000400,5335.1
1/22/10,5335.1,5345.6,5253,5303,1649464100,5303
1/25/10,5303,5330.6,5252.9,5260.3,1025198700,5260.3
1/26/10,5260.3,5276.9,5215.7,5276.9,1016053700,5276.9
1/27/10,5276.9,5276.9,5192.6,5217.5,1271716700,5217.5
1/28/10,5217.5,5280.4,5145.7,5145.7,1294444600,5145.7
1/29/10,5145.7,5230.2,5145.7,5188.5,1281845700,5188.5
2/1/10,5188.5,5250.1,5163.6,5247.4,935810900,5247.4
2/2/10,5247.4,5289,5208.2,5283.3,1106690900,5283.3
2/3/10,5283.3,5305.4,5237.7,5253.1,1160343400,5253.1
2/4/10,5253.1,5262.2,5123.9,5139.3,1726997200,5139.3
2/5/10,5139.3,5139.3,5033.8,5060.9,1930760000,5060.9
2/8/10,5060.9,5118.1,5033,5092.3,1326821000,5092.3
2/9/10,5092.3,5132.9,5084.8,5111.8,1284674000,5111.8
2/10/10,5111.8,5181.2,5105.3,5132,1209909900,5132
2/11/10,5132,5201.8,5114.5,5161.5,1565807100,5161.5
2/12/10,5161.5,5207.7,5117.4,5142.5,1285903200,5142.5
2/15/10,5142.5,5194.3,5142.5,5167.5,591532700,5167.5
2/16/10,5167.5,5248.1,5167.5,5244.1,1098381900,5244.1
2/17/10,5244.1,5304.5,5244.1,5276.6,1206035400,5276.6
2/18/10,5276.6,5326.4,5261.7,5325.1,966348700,5325.1
2/19/10,5325.1,5366.1,5281.4,5358.2,1469030900,5358.2
2/22/10,5358.2,5387,5348.1,5352.1,968763600,5352.1
2/23/10,5352.1,5395.5,5302,5315.1,1063966400,5315.1
2/24/10,5315.1,5357.9,5298.2,5342.9,953921100,5342.9
2/25/10,5342.9,5370.4,5259.7,5278.2,1951587200,5278.2
2/26/10,5278.2,5367.8,5278.2,5354.5,1700847600,5354.5
3/1/10,5354.5,5420.8,5354.5,5405.9,1423914400,5405.9
3/2/10,5405.9,5485,5403.7,5484.1,1218498600,5484.1
3/3/10,5484.1,5541.8,5465.3,5533.2,1111148600,5533.2
3/4/10,5533.2,5544.2,5501.1,5527.2,1077937200,5527.2
3/5/10,5527.2,5605.4,5527.2,5599.8,1002183400,5599.8
3/8/10,5599.8,5621.1,5579.2,5606.7,838200600,5606.7
3/9/10,5606.7,5618.4,5563.1,5602.3,993738300,5602.3
3/10/10,5602.3,5645.3,5585.4,5640.6,998243800,5640.6
3/11/10,5640.6,5642.9,5594.7,5617.3,889912800,5617.3
3/12/10,5617.3,5646.7,5612.4,5625.6,1294493800,5625.6
3/15/10,5625.6,5627,5588.2,5593.9,818311100,5593.9
3/16/10,5593.9,5637.7,5593.9,5620.4,885420100,5620.4
3/17/10,5620.4,5657.8,5620.4,5644.6,930987100,5644.6
3/18/10,5644.6,5661,5619.2,5642.6,921528600,5642.6
3/19/10,5642.6,5691.2,5633.5,5650.1,2489585600,5650.1
3/22/10,5650.1,5650.1,5583.5,5644.5,886165600,5644.5
3/23/10,5644.5,5695.9,5644.5,5673.6,969327500,5673.6
3/24/10,5673.6,5698.9,5636,5677.9,1118839900,5677.9
3/25/10,5677.9,5737.1,5673.1,5727.6,1099778200,5727.6
3/26/10,5727.6,5727.6,5695.5,5703,1031531000,5703
3/29/10,5703,5733.1,5684.6,5710.7,1015977000,5710.7
3/30/10,5710.7,5742.8,5662.8,5672.3,931017300,5672.3
3/31/10,5672.3,5698.5,5646.3,5679.6,1105283600,5679.6
4/1/10,5679.6,5744.9,5679.5,5744.9,807719800,5744.9
4/6/10,5744.9,5790.4,5744.6,5780.4,845779000,5780.4
4/7/10,5780.4,5782.3,5753.4,5762.1,829276800,5762.1
4/8/10,5762.1,5762.1,5684.5,5712.7,820356500,5712.7
4/9/10,5712.7,5773.6,5712.7,5771,704070200,5771
4/12/10,5771,5803.7,5755.8,5777.6,595469400,5777.6
4/13/10,5777.6,5778.9,5741.9,5761.7,669420600,5761.7
4/14/10,5761.7,5812.8,5761.7,5796.3,868813400,5796.3
4/15/10,5796.3,5832.3,5778.4,5825,1030614900,5825
4/16/10,5825,5833.7,5726.4,5744,1635028400,5744
4/19/10,5744,5748.3,5697.2,5727.9,1081125900,5727.9
4/20/10,5727.9,5796.6,5727.9,5783.7,1081125900,5783.7
4/21/10,5783.7,5797,5721.3,5723.4,1148942700,5723.4
4/22/10,5723.4,5761.4,5652.4,5665.3,1139851400,5665.3
4/23/10,5665.3,5740.9,5665.3,5723.6,1002800000,5723.6
4/26/10,5723.6,5800.7,5723.6,5753.9,1036747800,5753.9
4/27/10,5753.9,5758.6,5603.5,5603.5,1516491200,5603.5
4/28/10,5603.5,5640,5533.6,5586.6,1832767000,5586.6
4/29/10,5586.6,5638.8,5579.7,5617.8,1210397200,5617.8
4/30/10,5617.8,5643.9,5540.6,5553.3,1439125100,5553.3
5/4/10,5553.3,5566,5398.9,5411.1,1735870400,5411.1
5/5/10,5411.1,5428.8,5304.6,5341.9,1997069600,5341.9
5/6/10,5341.9,5371.5,5251.3,5261,1701949400,5261
5/7/10,5261,5264.5,5045.3,5123,2758104400,5123
5/10/10,5123,5399.8,5123,5387.4,2324845200,5387.4
5/11/10,5387.4,5387.4,5257.1,5334.2,1450513500,5334.2
5/12/10,5334.2,5401,5284.6,5383.5,1514156400,5383.5
5/13/10,5383.5,5436,5381.5,5433.7,956026200,5433.7
5/14/10,5433.7,5433.7,5245.4,5262.9,1335859100,5262.9
5/17/10,5262.9,5327.5,5231.6,5262.5,1200734600,5262.5
5/18/10,5262.5,5341.4,5262.5,5307.3,1111763800,5307.3
5/19/10,5307.3,5307.3,5158.1,5158.1,1382492300,5158.1
5/20/10,5158.1,5230.2,5000.8,5073.1,1706213200,5073.1
5/21/10,5073.1,5084,4957.1,5062.9,2015042400,5062.9
5/24/10,5062.9,5109.4,5021.6,5069.6,963073500,5069.6
5/25/10,5069.6,5069.6,4898.5,4940.7,1728679200,4940.7
5/26/10,4940.7,5097.9,4940.5,5038.1,1833041200,5038.1
5/27/10,5038.1,5195.4,5038.1,5195.2,1582638100,5195.2
5/28/10,5195.2,5240.3,5186,5188.4,1335686800,5188.4
6/1/10,5188.4,5192.1,5063.2,5163.3,1325107100,5163.3
6/2/10,5163.3,5163.3,5072.5,5151.3,1173782400,5151.3
6/3/10,5151.3,5262.5,5151.3,5211.2,1214853100,5211.2
6/4/10,5211.2,5261.7,5102,5126,1209543500,5126
6/7/10,5126,5126,5040.3,5069.1,900731400,5069.1
6/8/10,5069.1,5084.1,4984.7,5028.1,1199075200,5028.1
6/9/10,5028.1,5085.9,4998.1,5085.9,1094116700,5085.9
6/10/10,5085.9,5149.7,5030.9,5132.5,1364944100,5132.5
6/11/10,5132.5,5184.4,5116.7,5163.7,1105133000,5163.7
6/14/10,5163.7,5215.2,5163.7,5202.1,947984700,5202.1
6/15/10,5202.1,5242.1,5149.1,5217.8,1005268900,5217.8
6/16/10,5217.8,5257.3,5209.4,5237.9,1026163100,5237.9
6/17/10,5237.9,5293.8,5233.2,5253.9,1139301500,5253.9
6/18/10,5253.9,5289.1,5239.4,5250.8,1528137700,5250.8
6/21/10,5250.8,5331.5,5250.8,5299.1,797902500,5299.1
6/22/10,5299.1,5299.1,5210,5247,1124438700,5247
6/23/10,5247,5247.9,5165.8,5178.5,941044700,5178.5
6/24/10,5178.5,5211.8,5091,5100.2,979497800,5100.2
6/25/10,5100.2,5130.5,5031.7,5046.5,1188668700,5046.5
6/28/10,5046.5,5085.6,5024.7,5071.7,845187200,5071.7
6/29/10,5071.7,5071.7,4899,4914.2,1016390700,4914.2
6/30/10,4914.2,4961.9,4898.5,4916.9,1277365000,4916.9
7/1/10,4916.9,4916.9,4790,4805.8,1342920400,4805.8
7/2/10,4805.8,4880.9,4805.8,4838.1,1038891300,4838.1
7/5/10,4838.1,4863.4,4821.1,4823.5,539451400,4823.5
7/6/10,4823.5,4967.6,4823.5,4965,921871800,4965
7/7/10,4965,5014.8,4892,5014.8,1061885900,5014.8
7/8/10,5014.8,5123.5,5014.8,5105.5,1130033400,5105.5
7/9/10,5105.5,5150.6,5098.8,5132.9,859246400,5132.9
7/12/10,5132.9,5193.2,5128.6,5167,622994200,5167
7/13/10,5167,5272.3,5167,5271,891506800,5271
7/14/10,5271,5287.3,5205.8,5253.5,839655700,5253.5
7/15/10,5253.5,5268.4,5187.5,5211.3,834459400,5211.3
7/16/10,5211.3,5273.6,5153.3,5158.9,1068185900,5158.9
7/19/10,5158.9,5196.8,5111.9,5148.3,687707300,5148.3
7/20/10,5148.3,5180,5090.6,5139.5,830739400,5139.5
7/21/10,5139.5,5244.9,5139.5,5214.6,966423800,5214.6
7/22/10,5214.6,5319.5,5181,5313.8,1022077500,5313.8
7/23/10,5313.8,5328.5,5272.7,5312.6,872202600,5312.6
7/26/10,5312.6,5351.9,5301.3,5351.1,772356000,5351.1
7/27/10,5351.1,5411.5,5351.1,5365.7,1810362600,5365.7
7/28/10,5365.7,5398.1,5314.6,5319.7,1184821300,5319.7
7/29/10,5319.7,5375.2,5314,5314,792887300,5314
7/30/10,5314,5322.7,5245.5,5258,838262500,5258
8/2/10,5258,5401.7,5258,5397.1,955917300,5397.1
8/3/10,5397.1,5397.3,5353.5,5396.5,849018600,5396.5
8/4/10,5396.5,5406.8,5318.8,5386.2,1157773400,5386.2
8/5/10,5386.2,5416.8,5356.8,5365.8,1082818800,5365.8
8/6/10,5365.8,5408.1,5307.6,5332.4,1147370700,5332.4
8/9/10,5332.4,5418.6,5332.4,5410.5,635528400,5410.5
8/10/10,5410.5,5411.6,5348.1,5376.4,853616900,5376.4
8/11/10,5376.4,5376.4,5245,5245.2,1046900200,5245.2
8/12/10,5245.2,5272.5,5210.5,5266.1,1058661300,5266.1
8/13/10,5266.1,5308.8,5225.9,5275.4,863371000,5275.4
8/16/10,5275.4,5304.6,5228.6,5276.1,602793700,5276.1
8/17/10,5276.1,5351.5,5276.1,5350.5,722264700,5350.5
8/18/10,5350.5,5350.5,5296.9,5302.9,653683300,5302.9
8/19/10,5302.9,5336.4,5205.6,5211.3,825504400,5211.3
8/20/10,5211.3,5233,5160.4,5195.3,808699200,5195.3
8/23/10,5195.3,5268.4,5186.9,5234.8,582331100,5234.8
8/24/10,5234.8,5234.8,5109.9,5156,863419500,5156
8/25/10,5156,5168.5,5070.9,5109.4,852400700,5109.4
8/26/10,5109.4,5167.8,5109.4,5155.8,699881100,5155.8
8/27/10,5155.8,5211.6,5121,5201.6,791736400,5201.6
8/31/10,5201.6,5225.2,5129.7,5225.2,1162231000,5225.2
9/1/10,5225.2,5366.4,5225.2,5366.4,990584100,5366.4
9/2/10,5366.4,5383.7,5347,5371,837828900,5371
9/3/10,5371,5454,5371,5428.1,733985100,5428.1
9/6/10,5428.1,5459.4,5428.1,5439.2,483459700,5439.2
9/7/10,5439.2,5439.2,5381.1,5407.8,700129000,5407.8
9/8/10,5407.8,5445.6,5361.4,5429.7,882273300,5429.7
9/9/10,5429.7,5505.7,5412.5,5494.2,936215700,5494.2
9/10/10,5494.2,5511.5,5475.9,5501.6,792428200,5501.6
9/13/10,5501.6,5571.4,5501.6,5565.5,882318700,5565.5
9/14/10,5565.5,5582.5,5541.5,5567.4,739105900,5567.4
9/15/10,5567.4,5578.7,5536,5555.6,764665700,5555.6
9/16/10,5555.6,5564.5,5534,5540.1,700780000,5540.1
9/17/10,5540.1,5612.9,5508.5,5508.5,1391565400,5508.5
9/20/10,5508.5,5607.3,5508.5,5602.5,677945600,5602.5
9/21/10,5602.5,5635.7,5576.2,5576.2,731451500,5576.2
9/22/10,5576.2,5597.5,5516.9,5551.9,783222500,5551.9
9/23/10,5551.9,5588.8,5471.7,5547.1,795945400,5547.1
9/24/10,5547.1,5612.5,5516.5,5598.5,818644600,5598.5
9/27/10,5598.5,5615.8,5569.9,5573.4,600635500,5573.4
9/28/10,5573.4,5582,5506.1,5578.4,854163100,5578.4
9/29/10,5578.4,5624.5,5544.7,5569.3,799992300,5569.3
9/30/10,5569.3,5650.3,5539.1,5548.6,1012633500,5548.6
10/1/10,5548.6,5615.1,5547.5,5592.9,823630600,5592.9
10/4/10,5592.9,5601.2,5550.8,5556,604252000,5556
10/5/10,5556,5646.1,5550.6,5635.8,830151700,5635.8
10/6/10,5635.8,5695.5,5635.8,5681.4,756640300,5681.4
10/7/10,5681.4,5707.3,5650.8,5662.1,947272500,5662.1
10/8/10,5662.1,5663.7,5606.6,5657.6,1047049600,5657.6
10/11/10,5657.6,5686,5655.7,5672.4,475637800,5672.4
10/12/10,5672.4,5677,5597.5,5661.6,637397300,5661.6
10/13/10,5661.6,5760.5,5661.6,5747.4,973403200,5747.4
10/14/10,5747.4,5770.9,5712.9,5727.2,1130424900,5727.2
10/15/10,5727.2,5743.9,5666,5703.4,996353300,5703.4
10/18/10,5703.4,5748.8,5670.1,5742.5,610917500,5742.5
10/19/10,5742.5,5761.9,5690.6,5703.9,777975700,5703.9
10/20/10,5703.9,5730,5680.4,5728.9,671501700,5728.9
10/21/10,5728.9,5786.7,5698,5757.9,1023807800,5757.9
10/22/10,5757.9,5758,5724.3,5741.4,657950400,5741.4
10/25/10,5741.4,5794.3,5741.4,5752,772475800,5752
10/26/10,5752,5754.2,5677.2,5707.3,812461700,5707.3
10/27/10,5707.3,5707.3,5630.9,5646,787759800,5646
10/28/10,5646,5711.8,5646,5677.9,767340900,5677.9
10/29/10,5677.9,5699.2,5647,5675.2,836504100,5675.2
11/1/10,5675.2,5733,5667.4,5694.6,641818600,5694.6
11/2/10,5694.6,5771.6,5690.4,5757.4,805488100,5757.4
11/3/10,5757.4,5773.7,5730.5,5749,825699200,5749
11/4/10,5749,5876,5749,5862.8,1079789800,5862.8
11/5/10,5862.8,5899.4,5834,5875.4,1106801300,5875.4
11/8/10,5875.4,5881,5841.3,5850,772608500,5850
11/9/10,5850,5902.1,5847.4,5875.2,951025300,5875.2
11/10/10,5875.2,5877,5796.2,5816.9,942150400,5816.9
11/11/10,5816.9,5846.5,5792.6,5815.2,1091041600,5815.2
11/12/10,5815.2,5831.8,5711.7,5796.9,986021400,5796.9
11/15/10,5796.9,5832.9,5755.7,5820.4,620872800,5820.4
11/16/10,5820.4,5820.4,5680.9,5681.9,871717100,5681.9
11/17/10,5681.9,5704.4,5659.6,5692.6,761486000,5692.6
11/18/10,5692.6,5783,5692.6,5768.7,729396100,5768.7
11/19/10,5768.7,5774.1,5684.5,5732.8,732494000,5732.8
11/22/10,5732.8,5783.1,5668.5,5680.8,774612600,5680.8
11/23/10,5680.8,5681.1,5581.3,5581.3,1029608700,5581.3
11/24/10,5581.3,5671.9,5573.3,5657.1,907509800,5657.1
11/25/10,5657.1,5707.9,5654.7,5698.9,556473400,5698.9
11/26/10,5698.9,5699,5599.3,5668.7,862384200,5668.7
11/29/10,5668.7,5722.7,5551,5551,1016585900,5551
11/30/10,5551,5597,5519.2,5528.3,1312214200,5528.3
12/1/10,5528.3,5656.2,5528.3,5642.5,1142732300,5642.5
12/2/10,5642.5,5770.9,5642.5,5767.6,1071115600,5767.6
12/3/10,5767.6,5784.3,5720.2,5745.3,758341000,5745.3
12/6/10,5745.3,5785.7,5728.5,5770.3,761310200,5770.3
12/7/10,5770.3,5850.4,5769.7,5808.5,915796600,5808.5
12/8/10,5808.5,5826.6,5774.3,5794.5,795733800,5794.5
12/9/10,5794.5,5838,5794.5,5808,910975200,5808
12/10/10,5808,5827.6,5794.5,5813,620763200,5813
12/13/10,5813,5873.7,5812.9,5860.8,562916600,5860.8
12/14/10,5860.8,5891.2,5847.1,5891.2,665299200,5891.2
12/15/10,5891.2,5898,5858.1,5882.2,781046600,5882.2
12/16/10,5882.2,5907.1,5862.9,5881.1,636310600,5881.1
12/17/10,5881.1,5902.5,5857.3,5871.8,1431434200,5871.8
12/20/10,5871.8,5913.8,5865.5,5891.6,536148400,5891.6
12/21/10,5891.6,5953.9,5891.1,5951.8,541859600,5951.8
12/22/10,5951.8,5991.9,5936.3,5983.5,527260000,5983.5
12/23/10,5983.5,6000.5,5982.2,5996.1,314131600,5996.1
12/24/10,5996.1,6008.9,5978.2,6008.9,66767000,6008.9
12/29/10,6008.9,6021.5,5977,5996.4,329122200,5996.4
12/30/10,5996.4,6009.8,5969.7,5971,252316600,5971
12/31/10,5971,5985.7,5899.9,5899.9,197447000,5899.9
1/4/11,5899.9,6049.5,5899.9,6013.9,950390600,6013.9
1/5/11,6013.9,6043.9,5964.4,6043.9,887010400,6043.9
1/6/11,6043.9,6090.5,6004.6,6019.5,843815800,6019.5
1/7/11,6019.5,6023.7,5973.4,5984.3,780985000,5984.3
1/10/11,5984.3,5984.3,5939.9,5956.3,662791000,5956.3
1/11/11,5956.3,6035.9,5956.3,6014,862039200,6014
1/12/11,6014,6050.7,6013.9,6050.7,1026864100,6050.7
1/13/11,6050.7,6055.5,6005.5,6023.9,922876000,6023.9
1/14/11,6023.9,6031.7,5948.5,6002.1,852945600,6002.1
1/17/11,6002.1,6013.4,5975.6,5985.7,599575200,5985.7
1/18/11,5985.7,6065.7,5985.5,6056.4,871181000,6056.4
1/19/11,6056.4,6077.1,5974.8,5976.7,882393000,5976.7
1/20/11,5976.7,5977.5,5867.3,5867.9,999116400,5867.9
1/21/11,5867.9,5939.3,5867.9,5896.3,1161650500,5896.3
1/24/11,5896.3,5960.5,5887.6,5943.9,920210800,5943.9
1/25/11,5943.9,5964.7,5904.3,5917.7,1034224400,5917.7
1/26/11,5917.7,6003.3,5917.7,5969.2,880021200,5969.2
1/27/11,5969.2,5997.3,5950.7,5965.1,820596400,5965.1
1/28/11,5965.1,5965.8,5877.9,5881.4,968312000,5881.4
1/31/11,5881.4,5881.7,5815.4,5862.9,931414800,5862.9
2/1/11,5862.9,5963.7,5862.9,5957.8,966826600,5957.8
2/2/11,5957.8,6020.5,5957.8,6000.1,878318200,6000.1
2/3/11,6000.1,6000.3,5951.8,5983.3,1036255400,5983.3
2/4/11,5983.3,6023.4,5983.3,5997.4,763863200,5997.4
2/7/11,5997.4,6054.1,5996.6,6051,694875000,6051
2/8/11,6051,6091.3,6032.9,6091.3,859550000,6091.3
2/9/11,6091.3,6091.3,6049.5,6052.3,923601800,6052.3
2/10/11,6052.3,6052.3,5986.5,6020,821798000,6020
2/11/11,6020,6071.4,5973.4,6062.9,822822600,6062.9
2/14/11,6062.9,6091.5,6042.1,6060.1,636741400,6060.1
2/15/11,6060.1,6072.1,6023.8,6037.1,875930200,6037.1
2/16/11,6037.1,6095.8,6033.5,6085.3,859535200,6085.3
2/17/11,6085.3,6101.4,6066.7,6087.4,1022169000,6087.4
2/18/11,6087.4,6096.8,6048.8,6083,802223000,6083
2/21/11,6083,6105.8,6013.1,6014.8,629790600,6014.8
2/22/11,6014.8,6028.6,5926.5,5996.8,769147400,5996.8
2/23/11,5996.8,5996.8,5915.5,5923.5,897134800,5923.5
2/24/11,5923.5,5936.7,5861,5920,939695000,5920
2/25/11,5920,6011.5,5920,6001.2,836550200,6001.2
2/28/11,6001.2,6022.3,5963.6,5994,956595600,5994
3/1/11,5994,6040.4,5927.4,5935.8,898036600,5935.8
3/2/11,5935.8,5941.8,5865.9,5914.9,891083600,5914.9
3/3/11,5914.9,6017.1,5914.9,6005.1,811030200,6005.1
3/4/11,6005.1,6052.1,5983.2,5990.4,729247600,5990.4
3/7/11,5990.4,6043.1,5967.7,5973.8,651065400,5973.8
3/8/11,5973.8,5999.9,5911,5974.8,813285600,5974.8
3/9/11,5974.8,5979.3,5922.7,5937.3,744541000,5937.3
3/10/11,5937.3,5937.3,5833.2,5845.3,950808400,5845.3
3/11/11,5845.3,5845.3,5796.4,5828.7,777919800,5828.7
3/14/11,5828.7,5842,5769,5775.2,830598200,5775.2
3/15/11,5775.2,5775.2,5591.6,5695.3,1270314900,5695.3
3/16/11,5695.3,5720.9,5598.2,5598.2,1124024200,5598.2
3/17/11,5598.2,5707.7,5598.2,5696.1,931850400,5696.1
3/18/11,5696.1,5758.2,5696.1,5718.1,1379471500,5718.1
3/21/11,5718.1,5798.8,5718.1,5786.1,764087000,5786.1
3/22/11,5786.1,5813.8,5742.6,5762.7,686659000,5762.7
3/23/11,5762.7,5802.4,5731.4,5795.9,910207800,5795.9
3/24/11,5795.9,5888.7,5780.4,5880.9,828355800,5880.9
3/25/11,5880.9,5918.7,5878.2,5900.8,664221800,5900.8
3/28/11,5900.8,5923,5900.6,5904.5,526577800,5904.5
3/29/11,5904.5,5932.7,5879.9,5932.2,669497200,5932.2
3/30/11,5932.2,5971,5932.2,5948.3,872031000,5948.3
3/31/11,5948.3,5972.8,5908.8,5908.8,1034424900,5908.8
4/1/11,5908.8,6014.8,5908.8,6009.9,921016600,6009.9
4/4/11,6009.9,6035.1,5987.7,6017,683415000,6017
4/5/11,6017,6026.3,5989,6007.1,714605800,6007.1
4/6/11,6007.1,6056.4,6007.1,6041.1,810707000,6041.1
4/7/11,6041.1,6053.1,6007.4,6007.4,710450000,6007.4
4/8/11,6007.4,6066.4,6007.4,6055.8,607115400,6055.8
4/11/11,6055.8,6070.8,6044.5,6053.4,659854800,6053.4
4/12/11,6053.4,6053.6,5958.3,5964.5,759468000,5964.5
4/13/11,5964.5,6043.4,5964.5,6010.4,700979400,6010.4
4/14/11,6010.4,6010.5,5943.8,5963.8,667918200,5963.8
4/15/11,5963.8,5996.8,5963.5,5996,771907000,5996
4/18/11,5996,5997.5,5858.3,5870.1,872742400,5870.1
4/19/11,5870.1,5922.2,5870.1,5896.9,625044000,5896.9
4/20/11,5896.9,6033.8,5896.9,6022.3,706493200,6022.3
4/21/11,6022.3,6049.4,6005.8,6018.3,739317000,6018.3
4/26/11,6018.3,6070.6,6007,6069.4,553639200,6069.4
4/27/11,6069.4,6089.4,6045.9,6068.2,707283800,6068.2
4/28/11,6068.2,6091.8,6051,6069.9,741068000,6069.9
5/3/11,6069.9,6103.7,6050.7,6082.9,809722200,6082.9
5/4/11,6082.9,6083.8,5972.8,5984.1,1002877000,5984.1
5/5/11,5984.1,6009.1,5912.6,5920,1597409700,5920
5/6/11,5920,5984.9,5871.6,5976.8,1162112100,5976.8
5/9/11,5976.8,5999.9,5922.2,5942.7,803357200,5942.7
5/10/11,5942.7,6023.1,5940.1,6018.9,835132600,6018.9
5/11/11,6018.9,6040.2,5965.3,5976,823139400,5976
5/12/11,5976,5976.4,5882.4,5945,868796400,5945
5/13/11,5945,6001.3,5919.9,5925.9,705255000,5925.9
5/16/11,5925.9,5936.2,5862.2,5923.7,686694200,5923.7
5/17/11,5923.7,5942.8,5861,5861,756848800,5861
5/18/11,5861,5934.5,5860.6,5923.5,702325400,5923.5
5/19/11,5923.5,6003.9,5923.5,5956,849895800,5956
5/20/11,5956,6017.6,5927.7,5948.5,897899600,5948.5
5/23/11,5948.5,5948.5,5833.4,5835.9,853749200,5835.9
5/24/11,5835.9,5884.7,5835.9,5858.4,985312200,5858.4
5/25/11,5858.4,5881.2,5810.5,5870.1,916829200,5870.1
5/26/11,5870.1,5910.8,5866.7,5881,868336800,5881
5/27/11,5881,5951.4,5881,5938.9,799337800,5938.9
5/31/11,5938.9,6010,5938.9,5990,967043400,5990
6/1/11,5990,5995.2,5911.7,5928.6,832047200,5928.6
6/2/11,5928.6,5928.6,5847.9,5847.9,980195200,5847.9
6/3/11,5847.9,5868.2,5802.7,5855,840519800,5855
6/6/11,5855,5881.1,5827.5,5863.2,650699800,5863.2
6/7/11,5863.2,5890.6,5849.2,5864.6,792266800,5864.6
6/8/11,5864.6,5864.6,5791.8,5808.9,848385000,5808.9
6/9/11,5808.9,5861.2,5795,5856.3,854850800,5856.3
6/10/11,5856.3,5867,5758.3,5765.8,786839200,5765.8
6/13/11,5765.8,5793.8,5763.4,5773.5,643227200,5773.5
6/14/11,5773.5,5822.6,5773.5,5803.1,811563000,5803.1
6/15/11,5803.1,5803.4,5742.5,5742.5,807145200,5742.5
6/16/11,5742.5,5742.5,5644.4,5698.8,1040114400,5698.8
6/17/11,5698.8,5733.2,5645,5714.9,1215422700,5714.9
6/20/11,5714.9,5714.9,5647.2,5693.4,746606400,5693.4
6/21/11,5693.4,5778.1,5693,5775.3,745714800,5775.3
6/22/11,5775.3,5789.1,5741.8,5773,756880600,5773
6/23/11,5773,5773,5663.3,5674.4,893970600,5674.4
6/24/11,5674.4,5768.5,5674.4,5697.7,1037392500,5697.7
6/27/11,5697.7,5728.4,5679.6,5722.3,836747000,5722.3
6/28/11,5722.3,5795.1,5722.3,5766.9,810367200,5766.9
6/29/11,5766.9,5860.9,5766.9,5856,908814800,5856
6/30/11,5856,5945.7,5856,5945.7,1221084400,5945.7
7/1/11,5945.7,5999,5937,5989.8,871319600,5989.8
7/4/11,5989.8,6030.8,5985.7,6017.5,469993600,6017.5
7/5/11,6017.5,6036.3,6011.1,6024,656222400,6024
7/6/11,6024,6026.5,5973.8,6002.9,817116200,6002.9
7/7/11,6002.9,6071.7,6002.9,6054.5,834549600,6054.5
7/8/11,6054.5,6084.1,5981.7,5990.6,781326400,5990.6
7/11/11,5990.6,5998.6,5900.8,5929.2,854847000,5929.2
7/12/11,5929.2,5929.2,5793,5869,1086509600,5869
7/13/11,5869,5911,5851,5906.4,830813000,5906.4
7/14/11,5906.4,5906.4,5841.2,5847,715968200,5847
7/15/11,5847,5863.6,5806,5843.7,693411600,5843.7
7/18/11,5843.7,5843.7,5752.8,5752.8,848623000,5752.8
7/19/11,5752.8,5802,5752.8,5790,912096000,5790
7/20/11,5790,5856.4,5790,5853.8,900376400,5853.8
7/21/11,5853.8,5934.3,5797.5,5899.9,1051054100,5899.9
7/22/11,5899.9,5966.8,5899.9,5935,874525200,5935
7/25/11,5935,5938.5,5892.6,5925.3,645911000,5925.3
7/26/11,5925.3,5951.3,5895.6,5929.7,631694600,5929.7
7/27/11,5929.7,5932,5841,5856.6,777353400,5856.6
7/28/11,5856.6,5882.6,5801.6,5873.2,753571000,5873.2
7/29/11,5873.2,5873.2,5772.4,5815.2,1015003300,5815.2
8/1/11,5815.2,5913.5,5767.1,5774.4,866071000,5774.4
8/2/11,5774.4,5778.9,5705.3,5718.4,995746800,5718.4
8/3/11,5718.4,5718.4,5557.7,5584.5,1094346700,5584.5
8/4/11,5584.5,5644,5393.1,5393.1,1428457000,5393.1
8/5/11,5393.1,5393.1,5202.6,5247,2046569200,5247
8/8/11,5247,5295.8,5062.4,5069,1576389500,5069
8/9/11,5069,5175.6,4791,5164.9,2039085000,5164.9
8/10/11,5164.9,5262.7,4990.8,5007.2,1649746200,5007.2
8/11/11,5007.2,5172.7,4943,5162.8,1455126300,5162.8
8/12/11,5162.8,5320,5099.3,5320,1024505100,5320
8/15/11,5320,5377.2,5319.4,5350.6,695636400,5350.6
8/16/11,5350.6,5362.1,5265.8,5357.6,725087400,5357.6
8/17/11,5357.6,5371.1,5279.9,5331.6,679948200,5331.6
8/18/11,5331.6,5331.6,5041.6,5092.2,1185417000,5092.2
8/19/11,5092.2,5107.9,4929.5,5040.8,1547151900,5040.8
8/22/11,5040.8,5183,4993.3,5095.3,857260000,5095.3
8/23/11,5095.3,5193.2,5076.7,5129.4,904652200,5129.4
8/24/11,5129.4,5250.6,5098.1,5205.9,909123400,5205.9
8/25/11,5205.9,5254.2,5102.1,5131.1,1128589200,5131.1
8/26/11,5131.1,5149.5,5014.8,5129.9,1037445300,5129.9
8/30/11,5129.9,5283.6,5129.9,5268.7,910283000,5268.7
8/31/11,5268.7,5411.6,5258.6,5394.5,1178142400,5394.5
9/1/11,5394.5,5449.7,5346.7,5418.6,978886200,5418.6
9/2/11,5418.6,5418.6,5258.5,5292,824122400,5292
9/5/11,5292,5292,5097.7,5102.6,789914600,5102.6
9/6/11,5102.6,5190.3,5086.8,5156.8,946129800,5156.8
9/7/11,5156.8,5322.2,5156.8,5318.6,837910400,5318.6
9/8/11,5318.6,5369.8,5269.7,5340.4,922652000,5340.4
9/9/11,5340.4,5352,5202.2,5214.6,1048625900,5214.6
9/12/11,5214.6,5214.6,5059.2,5129.6,1009065200,5129.6
9/13/11,5129.6,5203.1,5069.5,5174.3,887217000,5174.3
9/14/11,5174.3,5270.4,5146.4,5227,1116939900,5227
9/15/11,5227,5366.7,5227,5337.5,1124039900,5337.5
9/16/11,5337.5,5406.1,5337.5,5368.4,1464013600,5368.4
9/19/11,5368.4,5368.4,5231.6,5259.6,721392600,5259.6
9/20/11,5259.6,5377.4,5219.1,5363.7,708695000,5363.7
9/21/11,5363.7,5366.1,5268.8,5288.4,772251800,5288.4
9/22/11,5288.4,5288.4,5013.5,5041.6,1191994700,5041.6
9/23/11,5041.6,5105.4,4928.1,5066.8,1013630300,5066.8
9/26/11,5066.8,5148.8,4974,5089.4,1042813300,5089.4
9/27/11,5089.4,5294,5089.4,5294,960705800,5294
9/28/11,5294,5314.3,5191.4,5217.6,726670200,5217.6
9/29/11,5217.6,5250.2,5160.8,5196.8,736900000,5196.8
9/30/11,5196.8,5197.3,5068.6,5128.5,889500800,5128.5
10/3/11,5128.5,5128.5,4983.3,5075.5,774952000,5075.5
10/4/11,5075.5,5075.5,4868.6,4944.4,1168273000,4944.4
10/5/11,4944.4,5121.4,4944.4,5102.2,932393600,5102.2
10/6/11,5102.2,5291.3,5102.2,5291.3,1147794300,5291.3
10/7/11,5291.3,5370.9,5261.4,5303.4,864877000,5303.4
10/10/11,5303.4,5413.4,5303.4,5399,613629200,5399
10/11/11,5399,5399,5330.4,5395.7,637285400,5395.7
10/12/11,5395.7,5458,5348.2,5441.8,833336600,5441.8
10/13/11,5441.8,5456.1,5368.4,5403.4,912369000,5403.4
10/14/11,5403.4,5501.4,5395.6,5466.4,674572200,5466.4
10/17/11,5466.4,5543.7,5405.2,5436.7,720599600,5436.7
10/18/11,5436.7,5436.7,5348.6,5410.4,754537000,5410.4
10/19/11,5410.4,5483.8,5410.4,5450.5,723007400,5450.5
10/20/11,5450.5,5450.5,5363.2,5384.7,797352400,5384.7
10/21/11,5384.7,5500.5,5384.7,5488.6,730196000,5488.6
10/24/11,5488.6,5552.8,5487.2,5548.1,677901200,5548.1
10/25/11,5548.1,5574.1,5465.5,5525.5,777723200,5525.5
10/26/11,5525.5,5576.6,5498.5,5553.2,708484200,5553.2
10/27/11,5553.2,5747.3,5553.2,5713.8,1454233000,5713.8
10/28/11,5713.8,5746.9,5685,5702.2,997550600,5702.2
10/31/11,5702.2,5702.2,5544.2,5544.2,1079784200,5544.2
11/1/11,5544.2,5544.2,5338.4,5421.6,1335198700,5421.6
11/2/11,5421.6,5493.3,5383.4,5484.1,1363052700,5484.1
11/3/11,5484.1,5564.5,5402.6,5545.6,1232998000,5545.6
11/4/11,5545.6,5599.5,5495.4,5527.2,873169200,5527.2
11/7/11,5527.2,5557.8,5432.2,5510.8,730611200,5510.8
11/8/11,5510.8,5616,5509.6,5567.3,885001600,5567.3
11/9/11,5567.3,5615.8,5426.3,5460.4,1074608400,5460.4
11/10/11,5460.4,5497.2,5360.2,5444.8,799967600,5444.8
11/11/11,5444.8,5548.8,5439.8,5545.4,721167400,5545.4
11/14/11,5545.4,5575.2,5489.3,5519,687675200,5519
11/15/11,5519,5551.4,5428.6,5517.4,842112000,5517.4
11/16/11,5517.4,5562.9,5450.2,5509,941320000,5509
11/17/11,5509,5509,5366.1,5423.1,1059574600,5423.1
11/18/11,5423.1,5423.1,5347.9,5362.9,826014000,5362.9
11/21/11,5362.9,5362.9,5221.7,5222.6,955270000,5222.6
11/22/11,5222.6,5282,5206.8,5206.8,915478600,5206.8
11/23/11,5206.8,5206.8,5139.8,5139.8,1009697900,5139.8
11/24/11,5139.8,5184.3,5099,5127.6,856602400,5127.6
11/25/11,5127.6,5200.3,5075.2,5164.6,733865200,5164.6
11/28/11,5164.6,5327.8,5164.6,5312.8,899087000,5312.8
11/29/11,5312.8,5344.2,5272.4,5337,798981400,5337
11/30/11,5337,5539,5275,5505.4,1647245400,5505.4
12/1/11,5505.4,5553.9,5486.9,5489.3,939174800,5489.3
12/2/11,5489.3,5595.5,5489.1,5552.3,984099600,5552.3
12/5/11,5552.3,5602.8,5545.9,5568,900658000,5568
12/6/11,5568,5593,5521.9,5568.7,857312600,5568.7
12/7/11,5568.7,5631.9,5498,5546.9,932154800,5546.9
12/8/11,5546.9,5605.3,5483.8,5483.8,907438000,5483.8
12/9/11,5483.8,5540.5,5440.9,5529.2,841896600,5529.2
12/12/11,5529.2,5529.2,5427.9,5427.9,815332200,5427.9
12/13/11,5427.9,5526,5413.7,5490.1,757732000,5490.1
12/14/11,5490.1,5490.1,5366.8,5366.8,860719600,5366.8
12/15/11,5366.8,5434,5366.8,5400.9,803271600,5400.9
12/16/11,5400.9,5452.6,5387.3,5387.3,1274144100,5387.3
12/19/11,5387.3,5410.1,5343.1,5365,632321200,5365
12/20/11,5365,5426.3,5328.7,5419.6,779731400,5419.6
12/21/11,5419.6,5479.2,5371.6,5389.7,803794200,5389.7
12/22/11,5389.7,5469,5389.7,5457,617195800,5457
12/23/11,5457,5516.6,5457,5512.7,204750000,5512.7
12/28/11,5512.7,5567.9,5491,5507.4,449839600,5507.4
12/29/11,5507.4,5566.8,5496.9,5566.8,326449000,5566.8
12/30/11,5566.8,5588.4,5535.2,5572.3,188110800,5572.3
1/3/12,5572.3,5699.9,5572.3,5699.9,783529200,5699.9
1/4/12,5699.9,5719.8,5646.4,5668.5,696937800,5668.5
1/5/12,5668.5,5689.3,5614.4,5624.3,794279400,5624.3
1/6/12,5624.3,5682.8,5623.4,5649.7,705018000,5649.7
1/9/12,5649.7,5673.8,5604.6,5612.3,788891400,5612.3
1/10/12,5612.3,5711.9,5612.3,5696.7,865034400,5696.7
1/11/12,5696.7,5700.8,5644.8,5670.8,894220800,5670.8
1/12/12,5670.8,5699.6,5640.3,5662.4,1383932300,5662.4
1/13/12,5662.4,5709.2,5583.5,5636.6,1318584300,5636.6
1/16/12,5636.6,5662.9,5609.9,5657.4,672823000,5657.4
1/17/12,5657.4,5724.4,5657.4,5694,1232187200,5694
1/18/12,5694,5709.9,5647.9,5702.4,792321000,5702.4
1/19/12,5702.4,5743.9,5693.2,5741.1,1404442300,5741.1
1/20/12,5741.1,5749.8,5721.6,5728.5,1315166100,5728.5
1/23/12,5728.5,5789.9,5723.1,5782.6,852459600,5782.6
1/24/12,5782.6,5782.6,5719.9,5751.9,916504800,5751.9
1/25/12,5751.9,5777.7,5694,5723,884691000,5723
1/26/12,5723,5806.2,5722.8,5795.2,874328800,5795.2
1/27/12,5795.2,5795.2,5729,5733.5,790045200,5733.5
1/30/12,5733.5,5733.5,5651.6,5671.1,778100000,5671.1
1/31/12,5671.1,5730.3,5671.1,5681.6,1018319000,5681.6
2/1/12,5681.6,5790.7,5680.7,5790.7,989847000,5790.7
2/2/12,5790.7,5809.8,5765.7,5796.1,971388400,5796.1
2/3/12,5796.1,5901.1,5784.2,5901.1,1156774100,5901.1
2/6/12,5901.1,5901.1,5863.5,5892.2,828464600,5892.2
2/7/12,5892.2,5906.6,5850.5,5890.3,785340600,5890.3
2/8/12,5890.3,5916.2,5871.3,5875.9,809267800,5875.9
2/9/12,5875.9,5916.3,5870.5,5895.5,973462200,5895.5
2/10/12,5895.5,5895.5,5839.9,5852.4,948790200,5852.4
2/13/12,5852.4,5920.1,5852.4,5905.7,643543000,5905.7
2/14/12,5905.7,5920.6,5877.2,5899.9,832567200,5899.9
2/15/12,5899.9,5923.8,5880.6,5892.2,801550000,5892.2
2/16/12,5892.2,5892.4,5829.4,5885.4,751580400,5885.4
2/17/12,5885.4,5923.6,5885.4,5905.1,1101910900,5905.1
2/20/12,5905.1,5956.3,5905.1,5945.3,724579800,5945.3
2/21/12,5945.3,5948.8,5916.6,5928.2,846269200,5928.2
2/22/12,5928.2,5938,5894.6,5916.5,875208000,5916.5
2/23/12,5916.5,5952.5,5900.5,5937.9,1071356800,5937.9
2/24/12,5937.9,5964,5925.5,5935.1,1011161700,5935.1
2/27/12,5935.1,5935.1,5865.9,5915.5,972274400,5915.5
2/28/12,5915.5,5937,5900,5927.9,804670200,5927.9
2/29/12,5927.9,5944.8,5871.5,5871.5,1201160900,5871.5
3/1/12,5871.5,5936.1,5858.9,5931.3,900749800,5931.3
3/2/12,5931.3,5940,5908.5,5911.1,758193600,5911.1
3/5/12,5911.1,5911.1,5865.4,5874.8,873447200,5874.8
3/6/12,5874.8,5874.8,5758.4,5765.8,994358800,5765.8
3/7/12,5765.8,5801.1,5755.7,5791.4,859928000,5791.4
3/8/12,5791.4,5874.3,5791.4,5859.7,828107600,5859.7
3/9/12,5859.7,5897.6,5842.9,5887.5,854778800,5887.5
3/12/12,5887.5,5894.1,5860.4,5892.8,800992000,5892.8
3/13/12,5892.8,5957.9,5892.8,5955.9,761933800,5955.9
3/14/12,5955.9,5989.1,5945.4,5945.4,1165017900,5945.4
3/15/12,5945.4,5958.2,5919.2,5940.7,1039944300,5940.7
3/16/12,5940.7,5974,5940.7,5965.6,1834534000,5965.6
3/19/12,5965.6,5968.9,5928.5,5961.1,951265200,5961.1
3/20/12,5961.1,5961.1,5876.4,5891.4,978545200,5891.4
3/21/12,5891.4,5921.7,5880.8,5892,907211200,5892
3/22/12,5892,5892,5825.9,5845.6,883155600,5845.6
3/23/12,5845.6,5875.7,5801.7,5854.9,848516800,5854.9
3/26/12,5854.9,5913.1,5854.5,5902.7,722858600,5902.7
3/27/12,5902.7,5941.9,5863.8,5869.5,1257297300,5869.5
3/28/12,5869.5,5877.9,5809,5809,931820200,5809
3/29/12,5809,5812.2,5726.5,5742,1084172000,5742
3/30/12,5742,5782.7,5742,5768.5,990970000,5768.5
4/2/12,5768.5,5874.9,5748.6,5874.9,886248600,5874.9
4/3/12,5874.9,5890.2,5838.3,5838.3,896434000,5838.3
4/4/12,5838.3,5838.3,5685.6,5703.8,1174203000,5703.8
4/5/12,5703.8,5731.7,5663.3,5723.7,908902000,5723.7
4/10/12,5723.7,5723.7,5595.5,5595.5,1012487000,5595.5
4/11/12,5595.5,5655.9,5576.4,5634.7,1132327600,5634.7
4/12/12,5634.7,5727.9,5602.6,5710.5,1115209900,5710.5
4/13/12,5710.5,5710.8,5643.5,5651.8,830223000,5651.8
4/16/12,5651.8,5708,5641.1,5666.3,1102065700,5666.3
4/17/12,5666.3,5773.7,5651.5,5767,856433000,5767
4/18/12,5767,5783.9,5730.9,5745.3,875744800,5745.3
4/19/12,5745.3,5792.1,5738.1,5744.5,960873200,5744.5
4/20/12,5744.5,5775.7,5724.2,5772.1,847833800,5772.1
4/23/12,5772.1,5772.1,5637.7,5665.6,777185400,5665.6
4/24/12,5665.6,5714.2,5658.5,5709.5,809912400,5709.5
4/25/12,5709.5,5745,5703.2,5718.9,859133200,5718.9
4/26/12,5718.9,5761.1,5691.7,5748.7,879956000,5748.7
4/27/12,5748.7,5789,5708,5777.1,812249600,5777.1
4/30/12,5777.1,5793,5728.9,5737.8,784967000,5737.8
5/1/12,5737.8,5819,5732.2,5812.2,675997000,5812.2
5/2/12,5812.2,5819.9,5736.7,5758.1,962324800,5758.1
5/3/12,5758.1,5800.8,5745.2,5766.5,788889000,5766.5
5/4/12,5766.5,5766.5,5639.8,5655.1,1013188000,5655.1
5/8/12,5655.1,5668.1,5550.1,5554.5,1053451900,5554.5
5/9/12,5554.5,5571.7,5464.4,5530,1006217900,5530
5/10/12,5530,5566.1,5490.5,5544,847647600,5544
5/11/12,5544,5585.5,5499.3,5575.5,772657000,5575.5
5/14/12,5575.5,5575.6,5436.7,5465.5,884474600,5465.5
5/15/12,5465.5,5507.6,5411.8,5437.6,876368200,5437.6
5/16/12,5437.6,5448.4,5354,5405.3,1026459400,5405.3
5/17/12,5405.3,5413.3,5309.8,5338.4,899521400,5338.4
5/18/12,5338.4,5338.4,5256.6,5267.6,1225450700,5267.6
5/21/12,5267.6,5324.4,5253.9,5304.5,915124000,5304.5
5/22/12,5304.5,5408.6,5304.5,5403.3,932305600,5403.3
5/23/12,5403.3,5403.7,5262.9,5266.4,998286000,5266.4
5/24/12,5266.4,5371.8,5266.4,5350,737322400,5350
5/25/12,5350,5385.2,5312.2,5351.5,734402000,5351.5
5/28/12,5351.5,5413.8,5341.3,5356.3,510686600,5356.3
5/29/12,5356.3,5404.7,5342.5,5391.1,729588000,5391.1
5/30/12,5391.1,5391.1,5284.4,5297.3,863652400,5297.3
5/31/12,5297.3,5352,5272.7,5320.9,1416308300,5320.9
6/1/12,5320.9,5354.5,5229.8,5260.2,1056087700,5260.2
6/6/12,5260.2,5388,5260.2,5384.1,1100447600,5384.1
6/7/12,5384.1,5494.5,5384.1,5447.8,1075725100,5447.8
6/8/12,5447.8,5447.8,5381.8,5435.1,916902400,5435.1
6/11/12,5435.1,5536.3,5419.6,5432.4,991562200,5432.4
6/12/12,5432.4,5478.6,5414.6,5473.7,922349000,5473.7
6/13/12,5473.7,5507.6,5436.7,5483.8,862162600,5483.8
6/14/12,5483.8,5483.8,5424.4,5467,985630600,5467
6/15/12,5467,5522.9,5465.1,5478.8,2310999200,5478.8
6/18/12,5478.8,5555.3,5461.1,5491.1,879532400,5491.1
6/19/12,5491.1,5603.1,5491,5586.3,816800600,5586.3
6/20/12,5586.3,5623.9,5566,5622.3,903447000,5622.3
6/21/12,5622.3,5622.3,5564.8,5566.4,787794200,5566.4
6/22/12,5566.4,5566.4,5500,5513.7,677911200,5513.7
6/25/12,5513.7,5513.7,5435.5,5450.6,716161000,5450.6
6/26/12,5450.6,5476.5,5436.3,5447,631700600,5447
6/27/12,5447,5525.1,5447,5523.9,678570400,5523.9
6/28/12,5523.9,5533.8,5436.5,5493.1,1027922500,5493.1
6/29/12,5493.1,5619.6,5493.1,5571.1,1061820000,5571.1
7/2/12,5571.1,5640.6,5571.1,5640.6,699028000,5640.6
7/3/12,5640.6,5689,5636,5687.7,795293400,5687.7
7/4/12,5687.7,5699.9,5669.7,5684.5,445463400,5684.5
7/5/12,5684.5,5727.5,5662.5,5692.6,767451400,5692.6
7/6/12,5692.6,5695.1,5647.5,5662.6,602832000,5662.6
7/9/12,5662.6,5669.8,5610.7,5627.3,686238000,5627.3
7/10/12,5627.3,5688.7,5622.3,5664.1,607970000,5664.1
7/11/12,5664.1,5674.6,5625.6,5664.5,606669000,5664.5
7/12/12,5664.5,5664.5,5588.8,5608.3,667432600,5608.3
7/13/12,5608.3,5675.6,5608.3,5666.1,609268400,5666.1
7/16/12,5666.1,5670.6,5640.9,5662.4,569737800,5662.4
7/17/12,5662.4,5676.5,5621.2,5629.1,602763000,5629.1
7/18/12,5629.1,5688.3,5624.5,5685.8,672662400,5685.8
7/19/12,5685.8,5718.6,5685.8,5714.2,711475200,5714.2
7/20/12,5714.2,5714.2,5644.9,5651.8,961834400,5651.8
7/23/12,5651.8,5651.8,5510.9,5533.9,691607200,5533.9
7/24/12,5533.9,5556.6,5487,5499.2,551196800,5499.2
7/25/12,5499.2,5526.1,5478,5498.3,621394800,5498.3
7/26/12,5498.3,5594.5,5478,5573.2,817687600,5573.2
7/27/12,5573.2,5631,5550.9,5627.2,732786000,5627.2
7/30/12,5627.2,5706.5,5625.7,5693.6,649432800,5693.6
7/31/12,5693.6,5695.5,5635.3,5635.3,645790800,5635.3
8/1/12,5635.3,5712.8,5633,5712.8,554180400,5712.8
8/2/12,5712.8,5765.8,5657.3,5662.3,805200600,5662.3
8/3/12,5662.3,5794,5662.3,5787.3,748571600,5787.3
8/6/12,5787.3,5837.6,5767.1,5808.8,613098000,5808.8
8/7/12,5808.8,5841.2,5785,5841.2,779689000,5841.2
8/8/12,5841.2,5845.9,5801.1,5845.9,588922600,5845.9
8/9/12,5845.9,5860.2,5828.4,5851.5,741075800,5851.5
8/10/12,5851.5,5858.6,5827.7,5847.1,466836800,5847.1
8/13/12,5847.1,5852.8,5813.6,5831.9,410854200,5831.9
8/14/12,5831.9,5876.2,5831.9,5864.8,628112400,5864.8
8/15/12,5864.8,5864.8,5822.3,5833,560382800,5833
8/16/12,5833,5846.7,5811.3,5834.5,587478200,5834.5
8/17/12,5834.5,5854.7,5834.4,5852.4,732426200,5852.4
8/20/12,5852.4,5857.5,5802.9,5824.4,693438400,5824.4
8/21/12,5824.4,5872.6,5824.4,5857.5,502599000,5857.5
8/22/12,5857.5,5857.5,5771.2,5774.2,535193000,5774.2
8/23/12,5774.2,5809.3,5764,5776.6,637456200,5776.6
8/24/12,5776.6,5791.4,5739.4,5776.6,487763800,5776.6
8/28/12,5776.6,5779.5,5749.8,5775.7,524670600,5775.7
8/29/12,5775.7,5775.8,5739.2,5743.5,524475400,5743.5
8/30/12,5743.5,5743.5,5705.6,5719.5,479197000,5719.5
8/31/12,5719.5,5763.8,5708,5711.5,851664800,5711.5
9/3/12,5711.5,5758.4,5701.1,5758.4,394561400,5758.4
9/4/12,5758.4,5758.4,5658.3,5672,630889200,5672
9/5/12,5672,5675.9,5634.9,5657.9,740072800,5657.9
9/6/12,5657.9,5786,5657.9,5777.3,1103242800,5777.3
9/7/12,5777.3,5807.6,5772.9,5794.8,1271438300,5794.8
9/10/12,5794.8,5806.8,5777.1,5793.2,672891000,5793.2
9/11/12,5793.2,5796.6,5764.2,5792.2,784354200,5792.2
9/12/12,5792.2,5821.2,5757.6,5782.1,1101683800,5782.1
9/13/12,5782.1,5826.6,5770.3,5819.9,819778000,5819.9
9/14/12,5819.9,5932.6,5819.9,5915.5,1506216600,5915.5
9/17/12,5915.5,5915.7,5883.2,5893.5,691683800,5893.5
9/18/12,5893.5,5893.5,5837.5,5868.2,804235800,5868.2
9/19/12,5868.2,5894.4,5861,5888.5,704137600,5888.5
9/20/12,5888.5,5888.5,5824.4,5854.6,656511200,5854.6
9/21/12,5854.6,5887.6,5838.9,5852.6,1205429400,5852.6
9/24/12,5852.6,5852.6,5806.1,5838.8,736974000,5838.8
9/25/12,5838.8,5869.2,5828.3,5859.7,737480800,5859.7
9/26/12,5859.7,5859.7,5751.4,5768.1,685845800,5768.1
9/27/12,5768.1,5804.1,5763,5779.4,550622000,5779.4
9/28/12,5779.4,5807.8,5740.5,5742.1,745469400,5742.1
10/1/12,5742.1,5843.5,5738.6,5820.5,690293800,5820.5
10/2/12,5820.5,5840.4,5781.4,5809.5,704898600,5809.5
10/3/12,5809.5,5832.5,5785,5825.8,606196800,5825.8
10/4/12,5825.8,5854.2,5803.2,5827.8,818041800,5827.8
10/5/12,5827.8,5885.6,5827.6,5871,883077400,5871
10/8/12,5871,5871,5818.8,5841.7,492224000,5841.7
10/9/12,5841.7,5856.4,5795.2,5810.3,574468400,5810.3
10/10/12,5810.3,5810.5,5776.7,5776.7,681615400,5776.7
10/11/12,5776.7,5846.3,5766.7,5829.8,694156400,5829.8
10/12/12,5829.8,5829.8,5793.3,5793.3,888088200,5793.3
10/15/12,5793.3,5827.9,5786,5805.6,695723200,5805.6
10/16/12,5805.6,5878.1,5805.6,5870.5,877624400,5870.5
10/17/12,5870.5,5915.6,5868.7,5910.9,905140000,5910.9
10/18/12,5910.9,5928.3,5896.5,5917,878645800,5917
10/19/12,5917,5919.7,5892.2,5896.1,829432600,5896.1
10/22/12,5896.1,5911,5869.9,5882.9,540570400,5882.9
10/23/12,5882.9,5893.4,5789,5797.9,654156800,5797.9
10/24/12,5797.9,5823.2,5776.6,5804.8,957930400,5804.8
10/25/12,5804.8,5840.6,5802.2,5805,654435200,5805
10/26/12,5805,5817.9,5753.3,5806.7,622849800,5806.7
10/29/12,5806.7,5812.7,5763.5,5795.1,432888800,5795.1
10/30/12,5795.1,5852.2,5794.9,5849.9,403992200,5849.9
10/31/12,5849.9,5866.7,5782.7,5782.7,874664200,5782.7
11/1/12,5782.7,5866.8,5778,5861.9,1042673900,5861.9
11/2/12,5861.9,5890.1,5844.3,5868.5,855128600,5868.5
11/5/12,5868.5,5868.5,5825.5,5839.1,568662200,5839.1
11/6/12,5839.1,5885.2,5839.1,5884.9,774892600,5884.9
11/7/12,5884.9,5921.8,5789.4,5791.6,922666000,5791.6
11/8/12,5791.6,5824.4,5770.7,5776,729478400,5776
11/9/12,5776,5786.4,5715.2,5769.7,708900000,5769.7
11/12/12,5769.7,5795.3,5762,5767.3,654357600,5767.3
11/13/12,5767.3,5786.3,5711,5786.3,950553800,5786.3
11/14/12,5786.3,5786.3,5719.6,5722,865457600,5722
11/15/12,5722,5722,5674.3,5677.8,800053200,5677.8
11/16/12,5677.8,5682.7,5605.6,5605.6,939484400,5605.6
11/19/12,5605.6,5739.7,5605.6,5737.7,748670800,5737.7
11/20/12,5737.7,5751.8,5706.7,5748.1,803636400,5748.1
11/21/12,5748.1,5760.1,5727.9,5752,640338800,5752
11/22/12,5752,5796.5,5752,5791,511821600,5791
11/23/12,5791,5830.5,5781.4,5819.1,427505000,5819.1
11/26/12,5819.1,5819.1,5773.9,5786.7,601954400,5786.7
11/27/12,5786.7,5823.2,5786.7,5799.7,659091000,5799.7
11/28/12,5799.7,5808.3,5755.2,5803.3,610194800,5803.3
11/29/12,5803.3,5884,5803.3,5870.3,652938200,5870.3
11/30/12,5870.3,5904.4,5860.3,5866.8,699208800,5866.8
12/3/12,5866.8,5902,5859.6,5871.2,512099800,5871.2
12/4/12,5871.2,5885.4,5852.9,5869,598705000,5869
12/5/12,5869,5902.7,5869,5892.1,610548400,5892.1
12/6/12,5892.1,5923.9,5889.6,5901.4,637268600,5901.4
12/7/12,5901.4,5923.1,5889.9,5914.4,584102400,5914.4
12/10/12,5914.4,5924,5891.3,5921.6,463904000,5921.6
12/11/12,5921.6,5937.9,5908.3,5925,516458000,5925
12/12/12,5925,5948.5,5915.9,5945.9,629912400,5945.9
12/13/12,5945.9,5947.9,5918.6,5929.6,558011000,5929.6
12/14/12,5929.6,5944.5,5915.3,5921.8,529958200,5921.8
12/17/12,5921.8,5923.9,5881,5912.1,533505800,5912.1
12/18/12,5912.1,5946.4,5911.1,5935.9,664631200,5935.9
12/19/12,5935.9,5977.8,5935.9,5961.6,747948400,5961.6
12/20/12,5961.6,5970.9,5950.1,5958.3,596699400,5958.3
12/21/12,5958.3,5958.3,5894.1,5940,933059800,5940
12/24/12,5940,5957.7,5937.1,5954.2,149881200,5954.2
12/27/12,5954.2,5997,5942.4,5954.3,340703400,5954.3
12/28/12,5954.3,5976,5915.3,5925.4,306906200,5925.4
12/31/12,5925.4,5925.4,5873.4,5897.8,164636400,5897.8
1/2/13,5897.8,6044.6,5897.8,6027.4,652659400,6027.4
1/3/13,6027.4,6051.3,6016.8,6047.3,470665800,6047.3
1/4/13,6047.3,6089.8,6038,6089.8,548929200,6089.8
1/7/13,6089.8,6091.5,6060.8,6064.6,571661600,6064.6
1/8/13,6064.6,6088.2,6053.6,6053.6,663115600,6053.6
1/9/13,6053.6,6112.3,6053.6,6098.6,812116200,6098.6
1/10/13,6098.6,6118.3,6090.6,6101.5,764650200,6101.5
1/11/13,6101.5,6121.6,6095.1,6121.6,686181000,6121.6
1/14/13,6121.6,6134.2,6104.9,6107.9,628350000,6107.9
1/15/13,6107.9,6117.3,6086.2,6117.3,701563800,6117.3
1/16/13,6117.3,6117.3,6076.1,6104,818412000,6104
1/17/13,6104,6135.9,6087.5,6132.4,623129400,6132.4
1/18/13,6132.4,6172.5,6131.9,6154.4,713504600,6154.4
1/21/13,6154.4,6182.2,6154.4,6181,406293000,6181
1/22/13,6181,6188.6,6149.2,6179.2,558352800,6179.2
1/23/13,6179.2,6200.5,6178.5,6197.6,685179600,6197.6
1/24/13,6197.6,6271.4,6186.5,6264.9,655654800,6264.9
1/25/13,6264.9,6284.5,6247.3,6284.5,585555600,6284.5
1/28/13,6284.5,6311.3,6277,6294.4,541633400,6294.4
1/29/13,6294.4,6346.4,6285.8,6339.2,641748600,6339.2
1/30/13,6339.2,6354.5,6316.3,6323.1,691737600,6323.1
1/31/13,6323.1,6323.1,6276.9,6276.9,809629200,6276.9
2/1/13,6276.9,6354,6275.5,6347.2,686175200,6347.2
2/4/13,6347.2,6347.3,6236.7,6246.8,765970800,6246.8
2/5/13,6246.8,6296.5,6244.1,6282.8,613288000,6282.8
2/6/13,6282.8,6321.5,6265.5,6295.3,673857000,6295.3
2/7/13,6295.3,6313,6216.7,6228.4,721694400,6228.4
2/8/13,6228.4,6278.1,6228.4,6263.9,589359200,6263.9
2/11/13,6263.9,6294.8,6252.3,6277.1,448134200,6277.1
2/12/13,6277.1,6338.4,6259.8,6338.4,813154400,6338.4
2/13/13,6338.4,6384.7,6311.6,6359.1,756377600,6359.1
2/14/13,6359.1,6364.7,6302,6327.4,713898800,6327.4
2/15/13,6327.4,6352.2,6309.8,6328.3,636564400,6328.3
2/18/13,6328.3,6330.2,6306.8,6318.2,460474800,6318.2
2/19/13,6318.2,6385.1,6304.4,6379.1,672871800,6379.1
2/20/13,6379.1,6412.4,6368.2,6395.4,756333800,6395.4
2/21/13,6395.4,6395.4,6278,6291.5,733017000,6291.5
2/22/13,6291.5,6347.3,6291.5,6335.7,704666000,6335.7
2/25/13,6335.7,6390.1,6324,6355.4,994472400,6355.4
2/26/13,6355.4,6355.4,6258.6,6270.4,773036600,6270.4
2/27/13,6270.4,6335.9,6269.3,6325.9,707922400,6325.9
2/28/13,6325.9,6372,6325.9,6360.8,910118600,6360.8
3/1/13,6360.8,6391.7,6308.6,6378.6,1106390000,6378.6
3/4/13,6378.6,6379.3,6333.2,6345.6,704235600,6345.6
3/5/13,6345.6,6437.3,6344.8,6432,683560800,6432
3/6/13,6432,6461,6418.7,6427.6,1098361500,6427.6
3/7/13,6427.6,6459.7,6427.3,6439.2,923031400,6439.2
3/8/13,6439.2,6489.5,6439.2,6483.6,844774800,6483.6
3/11/13,6483.6,6505.3,6473.6,6503.6,630034000,6503.6
3/12/13,6503.6,6534,6491.8,6510.6,617257000,6510.6
3/13/13,6510.6,6510.6,6437.6,6481.5,666769800,6481.5
3/14/13,6481.5,6532.6,6478.5,6529.4,792751600,6529.4
3/15/13,6529.4,6533.8,6470.1,6489.6,1262249300,6489.6
3/18/13,6489.6,6489.6,6386.2,6457.9,789985800,6457.9
3/19/13,6457.9,6474.6,6414.5,6441.3,679522800,6441.3
3/20/13,6441.3,6475.6,6421.3,6432.7,732609800,6432.7
3/21/13,6432.7,6435.6,6364,6388.5,641944200,6388.5
3/22/13,6388.5,6426.5,6374.5,6392.8,770408600,6392.8
3/25/13,6392.8,6458.5,6366.6,6378.4,768531800,6378.4
3/26/13,6378.4,6404.5,6369.6,6399.4,650709400,6399.4
3/27/13,6399.4,6420.9,6344.2,6387.6,758411800,6387.6
3/28/13,6387.6,6447.9,6382,6411.7,731707000,6411.7
4/2/13,6411.7,6501.8,6408.8,6490.7,913557400,6490.7
4/3/13,6490.7,6491.8,6416.7,6420.3,676902200,6420.3
4/4/13,6420.3,6426.4,6341.4,6344.1,680161200,6344.1
4/5/13,6344.1,6346.8,6214.4,6249.8,668684000,6249.8
4/8/13,6249.8,6289.6,6249.8,6276.9,650412400,6276.9
4/9/13,6276.9,6326.5,6276.9,6313.2,613730800,6313.2
4/10/13,6313.2,6405.2,6313.2,6387.4,678612600,6387.4
4/11/13,6387.4,6423.6,6377.5,6416.1,557354800,6416.1
4/12/13,6416.1,6416.1,6368.2,6384.4,521445600,6384.4
4/15/13,6384.4,6384.4,6300.1,6343.6,576452000,6343.6
4/16/13,6343.6,6343.6,6297.5,6304.6,609897600,6304.6
4/17/13,6304.6,6334.4,6225.2,6244.2,739341600,6244.2
4/18/13,6244.2,6277.8,6225.9,6243.7,670060000,6243.7
4/19/13,6243.7,6288.7,6243.7,6286.6,694202800,6286.6
4/22/13,6286.6,6342,6259,6280.6,605846000,6280.6
4/23/13,6280.6,6406.1,6278.5,6406.1,719139000,6406.1
4/24/13,6406.1,6438.9,6396.2,6431.8,735699000,6431.8
4/25/13,6431.8,6467.1,6411.9,6442.6,739178800,6442.6
4/26/13,6442.6,6442.6,6399.4,6426.4,560753800,6426.4
4/29/13,6426.4,6458,6419.3,6458,636209400,6458
4/30/13,6458,6483.1,6412.7,6430.1,1081922400,6430.1
5/1/13,6430.1,6475.9,6429.8,6451.3,409459800,6451.3
5/2/13,6451.3,6470.3,6409.8,6460.7,744888400,6460.7
5/3/13,6460.7,6541.7,6451.5,6521.5,768857600,6521.5
5/7/13,6521.5,6563.9,6521.4,6557.3,795845400,6557.3
5/8/13,6557.3,6587.4,6547,6583.5,705687200,6583.5
5/9/13,6583.5,6597.3,6571.7,6592.7,750085400,6592.7
5/10/13,6592.7,6637.8,6591.6,6625,807522600,6625
5/13/13,6625,6633.3,6602.8,6631.8,560541800,6631.8
5/14/13,6631.8,6686.1,6618.4,6686.1,618403600,6686.1
5/15/13,6686.1,6701.7,6669,6693.5,692963200,6693.5
5/16/13,6693.5,6714.5,6677.1,6687.8,769493800,6687.8
5/17/13,6687.8,6726.9,6669.9,6723.1,855235200,6723.1
5/20/13,6723.1,6755.6,6709.1,6755.6,745786000,6755.6
5/21/13,6755.6,6803.9,6744.2,6803.9,765287800,6803.9
5/22/13,6803.9,6875.6,6781.5,6840.3,980548600,6840.3
5/23/13,6840.3,6840.3,6658.8,6696.8,987091200,6696.8
5/24/13,6696.8,6720.1,6640.1,6654.3,787892200,6654.3
5/28/13,6654.3,6790.7,6654.3,6762,658885400,6762
5/29/13,6762,6762,6620.8,6627.2,624811600,6627.2
5/30/13,6627.2,6657,6611,6657,602549400,6657
5/31/13,6657,6657.1,6577.8,6583.1,1182978500,6583.1
6/3/13,6583.1,6583.1,6514.1,6525.1,790082200,6525.1
6/4/13,6525.1,6577,6525.1,6558.6,806463000,6558.6
6/5/13,6558.6,6558.6,6419.3,6419.3,800986600,6419.3
6/6/13,6419.3,6435.4,6336.1,6336.1,680974000,6336.1
6/7/13,6336.1,6421.4,6313.6,6412,786639400,6412
6/10/13,6412,6421.2,6379.6,6400.5,605036600,6400.5
6/11/13,6400.5,6401.2,6280.1,6340.1,736368200,6340.1
6/12/13,6340.1,6364.3,6295.9,6299.5,694945800,6299.5
6/13/13,6299.5,6311,6205.7,6304.6,824350800,6304.6
6/14/13,6304.6,6343.5,6290.6,6308.3,734161600,6308.3
6/17/13,6308.3,6370.8,6308.3,6330.5,575444200,6330.5
6/18/13,6330.5,6397.3,6311.4,6374.2,654137200,6374.2
6/19/13,6374.2,6383.6,6327,6348.8,723618600,6348.8
6/20/13,6348.8,6348.8,6145,6159.5,874969200,6159.5
6/21/13,6159.5,6244.2,6116.2,6116.2,1508289700,6116.2
6/24/13,6116.2,6136.1,6023.4,6029.1,864109800,6029.1
6/25/13,6029.1,6114.6,6029.1,6101.9,786471800,6101.9
6/26/13,6101.9,6177.9,6089.2,6165.5,754668000,6165.5
6/27/13,6165.5,6271.8,6165.5,6243.4,803972600,6243.4
6/28/13,6243.4,6268.8,6207.7,6215.5,921420800,6215.5
7/1/13,6215.5,6317,6215.4,6307.8,657027000,6307.8
7/2/13,6307.8,6314.1,6266.5,6303.9,560698800,6303.9
7/3/13,6303.9,6303.9,6185.2,6229.9,663008600,6229.9
7/4/13,6229.9,6431.4,6229.9,6421.7,824171600,6421.7
7/5/13,6421.7,6498.6,6364.4,6375.5,725870000,6375.5
7/8/13,6375.5,6476.1,6375.5,6450.1,622004000,6450.1
7/9/13,6450.1,6530.9,6450.1,6513.1,658794800,6513.1
7/10/13,6513.1,6535.9,6472.4,6505,608646600,6505
7/11/13,6505,6585.7,6505,6543.4,646463200,6543.4
7/12/13,6543.4,6583.9,6540.2,6544.9,595530200,6544.9
7/15/13,6544.9,6605.9,6544.9,6586.1,585046200,6586.1
7/16/13,6586.1,6606.4,6556.4,6556.4,746494800,6556.4
7/17/13,6556.4,6595.6,6517.4,6571.9,694631000,6571.9
7/18/13,6571.9,6657.4,6555.8,6634.4,658456000,6634.4
7/19/13,6634.4,6635.2,6592.1,6630.7,768285600,6630.7
7/22/13,6630.7,6645,6608.2,6623.2,503256000,6623.2
7/23/13,6623.2,6657.7,6597.4,6597.4,673295800,6597.4
7/24/13,6597.4,6662.2,6581.6,6620.4,595811200,6620.4
7/25/13,6620.4,6625.4,6540.4,6588,505143000,6588
7/26/13,6588,6629.9,6535.2,6554.8,455317800,6554.8
7/29/13,6554.8,6606.4,6544.1,6560.3,487601000,6560.3
7/30/13,6560.3,6600.7,6560.3,6570.9,696264200,6570.9
7/31/13,6570.9,6659.4,6556.6,6621.1,751660500,6621.1
8/1/13,6621.1,6682,6607.3,6682,977036000,6682
8/2/13,6682,6696.6,6623.9,6647.9,660354300,6647.9
8/5/13,6647.9,6684.9,6590.1,6619.6,606593100,6619.6
8/6/13,6619.6,6630.1,6562.3,6604.2,698361700,6604.2
8/7/13,6604.2,6625,6511.2,6511.2,641421900,6511.2
8/8/13,6511.2,6558.6,6507.2,6529.7,566013400,6529.7
8/9/13,6529.7,6601.2,6529.5,6583.4,632996000,6583.4
8/12/13,6583.4,6598.4,6547,6574.3,478927500,6574.3
8/13/13,6574.3,6620.4,6568.4,6611.9,568866700,6611.9
8/14/13,6611.9,6628,6582.6,6587.4,681842200,6587.4
8/15/13,6587.4,6587.9,6460.1,6483.3,667125400,6483.3
8/16/13,6483.3,6502.3,6461.3,6500,650228300,6500
8/19/13,6500,6506.6,6457.7,6465.7,467686800,6465.7
8/20/13,6465.7,6465.7,6398.6,6453.5,620943400,6453.5
8/21/13,6453.5,6453.6,6386.7,6390.8,607065200,6390.8
8/22/13,6390.8,6468.9,6390.6,6446.9,501967700,6446.9
8/23/13,6446.9,6516.7,6422.4,6492.1,486112600,6492.1
8/27/13,6492.1,6494.2,6424,6441,760395800,6441
8/28/13,6441,6441,6393.6,6430.1,748559900,6430.1
8/29/13,6430.1,6500.5,6430,6483,876420200,6483
8/30/13,6483,6502.2,6409.6,6412.9,797043200,6412.9
9/2/13,6412.9,6532.3,6412.9,6506.2,596599000,6506.2
9/3/13,6506.2,6523.2,6457,6468.4,737860200,6468.4
9/4/13,6468.4,6486.4,6423.5,6474.7,717066000,6474.7
9/5/13,6474.7,6543.2,6461.7,6532.4,758348500,6532.4
9/6/13,6532.4,6568.2,6492.5,6547.3,606304200,6547.3
9/9/13,6547.3,6555.9,6508.8,6530.7,586911600,6530.7
9/10/13,6530.7,6599.5,6530.7,6584,730044200,6584
9/11/13,6584,6589.9,6559.7,6588.4,709330400,6588.4
9/12/13,6588.4,6606.1,6558.6,6589,619446600,6589
9/13/13,6589,6589,6561.8,6583.8,495637800,6583.8
9/16/13,6583.8,6652.7,6583.8,6622.9,565475200,6622.9
9/17/13,6622.9,6623,6570.2,6570.2,1201089700,6570.2
9/18/13,6570.2,6587.6,6532.5,6558.8,795710600,6558.8
9/19/13,6558.8,6659.1,6558.8,6625.4,799988500,6625.4
9/20/13,6625.4,6629.9,6594.2,6596.4,1538850400,6596.4
9/23/13,6596.4,6601.5,6542.7,6557.4,592407000,6557.4
9/24/13,6557.4,6585.4,6549.9,6571.5,663765500,6571.5
9/25/13,6571.5,6588,6526.4,6551.5,828370700,6551.5
9/26/13,6551.5,6580.9,6535.8,6565.6,553128300,6565.6
9/27/13,6565.6,6568.9,6487.3,6512.7,561543500,6512.7
9/30/13,6512.7,6512.7,6438.7,6462.2,667902900,6462.2
10/1/13,6462.2,6466.3,6424.4,6460,599067800,6460
10/2/13,6460,6460,6386.2,6437.5,575169800,6437.5
10/3/13,6437.5,6472.4,6436.2,6449,618471300,6449
10/4/13,6449,6473.6,6429,6453.9,530171800,6453.9
10/7/13,6453.9,6453.9,6391.5,6437.3,484158900,6437.3
10/8/13,6437.3,6437.7,6365,6365.8,718272100,6365.8
10/9/13,6365.8,6372.6,6316.9,6337.9,606274000,6337.9
10/10/13,6337.9,6446.2,6337.9,6430.5,665238500,6430.5
10/11/13,6430.5,6489.2,6430.5,6487.2,545658000,6487.2
10/14/13,6487.2,6507.8,6464.4,6507.7,434972100,6507.7
10/15/13,6507.7,6569.3,6507.7,6549.1,603859600,6549.1
10/16/13,6549.1,6584.4,6504.3,6571.6,663774200,6571.6
10/17/13,6571.6,6576.2,6529.2,6576.2,669589600,6576.2
10/18/13,6576.2,6622.7,6576.2,6622.6,710029000,6622.6
