1/2/07,6614.73,6682.81,6614.73,6681.13,0,6681.13
1/3/07,6681.23,6704.04,6667.58,6691.32,0,6691.32
1/4/07,6662.24,6684.11,6634.74,6674.4,0,6674.4
1/5/07,6661.9,6665.51,6588.03,6593.09,0,6593.09
1/8/07,6603.55,6628.36,6579.9,6607.59,0,6607.59
1/9/07,6625.28,6665.91,6606.87,6614.37,0,6614.37
1/10/07,6578.76,6592.97,6531.25,6566.56,0,6566.56
1/11/07,6590.74,6695.74,6571.59,6687.3,0,6687.3
1/12/07,6690.43,6705.17,6659.95,6705.17,0,6705.17
1/15/07,6719.53,6746.3,6719.53,6731.74,0,6731.74
1/16/07,6735.83,6746.63,6705.21,6716.82,0,6716.82
1/17/07,6716.67,6732.31,6672.76,6701.7,0,6701.7
1/18/07,6721.09,6737.98,6661.05,6689.62,0,6689.62
1/19/07,6678.81,6754.55,6651.68,6747.17,0,6747.17
1/22/07,6753.73,6766.57,6682.49,6687.31,0,6687.31
1/23/07,6692.83,6704.36,6627.96,6678.93,0,6678.93
1/24/07,6692.65,6759.95,6681.66,6748.37,0,6748.37
1/25/07,6743.43,6771.42,6703.9,6719.58,0,6719.58
1/26/07,6690.29,6731.36,6659.45,6690.34,0,6690.34
1/29/07,6702.45,6739.5,6683.38,6726.01,0,6726.01
1/30/07,6719.97,6801.27,6711.05,6788.23,0,6788.23
1/31/07,6772.83,6805.09,6758.85,6789.11,0,6789.11
2/1/07,6821.31,6874.77,6820.58,6851.28,0,6851.28
2/2/07,6853.77,6904.88,6848.17,6885.76,0,6885.76
2/5/07,6878.67,6891.13,6864.19,6874.06,0,6874.06
2/6/07,6881.9,6906.68,6862.19,6875.7,0,6875.7
2/7/07,6886.01,6924.46,6885.08,6915.56,0,6915.56
2/8/07,6911.24,6918.04,6849.85,6876.73,0,6876.73
2/9/07,6890.65,6928.98,6890.64,6911.11,0,6911.11
2/12/07,6892.03,6892.03,6844.39,6859.45,0,6859.45
2/13/07,6868.68,6895.52,6866.07,6895.34,0,6895.34
2/14/07,6912.56,6965.39,6907.91,6961.18,0,6961.18
2/15/07,6958.14,6972.44,6942.25,6958.62,0,6958.62
2/16/07,6955.71,6979.02,6941.03,6957.07,0,6957.07
2/19/07,6967.53,6996.01,6965.91,6987.08,0,6987.08
2/20/07,6978.52,6987.67,6936.08,6982.91,0,6982.91
2/21/07,6999.18,7005.34,6922.36,6941.66,0,6941.66
2/22/07,6959.37,7012.34,6955.57,6973.73,0,6973.73
2/23/07,6986.07,6998.27,6964.5,6992.58,0,6992.58
2/26/07,6992.12,7040.2,6980.25,7027.59,0,7027.59
2/27/07,6988.34,6988.34,6814.57,6819.65,0,6819.65
2/28/07,6728.4,6775.52,6640.99,6715.44,0,6715.44
3/1/07,6714.25,6756.25,6544.28,6640.24,0,6640.24
3/2/07,6663.6,6703.04,6554.05,6603.32,0,6603.32
3/5/07,6510.95,6563.45,6437.25,6534.57,0,6534.57
3/6/07,6558.89,6607.99,6545.63,6595,0,6595
3/7/07,6605.9,6633.87,6584.47,6617.75,0,6617.75
3/8/07,6643.82,6713.54,6639.89,6713.23,0,6713.23
3/9/07,6706.45,6745.06,6665.73,6716.52,0,6716.52
3/12/07,6727.57,6752.18,6674.99,6715.49,0,6715.49
3/13/07,6716.35,6722.83,6623.99,6623.99,0,6623.99
3/14/07,6567.24,6567.24,6444.7,6447.7,0,6447.7
3/15/07,6495.85,6594.33,6495.84,6585.47,0,6585.47
3/16/07,6564.79,6614.06,6528.3,6579.87,0,6579.87
3/19/07,6622.76,6677.34,6614.14,6671.41,0,6671.41
3/20/07,6673.68,6703.4,6633.81,6700.29,0,6700.29
3/21/07,6696.25,6729.65,6688.34,6712.06,0,6712.06
3/22/07,6742.78,6872.63,6742.78,6856.96,0,6856.96
3/23/07,6859,6902.62,6828.22,6899.06,0,6899.06
3/26/07,6899.33,6903.82,6799.37,6828.82,0,6828.82
3/27/07,6838.32,6885.34,6838.32,6858.34,0,6858.34
3/28/07,6830.73,6843.37,6788.33,6816.89,0,6816.89
3/29/07,6834.09,6903.48,6834.09,6897.08,0,6897.08
3/30/07,6903.88,6965.84,6885.58,6917.03,0,6917.03
4/2/07,6911.13,6945.36,6891.8,6937.17,0,6937.17
4/3/07,6945.36,7053.12,6945.27,7045.56,0,7045.56
4/4/07,7072.51,7076.21,7038.49,7073.91,0,7073.91
4/5/07,7074.59,7103.73,7068.09,7099.91,0,7099.91
4/10/07,7102.47,7172.08,7090.69,7166.67,0,7166.67
4/11/07,7168.1,7201.93,7139.34,7152.83,0,7152.83
4/12/07,7150.83,7152.38,7087.29,7142.95,0,7142.95
4/13/07,7153.89,7213.2,7150.7,7212.07,0,7212.07
4/16/07,7229.06,7340.25,7229.06,7338.06,0,7338.06
4/17/07,7327.5,7365.51,7292.3,7348.83,0,7348.83
4/18/07,7341.25,7341.25,7243.42,7282.34,0,7282.34
4/19/07,7205.53,7248.18,7155.05,7242.73,0,7242.73
4/20/07,7257.34,7366.59,7253.03,7342.54,0,7342.54
4/23/07,7348.01,7358.27,7302.43,7335.62,0,7335.62
4/24/07,7342.08,7342.08,7218.72,7270.32,0,7270.32
4/25/07,7291.77,7363.37,7287.8,7343.08,0,7343.08
4/26/07,7368.54,7412.53,7356.84,7387.02,0,7387.02
4/27/07,7384.02,7395.36,7333.69,7378.12,0,7378.12
4/30/07,7369.24,7436.3,7361.36,7408.87,0,7408.87
5/2/07,7429.93,7462.72,7422.81,7455.93,0,7455.93
5/3/07,7472.14,7483.22,7420.35,7476.69,0,7476.69
5/4/07,7476.68,7526.51,7460.02,7516.76,0,7516.76
5/7/07,7523.95,7538.59,7508.1,7525.69,0,7525.69
5/8/07,7515.01,7515.47,7413.01,7442.2,0,7442.2
5/9/07,7471.95,7489.86,7427.25,7475.99,0,7475.99
5/10/07,7477.44,7494.18,7400.42,7415.33,0,7415.33
5/11/07,7386.8,7482.36,7304.61,7479.34,0,7479.34
5/14/07,7505,7527.96,7446.11,7459.61,0,7459.61
5/15/07,7432.66,7520.53,7418.26,7505.35,0,7505.35
5/16/07,7483.43,7523,7460.29,7481.25,0,7481.25
5/17/07,7502.12,7528.62,7483.66,7499.5,0,7499.5
5/18/07,7498.57,7613.62,7490.51,7607.54,0,7607.54
5/21/07,7614.04,7644.44,7599.49,7619.31,0,7619.31
5/22/07,7623.64,7676.87,7608.76,7659.39,0,7659.39
5/23/07,7665.05,7739.06,7659.8,7735.88,0,7735.88
5/24/07,7716.18,7774.36,7669.05,7697.38,0,7697.38
5/25/07,7672.95,7746.92,7658.27,7739.2,0,7739.2
5/29/07,7758.86,7787.55,7735.8,7781.04,0,7781.04
5/30/07,7741.95,7768.75,7675.89,7764.97,0,7764.97
5/31/07,7790.93,7895.71,7790.93,7883.04,0,7883.04
6/1/07,7891.2,8001.63,7889.74,7987.85,0,7987.85
6/4/07,7973.68,8010.39,7936.18,7976.79,0,7976.79
6/5/07,7987.11,7996.61,7880.35,7919.83,0,7919.83
6/6/07,7916.71,7925.84,7723.55,7730.05,0,7730.05
6/7/07,7750.38,7786.94,7590.17,7618.61,0,7618.61
6/8/07,7576.01,7644.96,7499.43,7590.5,0,7590.5
6/11/07,7623.33,7706.1,7623.33,7706.1,0,7706.1
6/12/07,7693.6,7740.02,7629.46,7678.26,0,7678.26
6/13/07,7652.59,7701.01,7595.69,7680.76,0,7680.76
6/14/07,7753.18,7850.73,7752.04,7849.16,0,7849.16
6/15/07,7861.22,8032.97,7860.33,8030.64,0,8030.64
6/18/07,8044.73,8095.76,8013.58,8036.12,0,8036.12
6/19/07,8044.59,8074.11,8011.29,8033.52,0,8033.52
6/20/07,8066.18,8131.73,8046.64,8090.49,0,8090.49
6/21/07,8050.65,8060.64,7905.18,7964.71,0,7964.71
6/22/07,7977.26,8013.6,7925.13,7949.63,0,7949.63
6/25/07,7896.91,7942.94,7829.78,7930.61,0,7930.61
6/26/07,7882.39,7904.53,7817.39,7860.52,0,7860.52
6/27/07,7820.35,7822.35,7750.62,7801.23,0,7801.23
6/28/07,7847.44,7923.59,7847.44,7921.36,0,7921.36
6/29/07,7947.16,8007.74,7901.6,8007.32,0,8007.32
7/2/07,7969.27,7981.36,7916.47,7958.24,0,7958.24
7/3/07,7985.26,8066.83,7985.26,8050.68,0,8050.68
7/4/07,8057.68,8090.22,8055.25,8075.26,0,8075.26
7/5/07,8101.89,8115.06,7968.79,7987.13,0,7987.13
7/6/07,7987.12,8048.44,7947.07,8048.32,0,8048.32
7/9/07,8077.18,8119.8,8058.77,8077.39,0,8077.39
7/10/07,8081.73,8109.71,7934.85,7964.76,0,7964.76
7/11/07,7922.23,7922.23,7799.93,7898.54,0,7898.54
7/12/07,7921.76,8053.62,7880.92,8053.43,0,8053.43
7/13/07,8089.56,8151.57,8065.11,8092.77,0,8092.77
7/16/07,8101.53,8130.72,8074.97,8105.69,0,8105.69
7/17/07,8090.01,8090.01,7995.44,8038.21,0,8038.21
7/18/07,7987.52,7990.36,7879.14,7893.61,0,7893.61
7/19/07,7934.02,8010.75,7933.19,7991.21,0,7991.21
7/20/07,7986.85,8006.23,7864.18,7874.85,0,7874.85
7/23/07,7880.29,7944.21,7836.42,7944.21,0,7944.21
7/24/07,7916.36,7933.58,7806.23,7806.79,0,7806.79
7/25/07,7747.93,7790.2,7659.61,7692.55,0,7692.55
7/26/07,7708.32,7731.17,7506.04,7508.96,0,7508.96
7/27/07,7437.11,7535.37,7372.89,7451.68,0,7451.68
7/30/07,7460.71,7503.17,7386.6,7456.31,0,7456.31
7/31/07,7507.96,7632.83,7501.53,7584.14,0,7584.14
8/1/07,7472.36,7544.7,7396.36,7473.93,0,7473.93
8/2/07,7518.91,7568.2,7502.72,7534.13,0,7534.13
8/3/07,7549.82,7566.64,7419.84,7435.67,0,7435.67
8/6/07,7390.88,7471.75,7382.96,7444.45,0,7444.45
8/7/07,7481.35,7534.93,7459.09,7513.66,0,7513.66
8/8/07,7538.97,7614.24,7531.71,7605.94,0,7605.94
8/9/07,7578.12,7581.79,7426.05,7453.59,0,7453.59
8/10/07,7373.91,7386.41,7293.52,7343.26,0,7343.26
8/13/07,7380.18,7476.7,7380.18,7474.33,0,7474.33
8/14/07,7441.5,7492.76,7383.32,7425.07,0,7425.07
8/15/07,7391.48,7470.94,7343.25,7445.9,0,7445.9
8/16/07,7360.28,7360.28,7240.78,7270.07,0,7270.07
8/17/07,7241.62,7497.65,7190.36,7378.29,0,7378.29
8/20/07,7400.45,7450.39,7386.55,7407.53,0,7407.53
8/21/07,7427.52,7469.86,7345.13,7424.75,0,7424.75
8/22/07,7429.01,7525.71,7424.12,7500.48,0,7500.48
8/23/07,7560.91,7591.52,7511.91,7511.96,0,7511.96
8/24/07,7490.82,7526.14,7459.95,7507.27,0,7507.27
8/27/07,7525.59,7541.87,7475.95,7485.99,0,7485.99
8/28/07,7476.99,7477.27,7419.68,7430.24,0,7430.24
8/29/07,7383.09,7451.97,7353.82,7439.18,0,7439.18
8/30/07,7469.45,7529.75,7416.66,7519.94,0,7519.94
8/31/07,7554.6,7659.72,7536.78,7638.17,0,7638.17
9/3/07,7643.64,7677.67,7630.85,7648.58,0,7648.58
9/4/07,7635.41,7725.34,7595.45,7721.77,0,7721.77
9/5/07,7700.76,7717.16,7588.03,7588.03,0,7588.03
9/6/07,7618.34,7644.43,7510.77,7621.72,0,7621.72
9/7/07,7612.92,7629.86,7420.83,7436.63,0,7436.63
9/10/07,7437.69,7467.45,7369.7,7375.44,0,7375.44
9/11/07,7409.25,7481.98,7409.25,7457.9,0,7457.9
9/12/07,7458.68,7477.99,7420.66,7472.99,0,7472.99
9/13/07,7459.43,7545.23,7430.64,7535.97,0,7535.97
9/14/07,7514.62,7522.12,7445.41,7497.74,0,7497.74
9/17/07,7497.09,7530.81,7433.23,7479.85,0,7479.85
9/18/07,7460.04,7588.42,7452,7575.21,0,7575.21
9/19/07,7629.11,7771.02,7627.75,7750.84,0,7750.84
9/20/07,7728.78,7745.25,7696.94,7735.09,0,7735.09
9/21/07,7722.97,7809.24,7714.81,7794.43,0,7794.43
9/24/07,7777.2,7797.62,7762.05,7787.92,0,7787.92
9/25/07,7755.17,7786.93,7717.44,7769.44,0,7769.44
9/26/07,7797.34,7815.49,7788.44,7804.15,0,7804.15
9/27/07,7844.42,7882.18,7837.34,7853.79,0,7853.79
9/28/07,7850.94,7880.42,7790.23,7861.51,0,7861.51
10/1/07,7851.29,7922.42,7831.4,7922.42,0,7922.42
10/2/07,7937.22,7971.13,7924.14,7946.79,0,7946.79
10/3/07,7952.38,7964.4,7928.56,7955.3,0,7955.3
10/4/07,7940.65,7966.81,7911.86,7944.99,0,7944.99
10/5/07,7954.25,8014.16,7946.34,8002.18,0,8002.18
10/8/07,8008.76,8017.77,7968.25,7974.37,0,7974.37
10/9/07,7974.87,8012.87,7955.04,7980.44,0,7980.44
10/10/07,7985.98,8009.34,7955.93,7986.57,0,7986.57
10/11/07,7985.68,8063.83,7981.53,8033.69,0,8033.69
10/12/07,7995.59,8041.26,7974.87,8041.26,0,8041.26
10/15/07,8039.8,8039.8,7951.26,7969.47,0,7969.47
10/16/07,7946.12,7964.6,7927.78,7962.64,0,7962.64
10/17/07,7944.53,8017.04,7941.51,7985.41,0,7985.41
10/18/07,7997.73,8014.56,7906.79,7921.4,0,7921.4
10/19/07,7895.53,7940.29,7870.73,7884.12,0,7884.12
10/22/07,7819.28,7819.28,7763.64,7794.94,0,7794.94
10/23/07,7822.89,7876.62,7822.89,7842.79,0,7842.79
10/24/07,7842.13,7861.27,7807.99,7828.96,0,7828.96
10/25/07,7862.61,7970.57,7861.39,7932.44,0,7932.44
10/26/07,7944.34,7970.36,7919.2,7949.17,0,7949.17
10/29/07,7989.4,8016.47,7986.71,8009.67,0,8009.67
10/30/07,8004.59,8004.59,7966.24,7977.94,0,7977.94
10/31/07,7975.02,8027.49,7960.48,8019.22,0,8019.22
11/1/07,8024.41,8038.41,7853.76,7880.85,0,7880.85
11/2/07,7846.91,7864.48,7792.37,7849.49,0,7849.49
11/5/07,7790.89,7830.92,7779.97,7807.55,0,7807.55
11/6/07,7823.22,7859.95,7821.78,7827.19,0,7827.19
11/7/07,7839.06,7854.16,7739.92,7799.62,0,7799.62
11/8/07,7771.56,7844.4,7701.87,7819.47,0,7819.47
11/9/07,7830.12,7918.92,7792.82,7812.4,0,7812.4
11/12/07,7780.49,7810.6,7766.07,7806.84,0,7806.84
11/13/07,7781.42,7791.5,7752.24,7777.56,0,7777.56
11/14/07,7821.42,7866.01,7765.51,7783.11,0,7783.11
11/15/07,7781.81,7803.87,7635.69,7667.03,0,7667.03
11/16/07,7635.65,7655.96,7564.66,7612.26,0,7612.26
11/19/07,7608.2,7623.1,7498.9,7511.97,0,7511.97
11/20/07,7550.35,7634.46,7523.67,7630.31,0,7630.31
11/21/07,7569.86,7569.86,7474.51,7518.42,0,7518.42
11/22/07,7538.8,7581.13,7488.09,7562.1,0,7562.1
11/23/07,7565.01,7620.29,7549.15,7608.96,0,7608.96
11/26/07,7642.1,7674.66,7559.7,7567.36,0,7567.36
11/27/07,7537.55,7546.41,7444.62,7531.35,0,7531.35
11/28/07,7552.26,7729,7536.54,7723.66,0,7723.66
11/29/07,7755.3,7780.48,7729.44,7765.19,0,7765.19
11/30/07,7772.44,7894.47,7771.77,7870.52,0,7870.52
12/3/07,7859.39,7889.59,7825.66,7837.26,0,7837.26
12/4/07,7841.87,7849.94,7785.12,7808.94,0,7808.94
12/5/07,7850.94,7953.94,7842.62,7944.77,0,7944.77
12/6/07,7958.18,7998.04,7911.48,7940.58,0,7940.58
12/7/07,7963.25,8009.76,7957.55,7994.07,0,7994.07
12/10/07,7972.7,8057.69,7955.19,8033.36,0,8033.36
12/11/07,8050.37,8067.04,7983.41,8009.42,0,8009.42
12/12/07,7968.93,8117.79,7928.12,8076.12,0,8076.12
12/13/07,8014.47,8034.32,7922.98,7928.31,0,7928.31
12/14/07,7949,7987.29,7873.27,7948.36,0,7948.36
12/17/07,7884.17,7884.19,7812.02,7825.44,0,7825.44
12/18/07,7811.08,7942.76,7796.1,7850.74,0,7850.74
12/19/07,7865.33,7876.59,7777.4,7837.32,0,7837.32
12/20/07,7842.26,7919.05,7842.17,7869.19,0,7869.19
12/21/07,7913.38,8015.42,7913.38,8002.67,0,8002.67
12/27/07,8038.73,8073.99,8024.77,8038.6,0,8038.6
12/28/07,8010.89,8068.95,7991.81,8067.32,0,8067.32
1/2/08,8045.97,8100.64,7925.11,7949.11,0,7949.11
1/3/08,7941.52,7969.9,7858.39,7908.41,0,7908.41
1/4/08,7913.53,7914.7,7780.27,7808.69,0,7808.69
1/7/08,7810.82,7858.64,7781.68,7817.17,0,7817.17
1/8/08,7844.5,7923.44,7831.51,7849.99,0,7849.99
1/9/08,7839.23,7841.62,7770.42,7782.71,0,7782.71
1/10/08,7799.11,7830.95,7700.85,7713.09,0,7713.09
1/11/08,7717.45,7746.47,7675.45,7717.95,0,7717.95
1/14/08,7692.54,7759.17,7683.54,7732.02,0,7732.02
1/15/08,7714.6,7724.26,7563.9,7566.38,0,7566.38
1/16/08,7536.48,7555.56,7450.38,7471.57,0,7471.57
1/17/08,7504.85,7547.47,7400.08,7413.53,0,7413.53
1/18/08,7417.55,7501.04,7287.29,7314.17,0,7314.17
1/21/08,7292.68,7292.68,6762.77,6790.19,0,6790.19
1/22/08,6591.39,6877.62,6420.71,6769.47,0,6769.47
1/23/08,6811.81,6884.87,6384.4,6439.21,0,6439.21
1/24/08,6550.11,6854.98,6550.11,6821.07,0,6821.07
1/25/08,6884.16,7002.19,6782.41,6816.74,0,6816.74
1/28/08,6749.29,6827.37,6680.3,6818.85,0,6818.85
1/29/08,6834.6,6929.88,6823.68,6892.96,0,6892.96
1/30/08,6886.92,6920.77,6822.44,6875.35,0,6875.35
1/31/08,6856.88,6887.75,6691.25,6851.75,0,6851.75
2/1/08,6896.19,7037.16,6896.19,6968.67,0,6968.67
2/4/08,7018.64,7059.19,6975.93,7000.49,0,7000.49
2/5/08,6998.74,7000.05,6744.17,6765.25,0,6765.25
2/6/08,6726.54,6861.94,6696.94,6847.51,0,6847.51
2/7/08,6829.07,6839.16,6655.65,6733.72,0,6733.72
2/8/08,6777.54,6851.78,6706.18,6767.28,0,6767.28
2/11/08,6723.97,6812.21,6690.77,6743.54,0,6743.54
2/12/08,6793.47,6979.23,6746.2,6967.84,0,6967.84
2/13/08,6914.21,7007.05,6869.94,6973.67,0,6973.67
2/14/08,7024.57,7062.08,6935.31,6962.28,0,6962.28
2/15/08,6966.75,7012.63,6797.76,6832.43,0,6832.43
2/19/08,6947.68,7079.74,6890.93,7002.29,0,7002.29
2/20/08,6933.02,6964.93,6852.58,6899.68,0,6899.68
2/21/08,6928.34,7017.86,6881.29,6904.85,0,6904.85
2/22/08,6889.49,6889.49,6762.77,6806.29,0,6806.29
2/25/08,6850.92,6922.61,6825.12,6882.56,0,6882.56
2/26/08,6906.43,7007.44,6906.43,6985.97,0,6985.97
2/27/08,7007.69,7017.7,6881.23,6997.85,0,6997.85
2/28/08,6985.42,6995.39,6849.59,6862.52,0,6862.52
2/29/08,6847.9,6864.69,6698.55,6748.13,0,6748.13
3/3/08,6692.98,6701.53,6608.61,6689.95,0,6689.95
3/4/08,6692.73,6720.16,6516.83,6545.04,0,6545.04
3/5/08,6583.3,6699.3,6578.82,6683.71,0,6683.71
3/6/08,6674.74,6683.16,6569.6,6591.31,0,6591.31
3/7/08,6550.55,6562.4,6450.88,6513.99,0,6513.99
3/10/08,6487.11,6537.39,6414.52,6448.08,0,6448.08
3/11/08,6462.53,6604,6431.74,6524.57,0,6524.57
3/12/08,6574.52,6666.58,6569.36,6599.37,0,6599.37
3/13/08,6529.62,6529.62,6399.04,6500.56,0,6500.56
3/14/08,6500.17,6623.42,6391.56,6451.9,0,6451.9
3/17/08,6360.92,6362.02,6167.82,6182.3,0,6182.3
3/18/08,6237.63,6417.95,6237.63,6393.39,0,6393.39
3/19/08,6429.24,6469.99,6310.6,6361.22,0,6361.22
3/20/08,6331.06,6376.24,6270.98,6319.99,0,6319.99
3/25/08,6443.45,6540.48,6443.36,6524.71,0,6524.71
3/26/08,6508.43,6538.28,6469,6489.26,0,6489.26
3/27/08,6486.02,6610.16,6478.81,6578.06,0,6578.06
3/28/08,6587.21,6616.45,6535.07,6559.9,0,6559.9
3/31/08,6530.11,6541.12,6429.62,6534.97,0,6534.97
4/1/08,6519.02,6734.5,6496.94,6720.33,0,6720.33
4/2/08,6749.24,6806.66,6726.43,6777.44,0,6777.44
4/3/08,6788.4,6802.62,6695.83,6741.72,0,6741.72
4/4/08,6753.87,6797.23,6691.28,6763.39,0,6763.39
4/7/08,6802.55,6843.25,6795.06,6821.03,0,6821.03
4/8/08,6795.05,6795.34,6723.84,6771.98,0,6771.98
4/9/08,6751.48,6785.06,6705.06,6721.36,0,6721.36
4/10/08,6716.69,6719.07,6608.78,6704.32,0,6704.32
4/11/08,6739.18,6768.12,6570.74,6603.57,0,6603.57
4/14/08,6561.9,6573.25,6516.51,6554.49,0,6554.49
4/15/08,6581.12,6626.88,6524.9,6585.05,0,6585.05
4/16/08,6624.61,6710.86,6600.68,6702.84,0,6702.84
4/17/08,6717.28,6743.14,6665.01,6681.81,0,6681.81
4/18/08,6703.02,6860.38,6703.02,6843.08,0,6843.08
4/21/08,6840.68,6848.65,6749.72,6786.55,0,6786.55
4/22/08,6762.44,6818.62,6702.98,6728.3,0,6728.3
4/23/08,6739.65,6813.67,6656.86,6795.03,0,6795.03
4/24/08,6776.93,6827.9,6720.91,6821.32,0,6821.32
4/25/08,6855.67,6945.25,6848.9,6896.58,0,6896.58
4/28/08,6914.4,6966.47,6819.51,6925.33,0,6925.33
4/29/08,6905.42,6909.99,6855.11,6885.34,0,6885.34
4/30/08,6888.21,6962.6,6851.52,6948.82,0,6948.82
5/2/08,6982.06,7092.82,6971.93,7043.23,0,7043.23
5/5/08,7036.99,7059.92,7021.73,7052.08,0,7052.08
5/6/08,7043.65,7062.37,6969.16,7017.1,0,7017.1
5/7/08,7040.84,7107.53,7037.01,7076.25,0,7076.25
5/8/08,7037.63,7073.45,7013.06,7071.9,0,7071.9
5/9/08,7040.79,7040.79,6961.63,7003.17,0,7003.17
5/12/08,7021.29,7064.6,7006.42,7035.95,0,7035.95
5/13/08,7062.6,7080.86,7002.37,7060.19,0,7060.19
5/14/08,7081.72,7101.49,7001.33,7083.24,0,7083.24
5/15/08,7072.12,7088.67,7037.09,7081.05,0,7081.05
5/16/08,7103.84,7205.96,7103.84,7156.55,0,7156.55
5/19/08,7177.02,7231.86,7165.44,7225.94,0,7225.94
5/20/08,7188.07,7188.98,7108.25,7118.5,0,7118.5
5/21/08,7129.07,7151.38,7013.13,7040.83,0,7040.83
5/22/08,7016.21,7090.23,6980.54,7070.33,0,7070.33
5/23/08,7057.52,7065.9,6934.54,6944.05,0,6944.05
5/26/08,6923.94,6965.19,6917.61,6953.84,0,6953.84
5/27/08,6966.05,7006.28,6905.86,6958.66,0,6958.66
5/28/08,6980.69,7082.26,6955.14,7033.84,0,7033.84
5/29/08,7055.72,7085.13,7004.7,7055.03,0,7055.03
5/30/08,7065.79,7124.61,7063.8,7096.79,0,7096.79
6/2/08,7098.7,7102.05,6995.41,7008.77,0,7008.77
6/3/08,6986.92,7023.18,6962.38,7019.13,0,7019.13
6/4/08,6993.69,6994.2,6898.01,6965.43,0,6965.43
6/5/08,6964.71,7008.93,6905.01,6941.83,0,6941.83
6/6/08,6966.09,7002.85,6796.28,6803.81,0,6803.81
6/9/08,6790.18,6839.32,6762.73,6815.63,0,6815.63
6/10/08,6789.28,6798.58,6715.98,6771.1,0,6771.1
6/11/08,6781.88,6812.88,6637.75,6650.26,0,6650.26
6/12/08,6647.6,6733.12,6647.6,6714.52,0,6714.52
6/13/08,6701.5,6777.87,6649.62,6765.32,0,6765.32
6/16/08,6773.43,6812.66,6671.8,6729.88,0,6729.88
6/17/08,6743.5,6855.84,6743.48,6796.16,0,6796.16
6/18/08,6795.18,6796.77,6705.75,6728.91,0,6728.91
6/19/08,6704.22,6765.1,6662.46,6721.17,0,6721.17
6/20/08,6730.52,6765.8,6547.4,6578.44,0,6578.44
6/23/08,6586.83,6628.72,6572.51,6589.46,0,6589.46
6/24/08,6588.06,6617.16,6444.3,6536.06,0,6536.06
6/25/08,6551.66,6628.62,6547.71,6617.84,0,6617.84
6/26/08,6571.55,6578.45,6448.12,6459.6,0,6459.6
6/27/08,6449.04,6464.9,6348.03,6421.91,0,6421.91
6/30/08,6423.37,6446.54,6308.24,6418.32,0,6418.32
7/1/08,6394.08,6405.43,6260.33,6315.94,0,6315.94
7/2/08,6319.6,6395.97,6295.45,6305.42,0,6305.42
7/3/08,6262.98,6392.08,6200.56,6353.74,0,6353.74
7/4/08,6360.7,6374.84,6255.16,6272.21,0,6272.21
7/7/08,6312.32,6416.24,6286.67,6395.75,0,6395.75
7/8/08,6314.17,6332.01,6226.74,6304.41,0,6304.41
7/9/08,6330.69,6397.82,6330.69,6386.46,0,6386.46
7/10/08,6338.63,6384.64,6254.31,6305,0,6305
7/11/08,6310.17,6332.11,6139.74,6153.3,0,6153.3
7/14/08,6184.65,6254.15,6184.54,6200.25,0,6200.25
7/15/08,6154.89,6164.73,6006.58,6081.7,0,6081.7
7/16/08,6100.62,6177.03,5999.32,6155.37,0,6155.37
7/17/08,6177.07,6318.34,6177.07,6271.27,0,6271.27
7/18/08,6261.48,6396.3,6236.94,6382.65,0,6382.65
7/21/08,6381.44,6484.29,6342.82,6424.84,0,6424.84
7/22/08,6395.06,6449.88,6322.03,6442.79,0,6442.79
7/23/08,6486.05,6562.26,6485.05,6536.09,0,6536.09
7/24/08,6546.17,6577.1,6415.31,6440.7,0,6440.7
7/25/08,6411.71,6479.96,6331.27,6436.71,0,6436.71
7/28/08,6428.36,6428.36,6342.32,6351.15,0,6351.15
7/29/08,6302.88,6425.45,6264.74,6398.8,0,6398.8
7/30/08,6406.03,6505.05,6396.14,6460.12,0,6460.12
7/31/08,6467.86,6540.45,6428.49,6479.56,0,6479.56
8/1/08,6461.01,6489.69,6378.55,6396.46,0,6396.46
8/4/08,6403.3,6403.53,6322.01,6349.81,0,6349.81
8/5/08,6356.4,6532.09,6342.93,6518.7,0,6518.7
8/6/08,6531.55,6568.79,6496.17,6561.39,0,6561.39
8/7/08,6542.96,6620.77,6520.79,6543.49,0,6543.49
8/8/08,6537.54,6586.1,6442.85,6561.65,0,6561.65
8/11/08,6570.52,6612.86,6555.28,6609.63,0,6609.63
8/12/08,6601.7,6626.7,6545.24,6585.87,0,6585.87
8/13/08,6562.97,6566.62,6417.33,6422.19,0,6422.19
8/14/08,6450.73,6481.28,6369.58,6442.21,0,6442.21
8/15/08,6460.22,6513.92,6394.39,6446.02,0,6446.02
8/18/08,6436.14,6485.91,6374.95,6432.88,0,6432.88
8/19/08,6398.83,6401.21,6268.73,6282.43,0,6282.43
8/20/08,6297.83,6336.79,6262.49,6317.8,0,6317.8
8/21/08,6290.32,6293.48,6219.1,6236.96,0,6236.96
8/22/08,6243.53,6355.96,6229.19,6342.42,111121000,6342.42
8/25/08,6332.94,6361.55,6289.11,6296.95,0,6296.95
8/26/08,6287.81,6370.53,6238.07,6340.52,0,6340.52
8/27/08,6336.35,6346.53,6252.13,6321.03,0,6321.03
8/28/08,6313.91,6456.18,6265.43,6420.54,0,6420.54
8/29/08,6427.86,6457.93,6401.22,6422.3,0,6422.3
9/1/08,6400.85,6448.98,6341.1,6421.8,0,6421.8
9/2/08,6416.85,6553.9,6379.03,6518.47,0,6518.47
9/3/08,6488.12,6519.21,6439.91,6467.49,0,6467.49
9/4/08,6477.2,6482.16,6263.08,6279.57,0,6279.57
9/5/08,6247.64,6253.4,6095.56,6127.44,0,6127.44
9/8/08,6262.34,6356.8,6241.26,6263.74,0,6263.74
9/9/08,6258.26,6327.18,6199.11,6233.41,0,6233.41
9/10/08,6225.3,6254.4,6160.55,6210.32,0,6210.32
9/11/08,6192.61,6202.17,6086.3,6178.9,0,6178.9
9/12/08,6206.97,6256.25,6159.51,6234.89,0,6234.89
9/15/08,6138.42,6138.42,5942.14,6064.16,0,6064.16
9/16/08,6017.47,6024.05,5858.57,5965.17,0,5965.17
9/17/08,5977.68,6035.51,5825.24,5860.98,0,5860.98
9/18/08,5875.05,5967.29,5812.77,5863.42,0,5863.42
9/19/08,5986.94,6213.67,5982.3,6143.42,150342400,6143.42
9/22/08,6188.58,6235.13,6106.11,6107.75,0,6107.75
9/23/08,6091.85,6123.48,6033.75,6068.53,0,6068.53
9/24/08,6071.32,6109.1,6013.71,6052.87,51207200,6052.87
9/25/08,6057.61,6188.43,6049.85,6173.03,56612700,6173.03
9/26/08,6118.13,6118.13,6001.01,6063.5,50567400,6063.5
9/29/08,6010.1,6015.59,5802.51,5807.08,76422200,5807.08
9/30/08,5728.3,5836.77,5658.2,5831.02,79738600,5831.02
10/1/08,5865.08,5866.4,5746.82,5806.33,62386300,5806.33
10/2/08,5794.1,5876.93,5630.46,5660.63,71214200,5660.63
10/3/08,5682.33,5831.97,5617.81,5797.03,61616600,5797.03
10/6/08,5606.07,5606.07,5292.84,5387.01,0,5387.01
10/7/08,5450.38,5502.33,5300.3,5326.63,118853000,5326.63
10/8/08,5237.11,5319.15,4870.2,5013.62,114129100,5013.62
10/9/08,5054.9,5153.53,4803.62,4887,78567600,4887
10/10/08,4594.53,4653.98,4308,4544.31,116733400,4544.31
10/13/08,4642.02,5062.45,4641.38,5062.45,89614400,5062.45
10/14/08,5135.14,5383.79,5095.12,5199.19,82479300,5199.19
10/15/08,5187.39,5192.13,4790.68,4861.63,77537800,4861.63
10/16/08,4675.9,4890.78,4521.91,4622.81,87902300,4622.81
10/17/08,4757.98,4835.9,4576.58,4781.33,96654000,4781.33
10/20/08,4891.76,4941.19,4754.27,4835.01,59387000,4835.01
10/21/08,4882.8,4909.64,4736.22,4784.41,54622000,4784.41
10/22/08,4739.74,4740.31,4535.64,4571.07,51717600,4571.07
10/23/08,4559.71,4576.87,4364.2,4519.7,55792400,4519.7
10/24/08,4362.79,4362.93,4014.6,4295.67,73730000,4295.67
10/27/08,4143.45,4486.13,4062.77,4334.64,106305600,4334.64
10/28/08,4314.91,4823.45,4314.91,4823.45,197821900,4823.45
10/29/08,4460.26,4885.85,4460.26,4808.69,137350100,4808.69
10/30/08,4894.14,5042.49,4827.27,4869.3,97704600,4869.3
10/31/08,4856.02,5066.81,4785.11,4987.97,88164000,4987.97
11/3/08,5053.94,5089.54,4967.94,5026.84,52401500,5026.84
11/4/08,5018.83,5302.57,4993.1,5278.04,58418400,5278.04
11/5/08,5268.8,5271.91,5142.85,5166.87,49048500,5166.87
11/6/08,5101.98,5101.98,4781.51,4813.57,55996400,4813.57
11/7/08,4827.56,5018.41,4751.24,4938.46,41288500,4938.46
11/10/08,5024.43,5135.15,4998.04,5025.53,33949100,5025.53
11/11/08,4984.32,4984.32,4742.48,4761.58,41020200,4761.58
11/12/08,4801.9,4875.66,4555.44,4620.8,41645100,4620.8
11/13/08,4599.64,4713.78,4524.89,4649.52,37923700,4649.52
11/14/08,4723.29,4874.16,4695.79,4710.24,38730300,4710.24
11/17/08,4700.5,4733.79,4512.21,4557.27,35035900,4557.27
11/18/08,4556.48,4607.54,4445.88,4579.47,34312400,4579.47
11/19/08,4586.33,4586.69,4337.92,4354.09,42770800,4354.09
11/20/08,4274.98,4313.16,4113.49,4220.2,46662800,4220.2
11/21/08,4228.31,4296.86,4034.96,4127.41,48665100,4127.41
11/24/08,4167.71,4579.07,4154.55,4554.33,52198700,4554.33
11/25/08,4521.85,4693.1,4455.3,4560.42,54244000,4560.42
11/26/08,4528.55,4612.22,4423.67,4560.5,36549800,4560.5
11/27/08,4596.4,4682.91,4589.16,4665.27,29028900,4665.27
11/28/08,4666.41,4703.67,4566.84,4669.44,34642600,4669.44
12/1/08,4653.12,4667.91,4367.92,4394.79,34897100,4394.79
12/2/08,4349.13,4572.18,4304.03,4531.79,38445500,4531.79
12/3/08,4508.88,4602.88,4377.63,4567.24,35243400,4567.24
12/4/08,4559.98,4732.93,4491.86,4564.23,39370800,4564.23
12/5/08,4529.2,4530.7,4321.64,4381.47,40519500,4381.47
12/8/08,4548.87,4775.71,4548.87,4715.88,47616100,4715.88
12/9/08,4673.52,4850.39,4622.24,4779.11,39562600,4779.11
12/10/08,4810.48,4839.14,4742.9,4804.88,31974500,4804.88
12/11/08,4791.56,4822.21,4710.04,4767.2,31584000,4767.2
12/12/08,4660.05,4699.06,4521.52,4663.37,37114100,4663.37
12/15/08,4718.39,4773.32,4627.46,4654.82,25688900,4654.82
12/16/08,4663.36,4758.27,4655.87,4729.91,32518700,4729.91
12/17/08,4768.71,4784.41,4639.17,4708.38,39191400,4708.38
12/18/08,4730.1,4784.72,4715.82,4756.4,34335200,4756.4
12/19/08,4720.88,4785.32,4647.13,4696.7,87818300,4696.7
12/22/08,4693.66,4701.11,4575.52,4639.02,32497000,4639.02
12/23/08,4633.47,4718.6,4622.97,4629.38,21536000,4629.38
12/24/08,4629.38,4629.38,4629.38,4629.38,0,4629.38
12/26/08,4629.38,4629.38,4629.38,4629.38,0,4629.38
12/29/08,4660.17,4732.85,4655.91,4704.86,20457100,4704.86
12/30/08,4754.22,4810.41,4754.22,4810.2,17827700,4810.2
1/2/09,4856.85,4974.73,4838.49,4973.07,20751900,4973.07
1/5/09,5010.18,5034.85,4949.36,4983.99,27847600,4983.99
1/6/09,4992.67,5111.02,4960.21,5026.31,29909700,5026.31
1/7/09,5008.62,5010.97,4914.22,4937.47,28792700,4937.47
1/8/09,4897.16,4917.62,4820.08,4879.91,32437500,4879.91
1/9/09,4891.58,4932.66,4743.97,4783.89,34093000,4783.89
1/12/09,4765.38,4791.96,4708.5,4719.62,25639500,4719.62
1/13/09,4704.51,4704.51,4596.49,4636.94,32945800,4636.94
1/14/09,4661.84,4670.84,4379.88,4422.35,45683300,4422.35
1/15/09,4434.22,4451.32,4295.76,4336.73,37955100,4336.73
1/16/09,4395.79,4474.86,4357.82,4366.28,33325800,4366.28
1/19/09,4409.88,4452.57,4249.91,4316.14,24902300,4316.14
1/20/09,4297.42,4382.11,4222.76,4239.85,31994600,4239.85
1/21/09,4208.19,4313.69,4140.26,4261.15,34070900,4261.15
1/22/09,4313.36,4368.47,4197.02,4219.42,29325400,4219.42
1/23/09,4204,4222.01,4067.43,4178.94,33132900,4178.94
1/26/09,4165.71,4371.52,4145.12,4326.87,31058500,4326.87
1/27/09,4322.99,4360.79,4264.97,4323.42,26957300,4323.42
1/28/09,4347.78,4533.7,4347.78,4518.72,37840400,4518.72
1/29/09,4495.74,4501.44,4393.98,4428.11,28782900,4428.11
1/30/09,4420.33,4454.39,4312.17,4338.35,29924900,4338.35
2/2/09,4309.17,4309.19,4198.15,4271.04,21657500,4271.04
2/3/09,4302.52,4385.44,4224.53,4374.96,26628600,4374.96
2/4/09,4388.26,4545.52,4372.01,4492.79,31946100,4492.79
2/5/09,4443.95,4519.44,4387.78,4510.49,29629000,4510.49
2/6/09,4524.8,4657.06,4506.45,4644.63,36720600,4644.63
2/9/09,4627.83,4688.59,4596.74,4666.82,31025200,4666.82
2/10/09,4636.64,4649.23,4505.54,4505.54,32192300,4505.54
2/11/09,4491.72,4539.22,4466.06,4530.09,23591500,4530.09
2/12/09,4518.68,4518.68,4371.47,4407.56,28075700,4407.56
2/13/09,4458.74,4508.72,4397.6,4413.39,23627400,4413.39
2/17/09,4329.35,4329.7,4195.22,4216.6,31331900,4216.6
2/18/09,4229.53,4255.39,4124.11,4204.96,27027800,4204.96
2/19/09,4212.71,4275.09,4189.16,4215.21,23491800,4215.21
2/20/09,4164.51,4167.05,4014.66,4014.66,39731900,4014.66
2/23/09,4057.25,4111.52,3912.71,3936.45,26355700,3936.45
2/24/09,3922.02,3932.59,3816.88,3895.75,30558700,3895.75
2/25/09,3937.93,3977.77,3790.79,3846.21,32879900,3846.21
2/26/09,3882.88,3989.63,3849.76,3942.62,38089400,3942.62
2/27/09,3907.85,3907.85,3764.69,3843.74,38706800,3843.74
3/2/09,3817.51,3821.97,3692.78,3710.07,29419400,3710.07
3/3/09,3724.53,3755.88,3667.86,3690.72,26884800,3690.72
3/4/09,3724.74,3891.71,3721.91,3890.94,35075900,3890.94
3/5/09,3864.18,3864.18,3695.49,3695.49,32906400,3695.49
3/6/09,3699.33,3769.13,3638,3666.41,32612200,3666.41
3/9/09,3677.07,3706.32,3588.89,3692.03,25895900,3692.03
3/10/09,3716.29,3908.14,3681.33,3886.98,42239500,3886.98
3/11/09,3866.74,3994.77,3829.13,3914.1,36902500,3914.1
3/12/09,3890.23,3971.25,3802.2,3956.22,35358100,3956.22
3/13/09,3988.05,4053.84,3936.81,3953.6,30957300,3953.6
3/16/09,3990.83,4063.02,3983.4,4044.54,27140400,4044.54
3/17/09,4040.83,4046.42,3947.28,3987.77,29223900,3987.77
3/18/09,4024.18,4066.69,3948.59,3996.32,27428200,3996.32
3/19/09,4013.69,4137.8,4002.33,4043.46,43701100,4043.46
3/20/09,4006.47,4081.73,3995.09,4068.74,61462000,4068.74
3/23/09,4109.28,4184.77,4102.34,4176.37,32366800,4176.37
3/24/09,4201.49,4239.74,4150.97,4187.36,32189000,4187.36
3/25/09,4175.33,4262.23,4139.59,4223.29,31499800,4223.29
3/26/09,4226.97,4262.96,4210.98,4259.37,29275200,4259.37
3/27/09,4251.86,4272.12,4155.54,4203.55,30316100,4203.55
3/30/09,4175.41,4175.45,3987.39,3989.23,27506000,3989.23
3/31/09,4007.66,4091.66,4007.22,4084.76,25567200,4084.76
4/1/09,4074.79,4148.66,3997.46,4131.07,27688100,4131.07
4/2/09,4173.62,4404.62,4173.09,4381.92,46661200,4381.92
4/3/09,4353.46,4456.3,4335.09,4384.99,38642300,4384.99
4/6/09,4421.71,4457.19,4306.48,4349.81,32710900,4349.81
4/7/09,4359.21,4379.33,4276.29,4322.5,25774700,4322.5
4/8/09,4286.47,4377.35,4228.89,4357.92,26723500,4357.92
4/9/09,4397.06,4510.74,4377.98,4491.12,29713000,4491.12
4/13/09,4491.12,4491.12,4491.12,4491.12,0,4491.12
4/14/09,4489.02,4583.91,4461.48,4557.01,31983500,4557.01
4/15/09,4527.66,4559.28,4488.26,4549.79,23441300,4549.79
4/16/09,4570.34,4644.84,4531.94,4609.46,26669700,4609.46
4/17/09,4622.28,4686.29,4590.72,4676.84,49733300,4676.84
4/20/09,4655.84,4667.65,4470.84,4486.3,34182100,4486.3
4/21/09,4488.63,4542.92,4390.7,4501.63,43229700,4501.63
4/22/09,4508.78,4594.88,4456.5,4594.42,42175700,4594.42
4/23/09,4565.44,4609.17,4524.48,4538.21,38219200,4538.21
4/24/09,4545.25,4674.73,4542.89,4674.32,34329100,4674.32
4/27/09,4625.41,4712.97,4571.54,4694.07,31630000,4694.07
4/28/09,4659.81,4661.2,4547.9,4607.42,36019500,4607.42
4/29/09,4617.01,4722.11,4611.54,4704.56,41385000,4704.56
4/30/09,4732.9,4837.22,4710.09,4769.45,49521800,4769.45
5/1/09,4769.45,4769.45,4769.45,4769.45,0,4769.45
5/4/09,4790.03,4908.88,4781.97,4902.45,29193200,4902.45
5/5/09,4897.4,4928.03,4843.6,4853.03,35811100,4853.03
5/6/09,4848.94,4945.54,4827.88,4880.71,40863000,4880.71
5/7/09,4898.54,4980.3,4792.17,4804.1,45458000,4804.1
5/8/09,4851.52,4965.88,4846.85,4913.9,38264700,4913.9
5/11/09,4907.29,4917.73,4832.37,4866.91,30918800,4866.91
5/12/09,4836.99,4926.69,4821.53,4854.11,34664400,4854.11
5/13/09,4864.67,4881.25,4714.18,4727.61,42857000,4727.61
5/14/09,4727.68,4744.62,4653.25,4738.47,33112400,4738.47
5/15/09,4757.32,4776.64,4685.18,4737.5,40828900,4737.5
5/18/09,4702.81,4858.65,4655.53,4851.96,31398700,4851.96
5/19/09,4874.84,5005.45,4874.84,4959.62,41785900,4959.62
5/20/09,4954.35,5060.76,4949.85,5038.94,38091800,5038.94
5/21/09,4997.49,4997.49,4874.97,4900.67,22499200,4900.67
5/22/09,4904.67,4964.68,4868.56,4918.75,21895600,4918.75
5/25/09,4936.04,4942.14,4829.9,4918.45,14518100,4918.45
5/26/09,4891.29,4994.05,4802.8,4985.6,28322300,4985.6
5/27/09,5002.34,5035.51,4962.76,5000.77,26856100,5000.77
5/28/09,4958.65,4986.96,4884.92,4932.88,24783900,4932.88
5/29/09,4964.91,5009.6,4927.67,4940.82,31082100,4940.82
6/1/09,4992.1,5156.62,4991.21,5142.56,25664400,5142.56
6/2/09,5116.38,5177.59,5096,5144.06,28685700,5144.06
6/3/09,5150.02,5158.33,5036.54,5054.53,24432900,5054.53
6/4/09,5059.8,5121,5044.17,5064.8,25630900,5064.8
6/5/09,5092.62,5165.27,5047.83,5077.03,28218400,5077.03
6/8/09,5060.72,5060.72,4969.96,5004.72,23045100,5004.72
6/9/09,5018.41,5064.36,4982.12,4997.86,22523100,4997.86
6/10/09,5047.53,5133.4,5034.81,5051.18,25758300,5051.18
6/11/09,5039.97,5120.87,5038.03,5107.26,18470800,5107.26
6/12/09,5098.01,5108.77,5044.33,5069.24,21757100,5069.24
6/15/09,5051.35,5051.35,4886.4,4889.94,26581700,4889.94
6/16/09,4899.81,4933.79,4870.2,4890.72,22942900,4890.72
6/17/09,4883.06,4886.65,4761.2,4799.98,35484400,4799.98
6/18/09,4810.35,4858.67,4768.94,4837.48,29091500,4837.48
6/19/09,4844.82,4878.82,4816.12,4839.46,77798700,4839.46
6/22/09,4837.28,4846.09,4693.34,4693.4,29320600,4693.4
6/23/09,4680.34,4752.86,4669.8,4707.15,26326200,4707.15
6/24/09,4728.78,4840.35,4698.19,4836.01,26187600,4836.01
6/25/09,4838.04,4838.04,4720.24,4800.56,23083200,4800.56
6/26/09,4818.19,4866.8,4753.93,4776.47,22572600,4776.47
6/29/09,4768.11,4901.36,4762.61,4885.09,21406800,4885.09
6/30/09,4897.46,4905.64,4790.17,4808.64,23093900,4808.64
7/1/09,4820.61,4930.35,4818.91,4905.44,23411300,4905.44
7/2/09,4891,4891,4718.49,4718.49,25845800,4718.49
7/3/09,4738,4748.32,4685.27,4708.21,15423100,4708.21
7/6/09,4669.66,4686.9,4611.21,4651.82,19218400,4651.82
7/7/09,4663.37,4703.3,4590.69,4598.19,20505400,4598.19
7/8/09,4594.87,4630.62,4558,4572.65,22458300,4572.65
7/9/09,4600.17,4669.92,4596.32,4630.07,21032700,4630.07
7/10/09,4613.12,4644.55,4570.05,4576.31,19961800,4576.31
7/13/09,4564.94,4722.34,4524.01,4722.34,23699200,4722.34
7/14/09,4734.2,4802.98,4705.91,4781.69,24792000,4781.69
7/15/09,4799.25,4928.45,4798.69,4928.44,28678300,4928.44
7/16/09,4920.77,4998.68,4904.24,4957.19,26740800,4957.19
7/17/09,4980.01,5017.6,4960.65,4978.4,30019000,4978.4
7/20/09,5014.5,5063.6,5007.95,5030.15,21907700,5030.15
7/21/09,5041.19,5141.36,5027.3,5093.97,23944300,5093.97
7/22/09,5098.84,5137.51,5050.4,5121.56,24780000,5121.56
7/23/09,5129.22,5258.84,5101.26,5247.28,29287400,5247.28
7/24/09,5233.85,5301.91,5202.02,5229.36,30435400,5229.36
7/27/09,5269.15,5309.62,5216.49,5251.55,23239800,5251.55
7/28/09,5261.9,5304.05,5174.09,5174.74,32270300,5174.74
7/29/09,5168.89,5307.82,5159.25,5270.32,31479900,5270.32
7/30/09,5293.55,5396.95,5251.5,5360.66,36630900,5360.66
7/31/09,5349.14,5383.02,5303.69,5332.14,32450300,5332.14
8/3/09,5330.87,5463.32,5309.35,5426.85,29195700,5426.85
8/4/09,5418.83,5427.57,5360.44,5417.02,26131300,5417.02
8/5/09,5406.38,5451.77,5333.52,5353.01,30461000,5353.01
8/6/09,5389.58,5422.02,5340.36,5369.98,28714400,5369.98
8/7/09,5366.38,5480.93,5312.78,5458.96,31454900,5458.96
8/10/09,5451.79,5452.2,5390.7,5418.12,20204100,5418.12
8/11/09,5423.16,5455.18,5272.36,5285.81,27981400,5285.81
8/12/09,5283.41,5367.63,5252.15,5350.09,24946800,5350.09
8/13/09,5357.77,5455.27,5357.77,5401.11,27357600,5401.11
8/14/09,5402.99,5444.13,5289.78,5309.11,27562700,5309.11
8/17/09,5296.33,5296.33,5173.84,5201.61,27515600,5201.61
8/18/09,5218.09,5250.74,5200.47,5250.74,18722700,5250.74
8/19/09,5210.47,5253.71,5158.6,5231.98,22579000,5231.98
8/20/09,5261.66,5325.86,5261.66,5311.06,21068200,5311.06
8/21/09,5296.01,5478.18,5286.23,5462.74,43773600,5462.74
8/24/09,5482.6,5531.76,5481.36,5519.75,23621400,5519.75
8/25/09,5482.99,5575.53,5472.63,5557.09,25861600,5557.09
8/26/09,5548.77,5572.47,5500.1,5521.97,25119900,5521.97
8/27/09,5512.9,5540.43,5432.06,5470.33,26021000,5470.33
8/28/09,5512.17,5573.89,5502.46,5517.35,23480600,5517.35
8/31/09,5474.62,5495.56,5437.92,5458.04,10442600,5458.04
9/1/09,5479.35,5507.48,5327.29,5327.29,31245400,5327.29
9/2/09,5325.94,5337.84,5263.11,5319.84,30401300,5319.84
9/3/09,5332.5,5364.03,5278.5,5301.42,25969000,5301.42
9/4/09,5328.59,5404.3,5320.28,5384.43,28535100,5384.43
9/7/09,5400.76,5477.13,5400.76,5463.51,0,5463.51
9/8/09,5474.69,5502.77,5455.38,5481.73,24068900,5481.73
9/9/09,5463.93,5578.15,5450.4,5574.26,33252700,5574.26
9/10/09,5596.45,5626.97,5547.37,5594.77,35105200,5594.77
9/11/09,5601.65,5653.15,5601.65,5624.02,28638300,5624.02
9/14/09,5599.58,5623.74,5532.3,5620.24,25630700,5620.24
9/15/09,5637.21,5649.66,5584.53,5628.98,28593800,5628.98
9/16/09,5640.99,5713.49,5640.94,5700.26,33861400,5700.26
9/17/09,5722.37,5748.24,5703.22,5731.14,36632800,5731.14
9/18/09,5711.34,5760.83,5701.04,5703.83,80596500,5703.83
9/21/09,5698.53,5698.53,5617.8,5668.65,28144700,5668.65
9/22/09,5686.84,5752.7,5686.84,5709.38,24712900,5709.38
9/23/09,5705.88,5754.04,5672.08,5702.05,25850700,5702.05
9/24/09,5684.49,5741.54,5586.23,5605.21,31832400,5605.21
9/25/09,5615.79,5620.13,5559.47,5581.41,26511700,5581.41
9/28/09,5595.36,5736.31,5554.53,5736.31,34622600,5736.31
9/29/09,5736.79,5756.26,5690.19,5713.52,30271200,5713.52
9/30/09,5728.48,5744.59,5619.48,5675.16,37489600,5675.16
10/1/09,5681.88,5726.97,5554.25,5554.55,32326700,5554.55
10/2/09,5532.65,5536.63,5442.32,5467.9,37569300,5467.9
10/5/09,5477.81,5511.64,5440.23,5508.85,25126700,5508.85
10/6/09,5518.69,5662.01,5518.69,5657.64,34041100,5657.64
10/7/09,5650.25,5690.92,5626.38,5640.75,26751200,5640.75
10/8/09,5679.51,5727.87,5666.79,5716.54,32363200,5716.54
10/9/09,5701.49,5748.33,5673.69,5711.88,25213600,5711.88
10/12/09,5727.31,5814.21,5727.31,5783.23,27102500,5783.23
10/13/09,5777.89,5786.92,5695.16,5714.31,26792600,5714.31
10/14/09,5756.69,5859.63,5756.65,5854.14,45128000,5854.14
10/15/09,5853.45,5869.22,5805.9,5830.77,35968200,5830.77
10/16/09,5845.69,5885.78,5731.05,5743.39,44943400,5743.39
10/19/09,5761.3,5857.13,5761.3,5852.56,29384000,5852.56
10/20/09,5856.13,5888.21,5801.44,5811.77,30890800,5811.77
10/21/09,5827.09,5858.19,5736.85,5833.49,37291500,5833.49
10/22/09,5805.53,5805.92,5712.82,5762.93,30967600,5762.93
10/23/09,5787.98,5848.68,5731.69,5740.25,27025500,5740.25
10/26/09,5764.03,5799.42,5624.1,5642.16,31113500,5642.16
10/27/09,5652.87,5673.19,5597.63,5635.02,35608800,5635.02
10/28/09,5639.64,5646.01,5493.59,5496.27,50470000,5496.27
10/29/09,5491.96,5590.22,5461.55,5587.45,41226200,5587.45
10/30/09,5593.15,5597.3,5394.8,5414.96,37016100,5414.96
11/2/09,5410.61,5472.03,5376.63,5430.82,29600000,5430.82
11/3/09,5412.06,5412.06,5312.64,5353.35,36175300,5353.35
11/4/09,5378.16,5471,5364.92,5444.23,31275400,5444.23
11/5/09,5404.83,5512,5356.13,5480.92,34137800,5480.92
11/6/09,5464.55,5526.86,5410.54,5488.25,29006400,5488.25
11/9/09,5514.34,5626.15,5514.34,5619.72,26023700,5619.72
11/10/09,5627.16,5650.88,5602.55,5613.2,25141700,5613.2
11/11/09,5633.09,5705.89,5633.09,5668.35,26517200,5668.35
11/12/09,5657.9,5726.38,5632.77,5663.96,27014900,5663.96
11/13/09,5661.82,5700.51,5615.68,5686.83,23373200,5686.83
11/16/09,5717.46,5812.84,5717.46,5804.82,30974400,5804.82
11/17/09,5788.46,5802.32,5760.53,5778.43,24417600,5778.43
11/18/09,5793.39,5843.27,5770.66,5787.61,28561500,5787.61
11/19/09,5783.91,5791.83,5688.64,5702.18,25255700,5702.18
11/20/09,5724.93,5744.53,5638.33,5663.15,37529200,5663.15
11/23/09,5689.38,5823.18,5689.38,5801.48,23212100,5801.48
11/24/09,5762.57,5814.18,5745.57,5769.31,25722300,5769.31
11/25/09,5794.66,5825.69,5753.86,5803.02,25126300,5803.02
11/26/09,5785.09,5785.12,5596.98,5614.17,33803100,5614.17
11/27/09,5580.52,5718.53,5519.48,5685.61,32389800,5685.61
11/30/09,5691.84,5718.34,5607.82,5625.95,32196800,5625.95
12/1/09,5653.88,5776.61,5653.08,5776.61,31732000,5776.61
12/2/09,5771.5,5813.23,5752.26,5781.68,30434200,5781.68
12/3/09,5805.14,5852.87,5754.98,5770.35,32752200,5770.35
12/4/09,5752.86,5859.34,5724.27,5817.65,31793400,5817.65
12/7/09,5812.11,5812.69,5743.17,5784.75,22623200,5784.75
12/8/09,5764.3,5809.8,5659.4,5688.58,29652400,5688.58
12/9/09,5673.2,5712.19,5605.43,5647.84,26700900,5647.84
12/10/09,5646.65,5741.8,5636.96,5709.02,22981500,5709.02
12/11/09,5714.43,5793.07,5714.43,5756.29,27790100,5756.29
12/14/09,5803.2,5827.25,5778.83,5802.26,23530900,5802.26
12/15/09,5815.83,5828.24,5752.21,5811.34,24764000,5811.34
12/16/09,5812.88,5903.43,5812.19,5903.43,34178500,5903.43
12/17/09,5884.16,5891.37,5833.9,5844.44,29334400,5844.44
12/18/09,5846.97,5900.62,5829.64,5831.21,74691800,5831.21
12/21/09,5841.81,5936.27,5841.69,5930.53,24620500,5930.53
12/22/09,5939.2,5981.98,5929.67,5945.69,20790700,5945.69
12/23/09,5966.11,5988.28,5935.14,5957.44,15732300,5957.44
12/28/09,5977.99,6011.28,5977.99,6002.92,11077100,6002.92
12/29/09,6010.92,6026.69,6001.22,6011.55,13021500,6011.55
12/30/09,6002.29,6008.75,5949.45,5957.43,9467800,5957.43
1/4/10,5975.52,6048.3,5974.43,6048.3,24260800,6048.3
1/5/10,6043.94,6058.02,6015.67,6031.86,27329600,6031.86
1/6/10,6032.39,6047.57,5997.09,6034.33,24605300,6034.33
1/7/10,6016.8,6037.57,5961.25,6019.36,30059600,6019.36
1/8/10,6028.62,6053.04,5972.24,6037.61,31735200,6037.61
1/11/10,6057.93,6094.26,6031.14,6040.5,27162500,6040.5
1/12/10,6039.39,6055.56,5924.72,5943,35242500,5943
1/13/10,5937.17,5974.44,5925.24,5963.14,30161300,5963.14
1/14/10,5999.08,6009.91,5951.69,5988.88,33479000,5988.88
1/15/10,5996.56,6025.36,5866.84,5875.97,46886700,5875.97
1/18/10,5897.63,5922.93,5877.65,5918.55,20918000,5918.55
1/19/10,5905.33,5988.8,5849.67,5976.48,29504500,5976.48
1/20/10,5963.71,5972.77,5832.09,5851.53,32339400,5851.53
1/21/10,5878.24,5908.85,5742.45,5746.97,39063300,5746.97
1/22/10,5735.68,5740.87,5639.49,5695.32,47739600,5695.32
1/25/10,5662.85,5693.86,5624.58,5631.37,33562000,5631.37
1/26/10,5593.94,5675.96,5574.46,5668.93,42243000,5668.93
1/27/10,5643.52,5673.73,5589.01,5643.2,38209400,5643.2
1/28/10,5687.1,5718.81,5540.33,5540.33,44525700,5540.33
1/29/10,5566.03,5657.87,5556.19,5608.79,41892900,5608.79
2/1/10,5587.5,5674.21,5567.72,5654.48,30622000,5654.48
2/2/10,5664.25,5723.2,5624.61,5709.66,31530300,5709.66
2/3/10,5715.16,5733.71,5656.9,5672.09,35285100,5672.09
2/4/10,5671.17,5696.94,5522.57,5533.24,43787300,5533.24
2/5/10,5515.69,5527,5433.02,5434.34,56173500,5434.34
2/8/10,5476.47,5505.06,5434.4,5484.85,34475500,5484.85
2/9/10,5485.31,5537.97,5461.51,5498.26,34406000,5498.26
2/10/10,5533.71,5592.27,5505.37,5536.37,33831200,5536.37
2/11/10,5562.83,5580.77,5454.07,5503.93,32636900,5503.93
2/12/10,5550.45,5565.43,5460.05,5500.39,30096300,5500.39
2/15/10,5525.74,5547.14,5502.49,5511.1,14732800,5511.1
2/16/10,5573.07,5592.12,5498.07,5592.12,27671800,5592.12
2/17/10,5640.17,5682.36,5634.98,5648.34,32105200,5648.34
2/18/10,5645.63,5691.6,5626.08,5680.41,34666100,5680.41
2/19/10,5627.26,5729.58,5626.57,5722.05,37978900,5722.05
2/22/10,5741,5743.89,5683.61,5688.44,23709800,5688.44
2/23/10,5715.63,5732.14,5584.47,5604.07,33399600,5604.07
2/24/10,5622.31,5639.71,5572.25,5615.51,30482300,5615.51
2/25/10,5562.7,5655.75,5518.27,5532.33,38160100,5532.33
2/26/10,5588.99,5605.1,5530.19,5598.46,32942100,5598.46
3/1/10,5652.85,5717.72,5641.18,5713.51,28803000,5713.51
3/2/10,5728.28,5780.14,5709.74,5776.56,28856200,5776.56
3/3/10,5759.22,5828.8,5750.3,5817.88,29965900,5817.88
3/4/10,5773.86,5823.11,5767.65,5795.32,27443200,5795.32
3/5/10,5816.19,5880.25,5808.36,5877.36,31100200,5877.36
3/8/10,5891.74,5894.19,5865.44,5875.91,25009000,5875.91
3/9/10,5872.57,5900.16,5838.17,5885.89,24946200,5885.89
3/10/10,5882.76,5951.93,5874.75,5936.72,27233400,5936.72
3/11/10,5913.17,5954.55,5906.84,5928.63,26188100,5928.63
3/12/10,5944.57,5989.88,5934.15,5945.11,32115200,5945.11
3/15/10,5933.63,5953.19,5898.22,5903.56,22773300,5903.56
3/16/10,5935.19,5991.11,5930.34,5970.99,26636800,5970.99
3/17/10,5999.31,6035.95,5991.21,6024.28,33973300,6024.28
3/18/10,6005.29,6039.39,5995.68,6012.31,29637800,6012.31
3/19/10,6031.73,6041.95,5956.65,5982.43,90135600,5982.43
3/22/10,5960.85,5987.5,5910.85,5987.5,28205900,5987.5
3/23/10,5987.09,6030.94,5981.35,6017.27,29921800,6017.27
3/24/10,6038,6044.64,5964.76,6039,33523800,6039
3/25/10,6043.84,6139.5,6038.05,6132.95,36091500,6132.95
3/26/10,6125.87,6135.95,6105.67,6120.05,34200900,6120.05
3/29/10,6150.17,6172.85,6128.21,6156.85,25749600,6156.85
3/30/10,6187.64,6203.5,6135.51,6142.45,31262900,6142.45
3/31/10,6139.4,6162.18,6108.23,6153.55,34364600,6153.55
4/1/10,6189.38,6238.57,6186.59,6235.56,29546500,6235.56
4/5/10,6235.56,6235.56,6235.56,6235.56,0,6235.56
4/6/10,6250.01,6265.32,6214.18,6252.21,29445700,6252.21
4/7/10,6248.37,6256.4,6208.52,6222.41,28689600,6222.41
4/8/10,6199.94,6207.14,6138.02,6171.83,30684300,6171.83
4/9/10,6226.26,6254.49,6216.6,6249.7,30543800,6249.7
4/12/10,6283.81,6285.03,6223.78,6250.69,24311600,6250.69
4/13/10,6236.28,6251.46,6199.71,6230.83,28970000,6230.83
4/14/10,6269.48,6305.15,6249.92,6278.4,33812600,6278.4
4/15/10,6286.63,6310.76,6249.74,6291.45,31402600,6291.45
4/16/10,6264.65,6305.4,6162.84,6180.9,80519400,6180.9
4/19/10,6158.6,6190.86,6140.38,6162.44,38311800,6162.44
4/20/10,6193.5,6267.54,6172.57,6264.23,42345100,6264.23
4/21/10,6280.54,6281.38,6229.18,6230.38,46312400,6230.38
4/22/10,6229.23,6286.36,6141.07,6168.72,61398300,6168.72
4/23/10,6192.62,6287.54,6170.39,6259.53,42665300,6259.53
4/26/10,6317.13,6341.52,6299.58,6332.1,35338000,6332.1
4/27/10,6332.4,6333,6159.51,6159.51,56206000,6159.51
4/28/10,6141.01,6159.02,6024.01,6084.34,77665900,6084.34
4/29/10,6110.56,6159.41,6073.37,6144.91,64846600,6144.91
4/30/10,6155.57,6205.72,6085.62,6135.7,68821500,6135.7
5/3/10,6122.76,6190.07,6089.93,6166.92,30275500,6166.92
5/4/10,6176.24,6197,5995.43,6006.86,62448200,6006.86
5/5/10,6021.06,6031.09,5929.35,5958.45,73549600,5958.45
5/6/10,5919.94,6009.48,5884.39,5908.26,79638100,5908.26
5/7/10,5790.67,5905.35,5655.18,5715.09,89479600,5715.09
5/10/10,5814.41,6017.91,5805.98,6017.91,81524900,6017.91
5/11/10,5922.03,6042.11,5918.14,6037.71,46839700,6037.71
5/12/10,6026.06,6217.24,6006.31,6183.49,53109300,6183.49
5/13/10,6240.67,6276.8,6196.89,6251.97,34774900,6251.97
5/14/10,6226.49,6233.71,6014.78,6056.71,50055800,6056.71
5/17/10,6029.91,6151.54,6026.32,6066.92,40514200,6066.92
5/18/10,6144.08,6181.26,6113.87,6155.93,34243400,6155.93
5/19/10,6091.85,6124.81,5972.17,5988.67,51424000,5988.67
5/20/10,6023.11,6043.84,5780.73,5867.88,57232900,5867.88
5/21/10,5835.22,5872.65,5689.18,5829.25,122848200,5829.25
5/24/10,5858.45,5872.07,5733.57,5805.68,24457800,5805.68
5/25/10,5659.59,5690.25,5607.68,5670.04,48243900,5670.04
5/26/10,5735.46,5828.37,5721.02,5758.02,46121000,5758.02
5/27/10,5802.64,5952.21,5802.36,5937.14,56115700,5937.14
5/28/10,5962.84,5980.78,5927.31,5946.18,30768600,5946.18
5/31/10,5933.58,5993.94,5931.2,5964.33,12898800,5964.33
6/1/10,5943.94,6012.04,5833.61,5981.27,32624200,5981.27
6/2/10,5923.48,5992.21,5869.35,5981.2,27324700,5981.2
6/3/10,6075.68,6101.83,6046.38,6054.63,27857500,6054.63
6/4/10,6081.47,6114.58,5912.9,5938.88,36808500,5938.88
6/7/10,5876.48,5954.47,5851.93,5904.95,32367400,5904.95
6/8/10,5916.86,5922.95,5798.76,5868.55,47791900,5868.55
6/9/10,5895.94,5993.93,5832.97,5984.75,33300400,5984.75
6/10/10,5959.11,6089.43,5925.06,6056.59,36840800,6056.59
6/11/10,6082.9,6084.7,5983.27,6047.83,35919300,6047.83
6/14/10,6113.46,6137.25,6093.38,6125,28207400,6125
6/15/10,6089.32,6194.25,6089.32,6175.05,29784300,6175.05
6/16/10,6203.01,6207.3,6143.18,6190.91,32408100,6190.91
6/17/10,6181.77,6241.36,6164.99,6223.54,31423100,6223.54
6/18/10,6223.88,6256.55,6189.71,6216.98,106356600,6216.98
6/21/10,6320.41,6330.81,6263.41,6292.97,26997700,6292.97
6/22/10,6254.86,6295.58,6216.39,6269.04,25040800,6269.04
6/23/10,6219.2,6271.85,6178.84,6204.52,26377700,6204.52
6/24/10,6232.38,6235.48,6097.01,6115.48,30445200,6115.48
6/25/10,6116.23,6149.87,6039.56,6070.6,28816200,6070.6
6/28/10,6097.37,6168.99,6059.83,6157.22,22344600,6157.22
6/29/10,6061.68,6068.82,5935.35,5952.03,33993600,5952.03
6/30/10,5972.26,6001.03,5938.2,5965.52,29491100,5965.52
7/1/10,5885.61,5953.84,5827.25,5857.43,37447100,5857.43
7/2/10,5885.22,5941.22,5833.12,5834.15,27871200,5834.15
7/5/10,5853.75,5861.05,5809.37,5816.2,15694000,5816.2
7/6/10,5847.47,5995.64,5842.07,5940.98,28958800,5940.98
7/7/10,5896.18,5997.82,5848.66,5992.86,31101600,5992.86
7/8/10,6025.86,6057.52,6006.68,6035.66,30229900,6035.66
7/9/10,6070.47,6078.56,6039.31,6065.24,21628200,6065.24
7/12/10,6079.95,6119.7,6061.84,6077.19,18200900,6077.19
7/13/10,6078.34,6200.82,6076.14,6191.13,31375300,6191.13
7/14/10,6215.23,6226.54,6161.13,6209.76,26012000,6209.76
7/15/10,6187.78,6248.07,6127.36,6149.36,29997400,6149.36
7/16/10,6165.51,6205.44,6018.64,6040.27,45476800,6040.27
7/19/10,6034.87,6083.12,5993.55,6009.11,22770200,6009.11
7/20/10,6039.16,6052.51,5906.04,5967.49,25462800,5967.49
7/21/10,6011.72,6060.49,5976.92,5990.38,22813700,5990.38
7/22/10,5971.09,6148.13,5961.86,6142.15,30219900,6142.15
7/23/10,6125.26,6190.24,6112.5,6166.34,25071000,6166.34
7/26/10,6201.02,6201.14,6131.91,6194.21,19436700,6194.21
7/27/10,6211.1,6253.64,6189.96,6207.31,40151400,6207.31
7/28/10,6238.71,6249.16,6147.57,6178.94,28763900,6178.94
7/29/10,6202.78,6243.42,6124.45,6134.7,32422600,6134.7
7/30/10,6123.41,6184.54,6059.19,6147.97,30874800,6147.97
8/2/10,6187.64,6304.26,6182.68,6292.13,30825200,6292.13
8/3/10,6279.95,6310.32,6265.61,6307.91,28444300,6307.91
8/4/10,6287.65,6361.67,6264.28,6331.33,29295200,6331.33
8/5/10,6332.82,6382.56,6321.38,6333.58,33586300,6333.58
8/6/10,6361.09,6386.97,6244.69,6259.63,36121700,6259.63
8/9/10,6326.62,6356.41,6318.12,6351.6,21595500,6351.6
8/10/10,6315.87,6333.25,6247.62,6286.25,24146100,6286.25
8/11/10,6234.6,6236.57,6143.58,6154.07,30207000,6154.07
8/12/10,6141.9,6173.42,6097.72,6135.17,30582400,6135.17
8/13/10,6163.11,6168.71,6068.82,6110.41,27177100,6110.41
8/16/10,6132.78,6156.57,6062.29,6110.57,20988900,6110.57
8/17/10,6125.32,6215.35,6123.79,6206.4,26084800,6206.4
8/18/10,6183.12,6216.55,6155.51,6186.31,22856200,6186.31
8/19/10,6216.33,6229.46,6070.83,6075.13,30652900,6075.13
8/20/10,6079.91,6097.35,5999.63,6005.16,33860400,6005.16
8/23/10,6017.19,6055.23,5995.37,6010.91,19657100,6010.91
8/24/10,5962.87,5975.83,5869.3,5935.44,26305300,5935.44
8/25/10,5925.48,5954.96,5837.9,5899.5,29686600,5899.5
8/26/10,5937.27,5948.91,5896.52,5912.58,23078700,5912.58
8/27/10,5899.99,5957.32,5845.49,5951.17,26027900,5951.17
8/30/10,5973.48,5978.19,5889.84,5912.41,13770700,5912.41
8/31/10,5846.03,5925.81,5833.51,5925.22,28331400,5925.22
9/1/10,5936.94,6087.94,5876.43,6083.9,34019300,6083.9
9/2/10,6071.56,6104.09,6052.55,6083.85,27498300,6083.85
9/3/10,6091.66,6178.01,6088.26,6134.62,28219900,6134.62
9/6/10,6156.29,6164.93,6140.98,6155.04,17930500,6155.04
9/7/10,6136.92,6138.93,6083.2,6117.89,20940300,6117.89
9/8/10,6099.33,6180.38,6062.65,6164.44,27335100,6164.44
9/9/10,6141.84,6233.07,6133.99,6221.52,28191500,6221.52
9/10/10,6186.22,6224.65,6182.56,6214.77,29874500,6214.77
9/13/10,6258.51,6290.87,6231.52,6261.68,28716900,6261.68
9/14/10,6261.78,6287.78,6231.38,6275.41,31979400,6275.41
9/15/10,6282.52,6288.2,6227.2,6261.87,27933900,6261.87
9/16/10,6255.14,6281.1,6233.97,6249.65,29403500,6249.65
9/17/10,6297.93,6321.2,6185.74,6209.76,83782200,6209.76
9/20/10,6231.28,6301.63,6219.85,6294.58,28489200,6294.58
9/21/10,6281.07,6339.97,6275.98,6275.98,36518100,6275.98
9/22/10,6286.33,6297.4,6192.43,6208.33,38750300,6208.33
9/23/10,6252.31,6263.74,6129.44,6184.71,32363100,6184.71
9/24/10,6173.89,6310.28,6146.42,6298.3,36674600,6298.3
9/27/10,6307.87,6324.09,6272.17,6278.89,28926800,6278.89
9/28/10,6258.2,6311.92,6197.96,6276.09,34090000,6276.09
9/29/10,6296.28,6326.34,6223.14,6246.92,34768700,6246.92
9/30/10,6214.02,6339.36,6204.69,6229.02,38524700,6229.02
10/1/10,6244.06,6293.09,6187.22,6211.34,40205100,6211.34
10/4/10,6205,6210.25,6128.54,6134.21,28583000,6134.21
10/5/10,6132.12,6233.45,6115.87,6215.83,33121300,6215.83
10/6/10,6248.81,6289.56,6242.52,6270.73,35882100,6270.73
10/7/10,6278.61,6321.79,6233.14,6276.25,30503800,6276.25
10/8/10,6269.48,6295.09,6239.43,6291.67,30996700,6291.67
10/11/10,6308.43,6325.31,6289.36,6309.51,20361900,6309.51
10/12/10,6257.03,6316.77,6228.39,6304.57,29308300,6304.57
10/13/10,6339.76,6456.27,6335.22,6434.52,39405000,6434.52
10/14/10,6446.32,6485.71,6445.32,6455.27,31846200,6455.27
10/15/10,6478,6512.78,6438.78,6492.3,48250000,6492.3
10/18/10,6465.83,6533.83,6462.59,6516.63,25772600,6516.63
10/19/10,6508.36,6544.79,6472.18,6490.69,29970200,6490.69
10/20/10,6470.3,6527.85,6461.48,6524.55,26325000,6524.55
10/21/10,6514.99,6621.84,6504.66,6611.01,30509500,6611.01
10/22/10,6594.9,6623.94,6586.4,6605.84,24196400,6605.84
10/25/10,6645.45,6668.54,6625.83,6639.21,23578000,6639.21
10/26/10,6634.24,6645.7,6580.28,6613.8,31144200,6613.8
10/27/10,6591.24,6629.13,6553.25,6568,37387200,6568
10/28/10,6600.28,6644.61,6576.02,6595.28,34311700,6595.28
10/29/10,6585.97,6630.98,6569.25,6601.37,33007700,6601.37
11/1/10,6637.09,6670.9,6586.01,6604.86,25403100,6604.86
11/2/10,6600.41,6668.93,6597.46,6654.31,24046400,6654.31
11/3/10,6666.07,6682.91,6604.75,6617.8,27328100,6617.8
11/4/10,6677.78,6757.29,6676.42,6734.69,39901300,6734.69
11/5/10,6743.56,6775.17,6712.47,6754.2,35627200,6754.2
11/8/10,6746.44,6759.41,6728.35,6750.5,25373400,6750.5
11/9/10,6742.05,6810.86,6736.63,6787.81,32465800,6787.81
11/10/10,6759.59,6783.69,6684.22,6719.84,41237200,6719.84
11/11/10,6747.8,6750.39,6700.47,6723.41,34122100,6723.41
11/12/10,6650.92,6758.59,6617.97,6734.61,37468500,6734.61
11/15/10,6705.13,6812.96,6679.69,6790.17,34458600,6790.17
11/16/10,6751.13,6772.01,6663.15,6663.24,33355900,6663.24
11/17/10,6658.99,6705.19,6653.57,6700.07,24864000,6700.07
11/18/10,6765.7,6835.54,6754.4,6832.11,29329200,6832.11
11/19/10,6841.37,6854.09,6794.43,6843.55,42738800,6843.55
11/22/10,6892.02,6901.93,6805.97,6822.05,29098500,6822.05
11/23/10,6791.75,6827.83,6705,6705,35161100,6705
11/24/10,6740.61,6833.7,6701.98,6823.8,37293500,6823.8
11/25/10,6834.68,6885.81,6823.19,6879.66,26295500,6879.66
11/26/10,6842.39,6871.71,6778.6,6848.98,31534500,6848.98
11/29/10,6867.77,6907.61,6697.97,6697.97,38812100,6697.97
11/30/10,6732.59,6763.52,6655.94,6688.49,40637400,6688.49
12/1/10,6748.36,6868.81,6736.69,6866.63,39402600,6866.63
12/2/10,6895.77,6958.69,6840.65,6957.61,42149200,6957.61
12/3/10,6947.31,6977.91,6914.5,6947.72,33961600,6947.72
12/6/10,6970.24,6971.95,6926.57,6954.38,26083600,6954.38
12/7/10,6987.88,7042.67,6962.1,7001.91,33585700,7001.91
12/8/10,6976.19,7013.53,6956.67,6975.87,31056900,6975.87
12/9/10,7017.99,7021.31,6947.9,6964.16,45373100,6964.16
12/10/10,6987.69,7018.11,6973.32,7006.17,29143200,7006.17
12/13/10,7027.58,7044.87,7017.6,7029.39,23170800,7029.39
12/14/10,7024.79,7032.65,7011.14,7027.4,23583600,7027.4
12/15/10,7007.49,7029.74,6964.13,7016.37,31593300,7016.37
12/16/10,7012.99,7033.03,6991.69,7024.4,25254100,7024.4
12/17/10,7042.83,7043.15,6980.18,6982.45,76014900,6982.45
12/20/10,7000.38,7068.56,6992.67,7018.6,25113400,7018.6
12/21/10,7045.25,7087.84,7042.98,7077.99,22804500,7077.99
12/22/10,7079.22,7084.1,7067.71,7067.92,18508800,7067.92
12/23/10,7083.08,7083.08,7042.58,7057.69,14089000,7057.69
12/27/10,7055.32,7056.34,6943.05,6970.73,15536800,6970.73
12/28/10,6984.85,6990.81,6957.65,6972.1,11623400,6972.1
12/29/10,6989.54,7008.31,6981.79,6995.47,12671600,6995.47
12/30/10,6996.56,7008.12,6897.22,6914.19,14052700,6914.19
12/31/10,6914.19,6914.19,6914.19,6914.19,0,6914.19
1/3/11,6973.39,7026.62,6969.83,6989.74,20366700,6989.74
1/4/11,6979.68,7025.86,6952.02,6975.35,28821900,6975.35
1/5/11,6966.08,6967.24,6842.9,6939.82,42598700,6939.82
1/6/11,6949.48,7047.59,6949.07,6981.39,30272800,6981.39
1/7/11,6991.55,7010.89,6939.88,6947.84,29836200,6947.84
1/10/11,6920.36,6941.39,6835.74,6857.06,28413200,6857.06
1/11/11,6879.39,6951.19,6860.52,6941.57,36660200,6941.57
1/12/11,6958.84,7070.4,6958.5,7068.78,38486700,7068.78
1/13/11,7075.54,7084.07,7036.09,7075.11,44048700,7075.11
1/14/11,7055.42,7083.02,7015.35,7075.7,42432900,7075.7
1/17/11,7072.75,7087.43,7055.83,7078.06,24861600,7078.06
1/18/11,7100.48,7156.25,7099.12,7143.45,37225200,7143.45
1/19/11,7163.37,7165,7077.23,7082.76,36740100,7082.76
1/20/11,7074.89,7084.24,7008.62,7024.27,48538600,7024.27
1/21/11,7047.7,7122.89,7023.69,7062.42,64352000,7062.42
1/24/11,7080.78,7089.62,7000.41,7067.77,49538600,7067.77
1/25/11,7096.84,7102.08,7043.64,7059.01,51252800,7059.01
1/26/11,7092.89,7160.86,7087.25,7127.35,38158300,7127.35
1/27/11,7120.64,7180.15,7114.35,7155.58,38526300,7155.58
1/28/11,7155.47,7177.23,7102.8,7102.8,34172300,7102.8
1/31/11,7094.56,7107.37,7033.09,7077.48,31186300,7077.48
2/1/11,7133.34,7190.75,7105.31,7184.27,38952900,7184.27
2/2/11,7202.62,7222.13,7160.36,7183.67,40675400,7183.67
2/3/11,7175.75,7198.98,7144.08,7193.68,34878500,7193.68
2/4/11,7216.66,7226.64,7186.24,7216.21,31836400,7216.21
2/7/11,7222.05,7287.66,7214.05,7283.62,31565200,7283.62
2/8/11,7274.17,7325.03,7272.8,7323.24,35605000,7323.24
2/9/11,7319.12,7350.78,7310.44,7320.9,28514000,7320.9
2/10/11,7322.62,7340.87,7269.53,7340.28,36583200,7340.28
2/11/11,7320.07,7390.48,7283.87,7371.2,34588400,7371.2
2/14/11,7403.83,7424.36,7378.41,7396.63,26660000,7396.63
2/15/11,7397.68,7420.69,7376.24,7400.04,36099500,7400.04
2/16/11,7414.23,7438.42,7399.82,7414.3,45810600,7414.3
2/17/11,7429,7434.93,7364.04,7405.51,37389200,7405.51
2/18/11,7422.11,7427.3,7379.94,7426.81,49458200,7426.81
2/21/11,7412.06,7441.82,7310.69,7321.81,32484400,7321.81
2/22/11,7293.11,7350.95,7259.67,7318.35,39212800,7318.35
2/23/11,7295.12,7310.73,7183.3,7194.6,36741300,7194.6
2/24/11,7134.7,7156.05,7093.91,7130.5,47085000,7130.5
2/25/11,7139.88,7194.02,7130.15,7185.17,34238300,7185.17
2/28/11,7173.59,7305.49,7148.94,7272.32,35941200,7272.32
3/1/11,7309.8,7356.33,7193.78,7223.3,36894600,7223.3
3/2/11,7169.04,7202.58,7122.69,7181.12,36461600,7181.12
3/3/11,7225.23,7294.04,7191.14,7225.96,31783400,7225.96
3/4/11,7262.54,7311.25,7157.12,7178.9,33634300,7178.9
3/7/11,7137.81,7270.81,7127.31,7161.93,28893000,7161.93
3/8/11,7211.06,7222.16,7072.47,7164.75,35838600,7164.75
3/9/11,7177.55,7217.54,7109.26,7131.8,35117700,7131.8
3/10/11,7078.69,7109.71,7021.95,7063.09,39693500,7063.09
3/11/11,7002.26,7014.02,6963.31,6981.49,46873100,6981.49
3/14/11,6896.31,6946.44,6847.94,6866.63,54185000,6866.63
3/15/11,6668.99,6714.83,6483.39,6647.66,89815800,6647.66
3/16/11,6696.31,6733.03,6501.85,6513.84,60220200,6513.84
3/17/11,6557.85,6692.83,6517.18,6656.88,48466700,6656.88
3/18/11,6715.17,6761.31,6655.69,6664.4,103186200,6664.4
3/21/11,6782.3,6829.75,6781.3,6816.12,49218800,6816.12
3/22/11,6823.08,6826.03,6765.06,6780.97,32898100,6780.97
3/23/11,6749.18,6807.38,6720.02,6804.45,30670600,6804.45
3/24/11,6798.08,6941.72,6787.04,6933.58,33874800,6933.58
3/25/11,6971.77,6985.25,6920.57,6946.36,27188200,6946.36
3/28/11,6931.86,6981.19,6915.58,6938.63,23172600,6938.63
3/29/11,6952.51,6960.16,6867.42,6934.44,27010700,6934.44
3/30/11,7010.77,7065.27,7002.77,7057.15,33168800,7057.15
3/31/11,7068.29,7079.76,7041.31,7041.31,31320500,7041.31
4/1/11,7086.56,7192.38,7086.56,7179.81,36017900,7179.81
4/4/11,7178.59,7200.26,7168.24,7175.33,24799500,7175.33
4/5/11,7174.69,7186.35,7129.41,7175.31,33963400,7175.31
4/6/11,7197.37,7242.69,7157.68,7215.11,35036600,7215.11
4/7/11,7212.46,7241.09,7175.35,7178.78,33798000,7178.78
4/8/11,7226.79,7232.87,7195.44,7217.02,31782400,7217.02
4/11/11,7215.34,7224.74,7157.33,7204.86,31582800,7204.86
4/12/11,7131.44,7177.74,7089.17,7102.91,45427200,7102.91
4/13/11,7135.21,7201.12,7122.51,7177.97,46087100,7177.97
4/14/11,7160.99,7184.93,7099.66,7146.56,31142900,7146.56
4/15/11,7166.98,7193.38,7144.96,7178.29,59044100,7178.29
4/18/11,7165.99,7174.75,6994.56,7026.85,40413800,7026.85
4/19/11,7050.85,7078.79,7027.04,7039.31,38697300,7039.31
4/20/11,7137.1,7261.26,7136.74,7249.19,47939500,7249.19
4/21/11,7294.58,7316.53,7280.1,7295.49,32311400,7295.49
4/25/11,7295.49,7295.49,7295.49,7295.49,0,7295.49
4/26/11,7288.77,7359.97,7278.52,7356.51,24123700,7356.51
4/27/11,7374.11,7428.72,7361.24,7404.95,33012900,7404.95
4/28/11,7450.57,7480.33,7426.62,7475.22,53112200,7475.22
4/29/11,7475,7514.69,7461.53,7514.46,35600000,7514.46
5/2/11,7570.86,7600.41,7527.64,7527.64,27700000,7527.64
5/3/11,7518.6,7523.68,7446.83,7500.7,53527000,7500.7
5/4/11,7475.18,7534.26,7355.4,7373.93,66109600,7373.93
5/5/11,7416.38,7423.96,7291.39,7376.96,66841700,7376.96
5/6/11,7391.04,7501.63,7362.55,7492.25,62720800,7492.25
5/9/11,7461.35,7489.09,7379.97,7410.52,41079200,7410.52
5/10/11,7446.44,7533.86,7423.33,7501.52,33452900,7501.52
5/11/11,7526.56,7566.41,7469.63,7495.05,40487200,7495.05
5/12/11,7438.02,7443.95,7356.76,7443.95,51671100,7443.95
5/13/11,7486.2,7511.09,7391.14,7403.31,34958000,7403.31
5/16/11,7348.12,7402.52,7284.96,7387.54,36801300,7387.54
5/17/11,7346.81,7368.98,7253.89,7256.65,33967300,7256.65
5/18/11,7325.85,7340.54,7261.29,7303.53,27277100,7303.53
5/19/11,7360.47,7415.65,7316.74,7358.23,33279100,7358.23
5/20/11,7372.18,7410.31,7228.13,7266.82,81539300,7266.82
5/23/11,7158.08,7166.15,7105.2,7121.52,37996000,7121.52
5/24/11,7129.94,7202.21,7128.04,7150.66,33377800,7150.66
5/25/11,7079.25,7183.8,7071.42,7170.94,47196600,7170.94
5/26/11,7202.72,7217.24,7087.32,7114.09,46009500,7114.09
5/27/11,7205.13,7208.48,7115.48,7163.47,30986900,7163.47
5/30/11,7165,7204.16,7146.98,7160.3,0,7160.3
5/31/11,7240.12,7319.69,7238.77,7293.69,44550500,7293.69
6/1/11,7310.56,7314.66,7193.89,7217.43,33434200,7217.43
6/2/11,7155.86,7157.59,7074.12,7074.12,24048200,7074.12
6/3/11,7101.48,7120.12,7021.36,7109.03,32161500,7109.03
6/6/11,7095.4,7124.31,7062.73,7084.57,25762500,7084.57
6/7/11,7094.14,7147.63,7086.9,7103.25,27143900,7103.25
6/8/11,7076.31,7089.15,6991.62,7060.23,32893900,7060.23
6/9/11,7061.87,7183.78,7035.86,7159.66,33056200,7159.66
6/10/11,7152.55,7182.83,7050.84,7069.9,33949100,7069.9
6/13/11,7075.91,7123.88,7040.42,7085.14,15918000,7085.14
6/14/11,7165.14,7231.49,7161.21,7204.79,30373600,7204.79
6/15/11,7178.05,7202.17,7093.23,7115.08,33491000,7115.08
6/16/11,7062.18,7111.64,7017.98,7110.2,39600000,7110.2
6/17/11,7084.27,7224.11,7037.24,7164.05,80652900,7164.05
6/20/11,7078.59,7158.24,7063.86,7150.21,26636300,7150.21
6/21/11,7202.88,7285.51,7176.74,7285.51,32716900,7285.51
6/22/11,7285.93,7310.1,7262.37,7278.19,30854200,7278.19
6/23/11,7225.2,7237.2,7118.52,7149.44,36758600,7149.44
6/24/11,7231.73,7273.32,7099.22,7121.38,40547100,7121.38
6/27/11,7101.15,7144.44,7079.11,7107.9,28088600,7107.9
6/28/11,7138.5,7187.08,7075.19,7170.43,37509000,7170.43
6/29/11,7230.95,7320.3,7230.95,7294.14,38853400,7294.14
6/30/11,7310.34,7378.35,7285.44,7376.24,32845500,7376.24
7/1/11,7374.49,7443.2,7357.03,7419.44,32625500,7419.44
7/4/11,7427.14,7450.38,7416.73,7442.96,19069400,7442.96
7/5/11,7433.13,7474.93,7424.73,7439.44,26160900,7439.44
7/6/11,7443.93,7450.71,7396.74,7431.19,31339000,7431.19
7/7/11,7467.82,7516.15,7442.98,7471.44,34618500,7471.44
7/8/11,7502.83,7523.53,7389.8,7402.73,36224100,7402.73
7/11/11,7352.73,7358.5,7188.96,7230.25,41724900,7230.25
7/12/11,7112.19,7190.47,6996.26,7174.14,52912600,7174.14
7/13/11,7171.47,7280.16,7163.09,7267.87,35735100,7267.87
7/14/11,7204.94,7267.28,7197.49,7214.74,0,7214.74
7/15/11,7188.7,7254.1,7139.68,7220.12,43506900,7220.12
7/18/11,7162.82,7171.55,7089.09,7107.92,35099200,7107.92
7/19/11,7148.48,7236.44,7139.76,7192.67,0,7192.67
7/20/11,7250.18,7263.18,7166.37,7221.36,33754900,7221.36
7/21/11,7063.02,7063.02,7063.02,7063.02,0,7063.02
7/22/11,7308.48,7357.25,7266.79,7326.39,31435600,7326.39
7/25/11,7273.6,7366.78,7258.52,7344.54,25257100,7344.54
7/26/11,7369.89,7382.8,7302.5,7349.45,30274400,7349.45
7/27/11,7315.75,7344.17,7216.58,7252.68,36552400,7252.68
7/28/11,7163.95,7203.01,7110.13,7190.06,44256400,7190.06
7/29/11,7108.27,7190.91,7063.82,7158.77,38125300,7158.77
8/1/11,7254.5,7282.01,6953.98,6953.98,42809200,6953.98
8/2/11,6909.43,6938.34,6772.38,6796.75,46228700,6796.75
8/3/11,6717.84,6783.07,6543.6,6640.59,60276900,6640.59
8/4/11,6714.79,6730.43,6391.54,6414.76,64343200,6414.76
8/5/11,6338.77,6436.66,6152.62,6236.16,81668200,6236.16
8/8/11,6170.69,6272.94,5911.09,5923.27,71999800,5923.27
8/9/11,5896.14,6026.27,5502.63,5917.08,95099500,5917.08
8/10/11,6040.68,6089.08,5549.02,5613.42,87252800,5613.42
8/11/11,5771.21,5825.08,5487.82,5797.66,72182900,5797.66
8/12/11,5775.96,6023.75,5678.62,5997.74,52384600,5997.74
8/15/11,6075.59,6106.11,6008.01,6022.24,30978100,6022.24
8/16/11,5957.94,5998.31,5849.52,5994.9,34177600,5994.9
8/17/11,5910.5,6018.37,5870.17,5948.94,30907200,5948.94
8/18/11,5854.36,5892.57,5535.61,5602.8,53714100,5602.8
8/19/11,5581.51,5595.15,5345.36,5480,63842800,5480
8/22/11,5412.75,5591.35,5408.71,5473.78,33877900,5473.78
8/23/11,5529.26,5636.06,5452.15,5532.38,35757400,5532.38
8/24/11,5579.8,5743.1,5514.15,5681.08,36724000,5681.08
8/25/11,5739.86,5777.04,5451.52,5584.14,46227600,5584.14
8/26/11,5582.5,5588.69,5403.58,5537.48,36127500,5537.48
8/29/11,5634.06,5714.72,5587.78,5670.07,19843600,5670.07
8/30/11,5713.53,5730.36,5572.65,5643.92,26854200,5643.92
8/31/11,5686.26,5869.65,5648.97,5784.85,49542100,5784.85
9/1/11,5793.1,5794.5,5639.03,5730.63,37537700,5730.63
9/2/11,5623.7,5635.5,5493.31,5538.33,35729600,5538.33
9/5/11,5409.9,5421.1,5208.4,5246.2,0,5246.2
9/6/11,5248.31,5332.11,5150.05,5193.97,44398800,5193.97
9/7/11,5332.52,5406.23,5276.88,5405.53,36320800,5405.53
9/8/11,5410.08,5473.68,5313.78,5408.46,32435100,5408.46
9/9/11,5383.63,5400.79,5174.24,5189.93,38534000,5189.93
9/12/11,5063.59,5126.52,4965.8,5072.33,43750200,5072.33
9/13/11,5153.95,5222.81,4969.84,5166.36,43188900,5166.36
9/14/11,5108.1,5347.82,5105.82,5340.19,43360500,5340.19
9/15/11,5386.86,5566.58,5374.57,5508.24,44832400,5508.24
9/16/11,5607.51,5655.95,5524.22,5573.51,83673300,5573.51
9/19/11,5447.32,5496.94,5362.01,5415.91,31196400,5415.91
9/20/11,5373.53,5577.6,5369.07,5571.68,30618100,5571.68
9/21/11,5557.07,5557.92,5417.85,5433.8,29222200,5433.8
9/22/11,5258.42,5289.77,5135.85,5164.21,42986900,5164.21
9/23/11,5227.09,5229.6,4973.92,5196.56,40802700,5196.56
9/26/11,5128.56,5415.56,5118.19,5345.56,41842700,5345.56
9/27/11,5502.89,5638.04,5483.23,5628.44,47598100,5628.44
9/28/11,5560.6,5700.08,5520.59,5578.42,33258200,5578.42
9/29/11,5555.07,5704.41,5533.33,5639.58,32227500,5639.58
9/30/11,5602.55,5606.56,5438.55,5502.02,36597800,5502.02
10/3/11,5311.93,5437.74,5289.04,5376.7,26285300,5376.7
10/4/11,5284.11,5288.78,5125.44,5216.71,38128100,5216.71
10/5/11,5341.43,5486.03,5266.14,5473.03,36853500,5473.03
10/6/11,5511.56,5645.25,5465.55,5645.25,43781800,5645.25
10/7/11,5647.66,5749.13,5606.32,5675.7,33773200,5675.7
10/10/11,5705.4,5872.15,5652.99,5847.29,30469800,5847.29
10/11/11,5825.91,5883.38,5773.88,5865.01,29914000,5865.01
10/12/11,5851.1,6022.05,5798.16,5994.47,37347200,5994.47
10/13/11,5969.91,6036.02,5878.29,5914.84,36374900,5914.84
10/14/11,5934.78,6037.29,5885.39,5967.2,34489800,5967.2
10/17/11,6021.29,6081.41,5819.97,5859.43,31908700,5859.43
10/18/11,5781.77,5907.46,5747.65,5877.41,28418800,5877.41
10/19/11,5909.58,5977.75,5874.85,5913.53,27125000,5913.53
10/20/11,5834.42,5914.87,5752.83,5766.48,36015000,5766.48
10/21/11,5800.06,5980.46,5769.19,5970.96,37582400,5970.96
10/24/11,6014.36,6067.16,5937.58,6055.27,27538400,6055.27
10/25/11,6026.45,6157.93,5964.28,6046.75,32778700,6046.75
10/26/11,6041.16,6143.56,5951.82,6016.07,31283600,6016.07
10/27/11,6222.75,6347.6,6196.6,6337.84,62548700,6337.84
10/28/11,6364.18,6430.6,6305.5,6346.19,41487900,6346.19
10/31/11,6283.19,6304.84,6141.34,6141.34,34570100,6141.34
11/1/11,5934.54,5947.58,5762.26,5834.51,50911300,5834.51
11/2/11,5897.14,5990.56,5810.79,5965.63,34051300,5965.63
11/3/11,5835.36,6193.34,5832.03,6133.18,50326400,6133.18
11/4/11,6175.43,6175.43,5928.92,5966.16,35795800,5966.16
11/7/11,5905.93,6028.59,5835.09,5928.68,31556100,5928.68
11/8/11,5950.44,6087.06,5934.23,5961.44,28072000,5961.44
11/9/11,6045.87,6055.58,5767.26,5829.54,41995700,5829.54
11/10/11,5732.32,5934.31,5721.97,5867.81,37153400,5867.81
11/11/11,5881.49,6065.29,5855.12,6057.03,30712700,6057.03
11/14/11,6097.27,6116.07,5934.09,5985.02,26255000,5985.02
11/15/11,5920.43,6011.47,5815.85,5933.14,30809600,5933.14
11/16/11,5873.29,6028.23,5852.04,5913.36,28104800,5913.36
11/17/11,5875.86,5921.25,5778.1,5850.17,31285500,5850.17
11/18/11,5800.79,5897.99,5769.69,5800.24,30460700,5800.24
11/21/11,5767.09,5771.7,5598.05,5606,32730600,5606
11/22/11,5648.5,5681.74,5537.39,5537.39,27129100,5537.39
11/23/11,5485.67,5588.11,5457.77,5457.77,34499500,5457.77
11/24/11,5512.77,5563.77,5399.9,5428.15,0,5428.15
11/25/11,5433.3,5528.64,5366.5,5492.87,23161100,5492.87
11/28/11,5577.19,5754.51,5573,5745.33,33258600,5745.33
11/29/11,5725.68,5826.35,5690.57,5799.91,28463200,5799.91
11/30/11,5741.21,6130.68,5725.98,6088.84,54927900,6088.84
12/1/11,6080.48,6111.97,6017.38,6035.88,33757700,6035.88
12/2/11,6117.73,6169.64,6055.48,6080.68,36316300,6080.68
12/5/11,6137.87,6170.04,6086.42,6106.09,31904300,6106.09
12/6/11,6021.73,6094.77,6005.82,6028.82,37175200,6028.82
12/7/11,6116.26,6137.05,5919.56,5994.73,32189300,5994.73
12/8/11,6054.56,6077.17,5868.63,5874.44,36845900,5874.44
12/9/11,5806.49,6007.05,5802.36,5986.71,34722300,5986.71
12/12/11,5945.19,5952.55,5785.43,5785.43,31442300,5785.43
12/13/11,5801.39,5852.43,5734.12,5774.26,30398500,5774.26
12/14/11,5738.98,5771.6,5675.14,5675.14,33441100,5675.14
12/15/11,5713.48,5795.87,5682.16,5730.62,31639100,5730.62
12/16/11,5764.45,5775,5693.41,5701.78,67660200,5701.78
12/19/11,5651.74,5775.24,5644.19,5670.71,22079300,5670.71
12/20/11,5652.61,5847.71,5637.53,5847.03,27147600,5847.03
12/21/11,5918.72,5965.35,5771.62,5791.53,29979400,5791.53
12/22/11,5830.13,5886.18,5820.44,5852.18,20944800,5852.18
12/23/11,5905.18,5913.41,5844.64,5878.93,11190700,5878.93
12/27/11,5900.7,5924.38,5877.98,5889.76,8010500,5889.76
12/28/11,5875.87,5901.35,5771.27,5771.27,15624100,5771.27
12/29/11,5804.13,5848.78,5775.79,5848.78,13731300,5848.78
12/30/11,5867.03,5898.35,5817.71,5898.35,9422800,5898.35
1/3/12,6124.11,6179.03,6108.62,6166.57,27401400,6166.57
1/4/12,6141.26,6163.48,6088.06,6111.55,22440800,6111.55
1/5/12,6121.34,6130.1,6040.94,6095.99,28094600,6095.99
1/6/12,6114.64,6152.56,6012.64,6057.92,25127300,6057.92
1/9/12,6061.26,6076.59,5987.75,6017.23,24365900,6017.23
1/10/12,6090.87,6191.29,6069.36,6162.98,38258000,6162.98
1/11/12,6148.45,6181.61,6106.03,6152.34,28897700,6152.34
1/12/12,6160.09,6256.95,6148.85,6179.21,32966100,6179.21
1/13/12,6242.49,6245.38,6063.66,6143.08,37550700,6143.08
1/16/12,6120.4,6232.21,6104.11,6220.01,22558000,6220.01
1/17/12,6301.91,6343.04,6270.97,6332.93,35967000,6332.93
1/18/12,6330.43,6399.43,6280.52,6354.57,36023800,6354.57
1/19/12,6377.24,6420.35,6333.7,6416.26,47715400,6416.26
1/20/12,6410.75,6431.26,6371.69,6404.39,43818800,6404.39
1/23/12,6387.33,6467.34,6349.69,6436.62,36892600,6436.62
1/24/12,6372.49,6420.05,6339,6419.22,34983400,6419.22
1/25/12,6448.87,6456.57,6366.65,6421.85,29882400,6421.85
1/26/12,6453.62,6559.07,6430.37,6539.85,39435500,6539.85
1/27/12,6507.77,6574.19,6484.35,6511.98,32252600,6511.98
1/30/12,6454.54,6491.52,6414.33,6444.45,27883100,6444.45
1/31/12,6489.04,6533.22,6450.1,6458.91,33055800,6458.91
2/1/12,6482.95,6630.48,6482.56,6616.64,41433900,6616.64
2/2/12,6640.05,6667.98,6606.37,6655.63,36733900,6655.63
2/3/12,6649.57,6767.46,6635.63,6766.67,36955500,6766.67
2/6/12,6752.03,6781.43,6714.82,6764.83,24951700,6764.83
2/7/12,6772.75,6788.77,6682.89,6754.2,28238600,6754.2
2/8/12,6800.72,6829.88,6735.67,6748.76,31013400,6748.76
2/9/12,6782.14,6838.13,6746.1,6788.8,43080800,6788.8
2/10/12,6730.54,6751.08,6649.56,6692.96,34655200,6692.96
2/13/12,6748.68,6774.6,6709.63,6738.47,23225500,6738.47
2/14/12,6712.68,6788.57,6698.32,6728.19,28807000,6728.19
2/15/12,6807.55,6830.1,6736.56,6757.94,31915100,6757.94
2/16/12,6665.24,6751.96,6651.72,6751.96,32413900,6751.96
2/17/12,6811.02,6874.53,6794.89,6848.03,36191000,6848.03
2/20/12,6892,6956.7,6878.5,6948.3,0,6948.3
2/21/12,6936.91,6971.03,6873.54,6908.18,27069600,6908.18
2/22/12,6914.68,6915.18,6821.8,6843.87,28158500,6843.87
2/23/12,6838.94,6903.51,6733.59,6809.46,38477800,6809.46
2/24/12,6871.25,6890.9,6826.34,6864.43,32319500,6864.43
2/27/12,6817.46,6868.58,6743.65,6849.6,31051400,6849.6
2/28/12,6867.23,6900.51,6809.22,6887.63,29200000,6887.63
2/29/12,6914.66,6967.14,6843.27,6856.08,34840000,6856.08
3/1/12,6831.97,6949.45,6817.73,6941.77,34326500,6941.77
3/2/12,6944.45,6954.89,6904.1,6921.37,28284400,6921.37
3/5/12,6876.89,6902.58,6815.47,6866.46,29151000,6866.46
3/6/12,6835.97,6840.33,6633.11,6633.11,45805500,6633.11
3/7/12,6638.48,6682.68,6612.61,6671.11,32184400,6671.11
3/8/12,6723.33,6838.39,6703.89,6834.54,43164700,6834.54
3/9/12,6848.52,6912.42,6830.63,6880.21,30300700,6880.21
3/12/12,6868.97,6911.27,6846.9,6901.35,24438000,6901.35
3/13/12,6957.25,7020.04,6941.96,6995.91,35174700,6995.91
3/14/12,7028.92,7099.34,7028.15,7079.42,42715300,7079.42
3/15/12,7093.97,7153.11,7072.27,7144.45,37620400,7144.45
3/16/12,7145.78,7194.33,7142.75,7157.82,93000000,7157.82
3/19/12,7143.93,7154.83,7095.13,7154.22,28231600,7154.22
3/20/12,7121.92,7124.63,7032.07,7054.94,35770300,7054.94
3/21/12,7088.76,7114.01,7012.04,7071.32,30160200,7071.32
3/22/12,7053.42,7071.09,6938.2,6981.26,37292300,6981.26
3/23/12,6986.9,7026.9,6908.97,6995.62,27379600,6995.62
3/26/12,7022.64,7102.05,6969.97,7079.23,27599700,7079.23
3/27/12,7106.77,7153.68,7075.16,7078.9,28973200,7078.9
3/28/12,7056.05,7110.54,6998.8,6998.8,27738200,6998.8
3/29/12,6980.09,6993.74,6841.97,6875.15,37906100,6875.15
3/30/12,6924.82,6959.71,6898.91,6946.83,29578800,6946.83
4/2/12,6973.99,7057.2,6911.63,7056.65,32398300,7056.65
4/3/12,7053.91,7081.06,6981.21,6982.28,27387800,6982.28
4/4/12,6940.61,6944.4,6772.95,6784.06,40871500,6784.06
4/5/12,6817.85,6831.36,6685.8,6775.26,35399400,6775.26
4/10/12,6694.72,6737.92,6606.43,6606.43,36990600,6606.43
4/11/12,6628.66,6722.52,6603.07,6674.73,33024500,6674.73
4/12/12,6710.37,6761.78,6651.81,6743.24,37209200,6743.24
4/13/12,6732.07,6743.01,6552.32,6583.9,39352800,6583.9
4/16/12,6556.3,6675.39,6548.39,6625.19,30743700,6625.19
4/17/12,6625.71,6801.15,6616.95,6801,35953400,6801
4/18/12,6780.49,6812.84,6718.1,6732.03,28212000,6732.03
4/19/12,6775.46,6807.12,6665.31,6671.22,44420700,6671.22
4/20/12,6689.71,6760.26,6651.8,6750.12,39428900,6750.12
4/23/12,6666.79,6668.12,6499.07,6523,37566700,6523
4/24/12,6566.11,6604.54,6508.1,6590.41,30721800,6590.41
4/25/12,6622.96,6733.34,6622.9,6704.5,33488700,6704.5
4/26/12,6702.61,6750.65,6642.04,6739.9,43854200,6739.9
4/27/12,6662.31,6825.41,6652.51,6801.32,39072300,6801.32
4/30/12,6844.1,6846.66,6759.9,6761.19,27000000,6761.19
5/2/12,6861.3,6875.87,6664.57,6710.77,33923200,6710.77
5/3/12,6749.27,6791.75,6648.5,6694.44,39192000,6694.44
5/4/12,6682.96,6684.89,6546,6561.47,33324300,6561.47
5/7/12,6515.94,6578.95,6410.03,6569.48,26200000,6569.48
5/8/12,6548.74,6576.72,6415.03,6444.74,28639600,6444.74
5/9/12,6483.27,6506.21,6375.79,6475.31,37212700,6475.31
5/10/12,6531.15,6549.77,6440.23,6518,37107900,6518
5/11/12,6465.19,6589.01,6454.21,6579.93,27864600,6579.93
5/14/12,6499.79,6520.86,6404.28,6451.97,26865700,6451.97
5/15/12,6501.93,6509.65,6353.26,6401.06,31070400,6401.06
5/16/12,6344.92,6442.97,6297.38,6384.26,33500000,6384.26
5/17/12,6401.15,6413.05,6291.1,6308.96,21026400,6308.96
5/18/12,6254.82,6335.55,6229.3,6271.22,37614400,6271.22
5/21/12,6269.31,6364.4,6244.02,6331.04,23792700,6331.04
5/22/12,6381.83,6446,6351.02,6435.6,29013100,6435.6
5/23/12,6352.43,6373.79,6258.85,6285.75,32300000,6285.75
5/24/12,6338.12,6351.1,6244.48,6315.89,29406800,6315.89
5/25/12,6334.15,6406.96,6279.55,6339.94,26596800,6339.94
5/28/12,6425.1,6426.27,6311.33,6323.19,0,6323.19
5/29/12,6396.65,6441.26,6334.75,6396.84,23019100,6396.84
5/30/12,6360.79,6392.21,6258.89,6280.8,29677900,6280.8
5/31/12,6297.68,6322.69,6208.09,6264.38,33014600,6264.38
6/1/12,6259.76,6259.76,6008.47,6050.29,42856100,6050.29
6/4/12,5976.46,6030.81,5942.38,5978.23,23699300,5978.23
6/5/12,5999.86,6011.56,5914.43,5969.4,22355900,5969.4
6/6/12,6028.36,6102.42,5996.41,6093.99,32200300,6093.99
6/7/12,6117.76,6230.22,6099.08,6144.22,28859800,6144.22
6/8/12,6082.63,6144.76,6053.95,6130.82,22742300,6130.82
6/11/12,6255.65,6287.54,6130.28,6141.05,29749700,6141.05
6/12/12,6141.92,6211.14,6083.81,6161.24,28227200,6161.24
6/13/12,6183.8,6221.36,6093.61,6152.49,28021500,6152.49
6/14/12,6146.92,6167.49,6078.22,6138.61,29461700,6138.61
6/15/12,6164.56,6251.59,6158.78,6229.41,70434200,6229.41
6/18/12,6304.77,6316.14,6221.87,6248.2,28946700,6248.2
6/19/12,6254.77,6375.27,6233.25,6363.36,25250900,6363.36
6/20/12,6364.06,6402.21,6333.97,6392.13,22461300,6392.13
6/21/12,6357.25,6427.49,6331.79,6343.13,30737700,6343.13
6/22/12,6273.1,6318.06,6256.34,6263.25,25903100,6263.25
6/25/12,6229.43,6229.43,6118.72,6132.39,25886800,6132.39
6/26/12,6157.84,6165.28,6109.93,6136.69,25550800,6136.69
6/27/12,6155.91,6230.51,6131.3,6228.99,25213500,6228.99
6/28/12,6232.12,6240.09,6096.94,6149.91,29941300,6149.91
6/29/12,6296.74,6416.28,6261.74,6416.28,39749700,6416.28
7/2/12,6405.39,6520.4,6390.55,6496.08,29097100,6496.08
7/3/12,6508.33,6578.21,6505.39,6578.21,28768600,6578.21
7/4/12,6564.3,6573.86,6525.51,6564.8,20045900,6564.8
7/5/12,6561.77,6641.86,6475.92,6535.56,36858200,6535.56
7/6/12,6508.22,6533.79,6407.84,6410.11,27674400,6410.11
7/9/12,6408.64,6420.78,6375.69,6387.57,23483900,6387.57
7/10/12,6397.46,6491.4,6349.62,6438.33,27864900,6438.33
7/11/12,6413.17,6496.53,6399.4,6453.85,23031900,6453.85
7/12/12,6410.94,6448.22,6366.77,6419.35,33641700,6419.35
7/13/12,6446.22,6557.1,6436.09,6557.1,28655600,6557.1
7/16/12,6550.95,6577.06,6511.18,6565.72,20388100,6565.72
7/17/12,6583.77,6610.81,6542.89,6577.64,22448800,6577.64
7/18/12,6601.71,6690.66,6578.86,6684.42,24546900,6684.42
7/19/12,6706.99,6773.5,6698.87,6758.39,33451400,6758.39
7/20/12,6741.9,6775.74,6620.72,6630.02,44337500,6630.02
7/23/12,6561.87,6572.11,6371.15,6419.33,33956800,6419.33
7/24/12,6420.82,6456,6378,6390.41,26391400,6390.41
7/25/12,6387.84,6475.33,6375.15,6406.52,26023500,6406.52
7/26/12,6393.2,6595.58,6324.53,6582.96,44942200,6582.96
7/27/12,6605.42,6690.43,6513.97,6689.4,29769600,6689.4
7/30/12,6729.19,6796.61,6703.26,6774.06,28093500,6774.06
7/31/12,6780.62,6835.19,6756.18,6772.26,29189800,6772.26
8/1/12,6775.99,6800.1,6735.89,6754.46,23663400,6754.46
8/2/12,6756.16,6855.71,6596.21,6606.09,44863600,6606.09
8/3/12,6626.3,6876.74,6621.36,6865.66,38691500,6865.66
8/6/12,6845.88,6943.32,6845.88,6918.72,26947400,6918.72
8/7/12,6909.28,6979.63,6902.86,6967.95,30006900,6967.95
8/8/12,6944.89,6966.15,6907.29,6966.15,23986600,6966.15
8/9/12,6979.41,6989.15,6891.49,6964.99,27897800,6964.99
8/10/12,6927.71,6955.38,6891.9,6944.56,21472200,6944.56
8/13/12,6935.51,6976.31,6882.03,6909.68,19034100,6909.68
8/14/12,6965.04,6995.03,6939.5,6974.39,18671000,6974.39
8/15/12,6953.01,6972.64,6910.39,6946.8,16927300,6946.8
8/16/12,6958.39,7001.4,6929.43,6996.29,24262600,6996.29
8/17/12,7011.37,7041.11,7000.85,7040.88,31597300,7040.88
8/20/12,7037.02,7086.22,7008.97,7033.68,21036200,7033.68
8/21/12,7048.79,7105.43,7041.73,7089.32,20980100,7089.32
8/22/12,7048.3,7051.77,7005.26,7017.75,22101100,7017.75
8/23/12,7065.99,7080.74,6923.07,6949.57,27346700,6949.57
8/24/12,6957.6,6990.07,6885.98,6971.07,21145300,6971.07
8/27/12,6960.02,7049.48,6946.08,7047.45,14170000,7047.45
8/28/12,7004.05,7031.16,6976.01,7002.68,17055700,7002.68
8/29/12,7003.02,7029.8,6945.71,7010.57,16399700,7010.57
8/30/12,6962.29,6978.5,6871,6895.49,27541100,6895.49
8/31/12,6897.73,7011.45,6889.79,6970.79,27766800,6970.79
9/3/12,6946.61,7016.31,6944.25,7014.83,19610000,7014.83
9/4/12,7012.99,7015.71,6920,6932.58,21725300,6932.58
9/5/12,6941.66,7003.53,6892.86,6964.69,25428300,6964.69
9/6/12,6984.31,7172.32,6977.86,7167.33,41747200,7167.33
9/7/12,7183.92,7248.51,7182.6,7214.5,41982900,7214.5
9/10/12,7207.96,7233.92,7203.65,7213.7,26317500,7213.7
9/11/12,7197.2,7313.48,7186.63,7310.11,29404200,7310.11
9/12/12,7331.58,7410.36,7307.48,7343.53,39922100,7343.53
9/13/12,7341.78,7353.22,7280.23,7310.32,28565400,7310.32
9/14/12,7397.98,7446.47,7388.79,7412.13,43834700,7412.13
9/17/12,7390.29,7414.22,7382.47,7403.69,27963100,7403.69
9/18/12,7350.09,7375,7304.25,7347.69,33100400,7347.69
9/19/12,7387.18,7396.12,7326.24,7390.76,28954700,7390.76
9/20/12,7322.62,7390.46,7313.14,7389.49,37224000,7389.49
9/21/12,7409.34,7478.53,7391.06,7451.62,77212600,7451.62
9/24/12,7419.65,7440.49,7388.2,7413.16,24075200,7413.16
9/25/12,7406.22,7438.89,7369.39,7425.11,29641900,7425.11
9/26/12,7362.98,7362.98,7255.77,7276.51,37243300,7276.51
9/27/12,7313.15,7324.97,7268.69,7290.02,30703000,7290.02
9/28/12,7330.61,7337.17,7215.95,7216.15,32355400,7216.15
10/1/12,7227.81,7339.2,7225.29,7326.73,29599600,7326.73
10/2/12,7278.13,7373.15,7266.11,7305.86,26663800,7305.86
10/3/12,7283.26,7339.33,7272.06,7322.08,22180200,7322.08
10/4/12,7368.21,7374.86,7283.48,7305.21,31167700,7305.21
10/5/12,7327.7,7409.78,7312.79,7397.87,27771400,7397.87
10/8/12,7340.39,7341.28,7286.24,7291.21,23003300,7291.21
10/9/12,7306.33,7308.13,7221.5,7234.53,23253800,7234.53
10/10/12,7219.46,7245.17,7201.09,7205.23,21796000,7205.23
10/11/12,7192.75,7305.46,7182.31,7281.7,31008300,7281.7
10/12/12,7260.57,7291.24,7232.42,7232.49,24092200,7232.49
10/15/12,7237.4,7302.23,7237.4,7261.25,21725400,7261.25
10/16/12,7309.08,7387.78,7293.9,7376.27,30760400,7376.27
10/17/12,7381.08,7399.99,7367.59,7394.55,27933900,7394.55
10/18/12,7401.41,7447.81,7389.01,7437.23,31162900,7437.23
10/19/12,7413.69,7430.12,7363.5,7380.64,42441300,7380.64
10/22/12,7372.36,7390.1,7313.24,7328.05,20738400,7328.05
10/23/12,7339.16,7343.6,7153.8,7173.69,30924400,7173.69
10/24/12,7202.03,7216.13,7120.68,7192.85,31284600,7192.85
10/25/12,7203.12,7256.22,7181.45,7200.23,29816100,7200.23
10/26/12,7161.73,7257.37,7147.51,7231.85,22170100,7231.85
10/29/12,7205.05,7225.32,7171.96,7203.16,16961200,7203.16
10/30/12,7239.69,7292.83,7239.04,7284.4,21851700,7284.4
10/31/12,7305.07,7347.51,7260.63,7260.63,31907000,7260.63
11/1/12,7255.3,7356.18,7255.11,7335.67,22800300,7335.67
11/2/12,7336.52,7391.04,7314.68,7363.85,29093800,7363.85
11/5/12,7320.98,7337.47,7304.45,7326.47,20871500,7326.47
11/6/12,7336.46,7388.98,7319.73,7377.76,27366100,7377.76
11/7/12,7425.08,7434.96,7226.6,7232.83,37358100,7232.83
11/8/12,7260.35,7287,7184.18,7204.96,36289300,7204.96
11/9/12,7220.69,7222.87,7064.34,7163.5,33110000,7163.5
11/12/12,7164.68,7196,7138.17,7168.76,18583100,7168.76
11/13/12,7131.6,7185.29,7074.87,7169.12,36748900,7169.12
11/14/12,7156.34,7182.81,7084.63,7101.92,28534400,7101.92
11/15/12,7064.99,7079.22,7021.62,7043.42,29423900,7043.42
11/16/12,7045.63,7059.83,6950.53,6950.53,36190100,6950.53
11/19/12,7020.23,7130.87,7007.21,7123.84,27076400,7123.84
11/20/12,7098.13,7186.61,7092.23,7172.99,23026400,7172.99
11/21/12,7148.91,7194.79,7139.99,7184.71,24820900,7184.71
11/22/12,7210.46,7253.02,7205.2,7244.99,23979300,7244.99
11/23/12,7258.33,7311.55,7219.55,7309.13,20806300,7309.13
11/26/12,7286.69,7312.86,7273.57,7292.03,19021500,7292.03
11/27/12,7343.01,7361.55,7307.3,7332.33,21680100,7332.33
11/28/12,7317.49,7351.48,7265.44,7343.41,23358300,7343.41
11/29/12,7382.55,7416.52,7377.09,7400.96,29845800,7400.96
11/30/12,7399.09,7442.6,7398.22,7405.5,26642600,7405.5
12/3/12,7427.41,7487.89,7419.3,7435.21,23424400,7435.21
12/4/12,7428.13,7466.25,7417.3,7435.12,21553400,7435.12
12/5/12,7480.59,7482.28,7428.7,7454.55,24721000,7454.55
12/6/12,7469.54,7554.51,7461.19,7534.54,36153300,7534.54
12/7/12,7539.78,7553.05,7487.64,7517.8,28546700,7517.8
12/10/12,7484.95,7536.6,7457.4,7530.92,20909700,7530.92
12/11/12,7529.24,7596.9,7518.74,7589.75,26986200,7589.75
12/12/12,7595.2,7626.4,7590.18,7614.79,25473400,7614.79
12/13/12,7618.62,7618.62,7561.96,7581.98,30439000,7581.98
12/14/12,7599.03,7619.26,7571.16,7596.47,23848200,7596.47
12/17/12,7604.16,7627.14,7564.07,7604.94,21421600,7604.94
12/18/12,7634.28,7667.91,7626.25,7653.58,26052700,7653.58
12/19/12,7675.33,7682.9,7655.71,7668.5,28723600,7668.5
12/20/12,7642.99,7675.45,7635.39,7672.1,22633700,7672.1
12/21/12,7632.41,7653.73,7596.64,7636.23,55284000,7636.23
12/24/12,7636.23,7636.23,7636.23,7636.23,0,7636.23
12/26/12,7636.23,7636.23,7636.23,7636.23,0,7636.23
12/27/12,7652.27,7676.5,7640.3,7655.88,16303200,7655.88
12/28/12,7649.89,7665.68,7602.89,7612.39,11613000,7612.39
12/31/12,7612.39,7612.39,7612.39,7612.39,0,7612.39
1/2/13,7689.46,7789.94,7689.46,7778.78,32821400,7778.78
1/3/13,7762.13,7777.02,7737.98,7756.44,20254200,7756.44
1/4/13,7740.99,7779.67,7727.55,7776.37,20784400,7776.37
1/7/13,7760.01,7767.55,7713.42,7732.66,26222500,7732.66
1/8/13,7710.7,7754.38,7683.48,7695.83,23757000,7695.83
1/9/13,7713.57,7734.78,7688.55,7720.47,27859700,7720.47
1/10/13,7732.14,7773.69,7685.08,7708.47,29723400,7708.47
1/11/13,7725.93,7731.45,7683.92,7715.53,25558300,7715.53
1/14/13,7737.61,7785.82,7702.36,7729.52,24562900,7729.52
1/15/13,7704.05,7735.21,7635.88,7675.91,31299500,7675.91
1/16/13,7661.61,7694.8,7643.14,7691.13,25992200,7691.13
1/17/13,7677.28,7764.03,7662.43,7735.46,26786500,7735.46
1/18/13,7747.13,7753.49,7702.23,7702.23,30164400,7702.23
1/21/13,7727.77,7749.82,7719.02,7748.86,15688700,7748.86
1/22/13,7741.88,7746.91,7634.26,7696.21,29306200,7696.21
1/23/13,7702.92,7731.63,7684.84,7707.54,26663400,7707.54
1/24/13,7700.53,7753.3,7661.96,7748.13,25213900,7748.13
1/25/13,7746.78,7865.16,7743.19,7857.97,29292700,7857.97
1/28/13,7859.83,7871.79,7831.72,7833,22722100,7833
1/29/13,7841.96,7857.14,7800.12,7848.57,24837800,7848.57
1/30/13,7855.68,7863.35,7775.03,7811.31,27707000,7811.31
1/31/13,7800.45,7812.34,7765.2,7776.05,34102100,7776.05
2/1/13,7792.59,7853.37,7784.97,7833.39,30495400,7833.39
2/4/13,7822.54,7837.64,7637.68,7638.23,37356000,7638.23
2/5/13,7643.54,7677.14,7622.3,7664.66,31721400,7664.66
2/6/13,7665.88,7694.42,7537.29,7581.18,33199400,7581.18
2/7/13,7581.37,7661.31,7565.32,7590.85,34190800,7590.85
2/8/13,7607.57,7655.31,7577.34,7652.14,26912200,7652.14
2/11/13,7627.72,7676.82,7597.61,7633.74,21851000,7633.74
2/12/13,7619.12,7661.97,7593.66,7660.19,25135400,7660.19
2/13/13,7678.48,7737.41,7650.29,7711.89,24106100,7711.89
2/14/13,7697.89,7729.36,7607.48,7631.19,23482900,7631.19
2/15/13,7636.26,7649.5,7588.57,7593.51,31446500,7593.51
2/18/13,7591.08,7629.78,7568.16,7628.73,18147200,7628.73
2/19/13,7614.1,7762.9,7611.6,7752.45,29184200,7752.45
2/20/13,7747.21,7784.64,7709.48,7728.9,26456500,7728.9
2/21/13,7681.61,7688.44,7561.84,7583.57,33491400,7583.57
2/22/13,7619.81,7681.12,7607.26,7661.91,32936400,7661.91
2/25/13,7731.8,7860.57,7726.4,7773.19,42329700,7773.19
2/26/13,7682.24,7683.96,7589.32,7597.11,38841300,7597.11
2/27/13,7641.84,7679.44,7565.78,7675.83,27156000,7675.83
2/28/13,7712.2,7753.39,7691.81,7741.7,30571400,7741.7
3/1/13,7735.35,7767.67,7627.99,7708.16,30626000,7708.16
3/4/13,7654.67,7708.88,7637.32,7691.68,21488000,7691.68
3/5/13,7779.62,7883.6,7772.33,7870.31,37153700,7870.31
3/6/13,7907.39,7977.64,7898.04,7919.33,32329800,7919.33
3/7/13,7934.19,7956.26,7911.56,7939.77,29303300,7939.77
3/8/13,7970.66,8015.07,7962.28,7986.47,32136300,7986.47
3/11/13,7967.46,7989.21,7954.58,7984.29,20939200,7984.29
3/12/13,7970.83,7999.5,7933.94,7966.12,24719200,7966.12
3/13/13,7964.77,7978.84,7942.37,7970.91,26484000,7970.91
3/14/13,8013.25,8060.26,8011.22,8058.37,35605000,8058.37
3/15/13,8074.03,8074.47,7996.95,8042.85,73586300,8042.85
3/18/13,7924.04,8020.91,7901.94,8010.7,30118900,8010.7
3/19/13,7980.54,8000.97,7919.45,7947.79,32832900,7947.79
3/20/13,7995.59,8030.46,7972.21,8001.97,29283700,8001.97
3/21/13,7989.59,7999.34,7887.67,7932.51,40179600,7932.51
3/22/13,7917.64,7953.93,7876.36,7911.35,29941000,7911.35
3/25/13,7988.27,8030.76,7847.97,7870.9,33109100,7870.9
3/26/13,7889.15,7912.52,7859.27,7879.67,26027300,7879.67
3/27/13,7905.96,7916.76,7750.38,7789.09,32340200,7789.09
3/28/13,7791.14,7842.58,7778.02,7795.31,28716200,7795.31
4/1/13,7795.31,7795.31,7795.31,7795.31,0,7795.31
4/2/13,7806.12,7949.2,7805.92,7943.87,28501500,7943.87
4/3/13,7926.88,7953.15,7869.81,7874.75,25890600,7874.75
4/4/13,7902.86,7927.93,7803.89,7817.39,31696200,7817.39
4/5/13,7820.69,7825.28,7632.42,7658.75,37990600,7658.75
4/8/13,7669.04,7698.47,7645.56,7662.64,23183400,7662.64
4/9/13,7704.35,7723.2,7608.04,7637.51,30206300,7637.51
4/10/13,7664.16,7822.12,7660.2,7810.63,37203900,7810.63
4/11/13,7799.31,7885.45,7786.75,7871.63,29329700,7871.63
4/12/13,7831.87,7838.53,7726.13,7744.77,30660100,7744.77
4/15/13,7740.54,7773.11,7651.58,7712.63,28441400,7712.63
4/16/13,7680.78,7739.66,7639.43,7682.58,31666500,7682.58
4/17/13,7719.56,7722.46,7473.07,7503.03,42609100,7503.03
4/18/13,7519.67,7556.55,7436.78,7473.73,36436500,7473.73
4/19/13,7490.11,7531.09,7418.36,7459.96,44887000,7459.96
4/22/13,7516.06,7538.22,7437.52,7478.11,28068100,7478.11
4/23/13,7477.03,7664.22,7442.36,7658.21,39356500,7658.21
4/24/13,7656.76,7767.36,7656.22,7759.03,38930400,7759.03
4/25/13,7766.61,7838.31,7741.98,7832.86,31032800,7832.86
4/26/13,7835.59,7840.47,7767.61,7814.76,34180000,7814.76
4/29/13,7834.02,7873.5,7823.24,7873.5,27734000,7873.5
4/30/13,7928.42,7965.9,7893.08,7913.71,37228600,7913.71
5/1/13,7913.71,7913.71,7913.71,7913.71,0,7913.71
5/2/13,7905.35,8005.83,7896.99,7961.71,42109000,7961.71
5/3/13,7972.28,8130.16,7957.36,8122.29,43753800,8122.29
5/6/13,8119.22,8148.14,8103.27,8112.08,21149300,8112.08
5/7/13,8125.82,8206.01,8116.67,8181.78,31655400,8181.78
5/8/13,8176.88,8253.47,8173.35,8249.71,33926400,8249.71
5/9/13,8232.5,8274.18,8224.52,8262.55,18046100,8262.55
5/10/13,8278.45,8358.23,8252.37,8278.59,30872600,8278.59
5/13/13,8281.95,8294.56,8217.15,8279.29,25451100,8279.29
5/14/13,8304.5,8339.11,8235.97,8339.11,32308500,8339.11
5/15/13,8333.61,8368.06,8299.83,8362.42,35153400,8362.42
5/16/13,8348.54,8401.28,8324.23,8369.87,31195500,8369.87
5/17/13,8356.26,8408.62,8327.47,8398,53166600,8398
5/20/13,8434.97,8456.24,8401.74,8455.83,22031800,8455.83
5/21/13,8446.78,8476.18,8397.54,8472.2,32320800,8472.2
5/22/13,8467.56,8557.86,8434.83,8530.89,31644200,8530.89
5/23/13,8410.06,8412.25,8281.11,8351.98,39979100,8351.98
5/24/13,8390.16,8391.02,8262.64,8305.32,34952000,8305.32
5/27/13,8346.6,8386.86,8338.32,8383.3,13781500,8383.3
5/28/13,8432.46,8526.42,8424.4,8480.87,30803000,8480.87
5/29/13,8437.21,8445.46,8316.7,8336.58,30987100,8336.58
5/30/13,8314.2,8416.36,8293.96,8400.2,26046700,8400.2
5/31/13,8385.38,8401.63,8297.03,8348.84,37851500,8348.84
6/3/13,8291.49,8395.56,8214.78,8285.8,31815900,8285.8
6/4/13,8358.68,8384.36,8274.94,8295.96,27207100,8295.96
6/5/13,8229.23,8293.28,8182.08,8196.18,28726300,8196.18
6/6/13,8188.82,8235.09,8098.81,8098.81,29484400,8098.81
6/7/13,8124.88,8279.03,8034.55,8254.68,37496000,8254.68
6/10/13,8246.04,8355.79,8245.94,8307.69,25041400,8307.69
6/11/13,8256.19,8260.86,8141.02,8222.46,29636700,8222.46
6/12/13,8204.91,8246.08,8122.72,8143.27,28974300,8143.27
6/13/13,8023.37,8110.38,7968.13,8095.39,33424200,8095.39
6/14/13,8157.88,8188,8111.38,8127.96,25072500,8127.96
6/17/13,8170.75,8265.49,8167.67,8215.73,24649600,8215.73
6/18/13,8196.44,8241.6,8176.19,8229.51,22648100,8229.51
6/19/13,8254.57,8285.9,8160.5,8197.08,25777600,8197.08
6/20/13,8085.67,8085.67,7911.96,7928.48,46517600,7928.48
6/21/13,7946.32,7987.04,7789.24,7789.24,78534500,7789.24
6/24/13,7776.88,7823.84,7655.83,7692.45,41262600,7692.45
6/25/13,7741.13,7842.48,7725.99,7811.3,34371300,7811.3
6/26/13,7810.37,7960.45,7800.85,7940.99,37109200,7940.99
6/27/13,7945.92,8025.81,7919.59,7990.75,33190300,7990.75
6/28/13,8015.53,8037.68,7906.14,7959.22,33805200,7959.22
7/1/13,8000.02,8023.15,7890.28,7983.92,30610300,7983.92
7/2/13,7988.92,7988.96,7873.97,7910.77,29054900,7910.77
7/3/13,7841.18,7841.87,7730.37,7829.32,34236500,7829.32
7/4/13,7877.91,8015.08,7863.76,7994.31,33496000,7994.31
7/5/13,8010.44,8031.71,7805.36,7806,35643800,7806
7/8/13,7865.92,8015.21,7848.14,7968.54,31059500,7968.54
7/9/13,8021.13,8086.95,8005.73,8057.75,26183800,8057.75
7/10/13,8056.51,8081.21,7990.65,8066.48,17189200,8066.48
7/11/13,8163.56,8176.7,8130.48,8158.8,25814400,8158.8
7/12/13,8192.91,8244.13,8178.2,8212.77,29697900,8212.77
7/15/13,8237.92,8271.38,8211.42,8234.81,19098600,8234.81
7/16/13,8251.51,8252.25,8178.19,8201.05,19532600,8201.05
7/17/13,8216.7,8269.22,8137.53,8254.72,22926400,8254.72
7/18/13,8239.38,8337.2,8215.66,8337.09,27772700,8337.09
7/19/13,8299.01,8336.87,8284.36,8331.57,42053500,8331.57
7/22/13,8343.28,8374.47,8310.29,8331.06,21149800,8331.06
7/23/13,8358.62,8365.98,8306.6,8314.23,21465300,8314.23
7/24/13,8325.06,8415.33,8318.48,8379.11,30167600,8379.11
7/25/13,8349.52,8356.88,8265.14,8298.98,34637600,8298.98
7/26/13,8341.78,8362.04,8217.26,8244.91,26730100,8244.91
7/29/13,8307.12,8324.15,8245.53,8259.03,67355500,8259.03
7/30/13,8302.14,8333.95,8256.4,8271.02,135632200,8271.02
7/31/13,8235.22,8295.56,8213.36,8275.97,113064500,8275.97
8/1/13,8320.38,8411.3,8316.89,8410.73,97990400,8410.73
8/2/13,8428.58,8431.67,8376.28,8406.94,73393700,8406.94
8/5/13,8416.11,8435.32,8367.34,8398.38,62901100,8398.38
8/6/13,8387.93,8435.49,8267.98,8299.73,37330200,8299.73
8/7/13,8265.33,8281.52,8228.11,8260.48,25323000,8260.48
8/8/13,8256.4,8341.44,8252.46,8318.32,31088700,8318.32
8/9/13,8332.53,8374.59,8286.41,8338.31,0,8338.31
8/12/13,8341.96,8371.16,8238.86,8359.25,0,8359.25
8/13/13,8395.82,8444.52,8383.23,8415.76,0,8415.76
8/14/13,8424.88,8457.05,8400.75,8438.12,0,8438.12
8/15/13,8418.94,8422.03,8307.98,8376.29,21789500,8376.29
8/16/13,8348.42,8402.3,8330.33,8391.94,0,8391.94
8/19/13,8395.02,8395.41,8329,8366.29,0,8366.29
8/20/13,8294.87,8319.82,8246.19,8300.03,0,8300.03
8/21/13,8301.06,8310.68,8268.42,8285.41,0,8285.41
8/22/13,8289.3,8425.26,8283.77,8397.89,42823800,8397.89
8/23/13,8398.28,8438.44,8360.23,8416.99,42823800,8416.99
8/26/13,8424.07,8437.75,8386.05,8435.15,42823800,8435.15
8/27/13,8378.93,8423.78,8242.56,8242.56,106541800,8242.56
8/28/13,8202.86,8219.26,8094.22,8157.9,97795400,8157.9
8/29/13,8189.02,8199.29,8129.99,8194.55,69818500,8194.55
8/30/13,8197.72,8201.49,8101.95,8103.15,86451200,8103.15
9/2/13,8224.34,8268.73,8211.03,8243.87,88279900,8243.87
9/3/13,8259.37,8264.72,8142.86,8180.71,88279900,8180.71
9/4/13,8201.56,8206.87,8095.91,8195.92,84770200,8195.92
9/5/13,8205.56,8257.73,8165.36,8234.98,96648700,8234.98
9/6/13,8222.21,8295.81,8174.32,8275.67,124854400,8275.67
9/9/13,8275.01,8310.37,8246.77,8276.32,76364800,8276.32
9/10/13,8357.69,8464.25,8350.42,8446.54,125305100,8446.54
9/11/13,8453.32,8502.79,8446.69,8495.73,106146000,8495.73
9/12/13,8509.49,8516.98,8466.61,8494,102393900,8494
9/13/13,8461.31,8518.18,8456.84,8509.42,76220300,8509.42
9/16/13,8599.65,8626.11,8578.01,8613,87859100,8613
9/17/13,8595.56,8613.89,8585.04,8596.95,81358600,8596.95
9/18/13,8617.45,8645.9,8594.65,8636.06,75769400,8636.06
9/19/13,8735.11,8770.1,8665.75,8694.18,120861700,8694.18
9/20/13,8693.32,8713.78,8666.49,8675.73,249585100,8675.73
9/23/13,8682.94,8699.47,8605.59,8635.29,89113400,8635.29
9/24/13,8645.24,8672.08,8633.21,8664.6,79114700,8664.6
9/25/13,8655.04,8681.99,8609.95,8665.63,108140300,8665.63
9/26/13,8678.82,8688.49,8628.61,8664.1,88920700,8664.1
9/27/13,8672.82,8691.48,8611.45,8661.51,68197300,8661.51
9/30/13,8562.85,8606.71,8546.72,8594.4,78813900,8594.4
10/1/13,8618.59,8691.85,8612.23,8689.14,83404500,8689.14
10/2/13,8650.71,8672.26,8581.02,8629.42,76858500,8629.42
10/3/13,8647.86,8654.79,8590.46,8597.91,49874400,8597.91
10/4/13,8590.91,8639.74,8570.21,8622.97,85007100,8622.97
10/7/13,8557.04,8604.86,8510.42,8591.58,87359700,8591.58
10/8/13,8591.02,8610.01,8551.69,8555.89,77435600,8555.89
10/9/13,8541.08,8589.64,8489.62,8516.69,78206800,8516.69
10/10/13,8563.39,8694.17,8547.72,8685.77,105327700,8685.77
10/11/13,8705.03,8729.33,8695.76,8724.83,92376100,8724.83
10/14/13,8688.45,8727.58,8675.95,8723.81,64137200,8723.81
10/15/13,8757.13,8820.98,8757.09,8804.44,93813600,8804.44
10/16/13,8792.99,8861.28,8781,8846,92338900,8846
10/18/13,8849.77,8865.1,8804.81,8865.1,166471900,8865.110/17/13,8817.11,8829.79,8765.47,8811.98,95192800,8811.98
