1/3/07,1418.03,1429.42,1407.86,1416.6,3429160000,1416.6
1/4/07,1416.6,1421.84,1408.43,1418.34,3004460000,1418.34
1/5/07,1418.34,1418.34,1405.75,1409.71,2919400000,1409.71
1/8/07,1409.26,1414.98,1403.97,1412.84,2763340000,1412.84
1/9/07,1412.84,1415.61,1405.42,1412.11,3038380000,1412.11
1/10/07,1408.7,1415.99,1405.32,1414.85,2764660000,1414.85
1/11/07,1414.84,1427.12,1414.84,1423.82,2857870000,1423.82
1/12/07,1423.82,1431.23,1422.58,1430.73,2686480000,1430.73
1/16/07,1430.73,1433.93,1428.62,1431.9,2599530000,1431.9
1/17/07,1431.77,1435.27,1428.57,1430.62,2690270000,1430.62
1/18/07,1430.59,1432.96,1424.21,1426.37,2822430000,1426.37
1/19/07,1426.35,1431.57,1425.19,1430.5,2777480000,1430.5
1/22/07,1430.47,1431.39,1420.4,1422.95,2540120000,1422.95
1/23/07,1422.95,1431.33,1421.66,1427.99,2975070000,1427.99
1/24/07,1427.96,1440.14,1427.96,1440.13,2783180000,1440.13
1/25/07,1440.12,1440.69,1422.34,1423.9,2994330000,1423.9
1/26/07,1423.9,1427.27,1416.96,1422.18,2626620000,1422.18
1/29/07,1422.03,1426.94,1418.46,1420.62,2730480000,1420.62
1/30/07,1420.61,1428.82,1420.61,1428.82,2706250000,1428.82
1/31/07,1428.65,1441.61,1424.78,1438.24,2976690000,1438.24
2/1/07,1437.9,1446.64,1437.9,1445.94,2914890000,1445.94
2/2/07,1445.94,1449.33,1444.49,1448.39,2569450000,1448.39
2/5/07,1448.33,1449.38,1443.85,1446.99,2439430000,1446.99
2/6/07,1446.98,1450.19,1443.4,1448,2608710000,1448
2/7/07,1447.41,1452.99,1446.44,1450.02,2618820000,1450.02
2/8/07,1449.99,1450.45,1442.81,1448.31,2816180000,1448.31
2/9/07,1448.25,1452.45,1433.44,1438.06,2951810000,1438.06
2/12/07,1438,1439.11,1431.44,1433.37,2395680000,1433.37
2/13/07,1433.22,1444.41,1433.22,1444.26,2652150000,1444.26
2/14/07,1443.91,1457.65,1443.91,1455.3,2699290000,1455.3
2/15/07,1455.15,1457.97,1453.19,1456.81,2490920000,1456.81
2/16/07,1456.77,1456.77,1451.57,1455.54,2399450000,1455.54
2/20/07,1455.53,1460.53,1449.2,1459.68,2337860000,1459.68
2/21/07,1459.6,1459.6,1452.02,1457.63,2606980000,1457.63
2/22/07,1457.29,1461.57,1450.51,1456.38,1950770000,1456.38
2/23/07,1456.22,1456.22,1448.36,1451.19,2579950000,1451.19
2/26/07,1451.04,1456.95,1445.48,1449.37,2822170000,1449.37
2/27/07,1449.25,1449.25,1389.42,1399.04,4065230000,1399.04
2/28/07,1398.64,1415.89,1396.65,1406.82,3925250000,1406.82
3/1/07,1406.8,1409.46,1380.87,1403.17,3874910000,1403.17
3/2/07,1403.16,1403.4,1386.87,1387.17,3312260000,1387.17
3/5/07,1387.11,1391.86,1373.97,1374.12,3480520000,1374.12
3/6/07,1374.06,1397.9,1374.06,1395.41,3358160000,1395.41
3/7/07,1395.02,1401.16,1390.64,1391.97,3141350000,1391.97
3/8/07,1391.88,1407.93,1391.88,1401.89,3014850000,1401.89
3/9/07,1401.89,1410.15,1397.3,1402.84,2623050000,1402.84
3/12/07,1402.8,1409.34,1398.4,1406.6,2664000000,1406.6
3/13/07,1406.23,1406.23,1377.71,1377.95,3485570000,1377.95
3/14/07,1377.86,1388.09,1363.98,1387.17,3758350000,1387.17
3/15/07,1387.11,1395.73,1385.16,1392.28,2821900000,1392.28
3/16/07,1392.28,1397.51,1383.63,1386.95,3393640000,1386.95
3/19/07,1386.95,1403.2,1386.95,1402.06,2777180000,1402.06
3/20/07,1402.04,1411.53,1400.7,1410.94,2795940000,1410.94
3/21/07,1410.92,1437.77,1409.75,1435.04,3184770000,1435.04
3/22/07,1435.04,1437.66,1429.88,1434.54,3129970000,1434.54
3/23/07,1434.54,1438.89,1433.21,1436.11,2619020000,1436.11
3/26/07,1436.11,1437.65,1423.28,1437.5,2754660000,1437.5
3/27/07,1437.49,1437.49,1425.54,1428.61,2673040000,1428.61
3/28/07,1428.35,1428.35,1414.07,1417.23,3000440000,1417.23
3/29/07,1417.17,1426.24,1413.27,1422.53,2854710000,1422.53
3/30/07,1422.52,1429.22,1408.9,1420.86,2903960000,1420.86
4/2/07,1420.83,1425.49,1416.37,1424.55,2875880000,1424.55
4/3/07,1424.27,1440.57,1424.27,1437.77,2921760000,1437.77
4/4/07,1437.75,1440.16,1435.08,1439.37,2616320000,1439.37
4/5/07,1438.94,1444.88,1436.67,1443.76,2357230000,1443.76
4/9/07,1443.77,1448.1,1443.28,1444.61,2349410000,1444.61
4/10/07,1444.58,1448.73,1443.99,1448.39,2510110000,1448.39
4/11/07,1448.23,1448.39,1436.15,1438.87,2950190000,1438.87
4/12/07,1438.87,1448.02,1433.91,1447.8,2770570000,1447.8
4/13/07,1447.8,1453.11,1444.15,1452.85,2690020000,1452.85
4/16/07,1452.84,1468.62,1452.84,1468.33,2870140000,1468.33
4/17/07,1468.47,1474.35,1467.15,1471.48,2920570000,1471.48
4/18/07,1471.47,1476.57,1466.41,1472.5,2971330000,1472.5
4/19/07,1472.48,1474.23,1464.47,1470.73,2913610000,1470.73
4/20/07,1470.69,1484.74,1470.69,1484.35,3329940000,1484.35
4/23/07,1484.33,1487.32,1480.19,1480.93,2575020000,1480.93
4/24/07,1480.93,1483.82,1473.74,1480.41,3119750000,1480.41
4/25/07,1480.28,1496.59,1480.28,1495.42,3252590000,1495.42
4/26/07,1495.27,1498.02,1491.17,1494.25,3211800000,1494.25
4/27/07,1494.21,1497.32,1488.67,1494.07,2732810000,1494.07
4/30/07,1494.07,1497.16,1482.29,1482.37,3093420000,1482.37
5/1/07,1482.37,1487.27,1476.7,1486.3,3400350000,1486.3
5/2/07,1486.13,1499.1,1486.13,1495.92,3189800000,1495.92
5/3/07,1495.56,1503.34,1495.56,1502.39,3007970000,1502.39
5/4/07,1502.35,1510.34,1501.8,1505.62,2761930000,1505.62
5/7/07,1505.57,1511,1505.54,1509.48,2545090000,1509.48
5/8/07,1509.36,1509.36,1500.66,1507.72,2795720000,1507.72
5/9/07,1507.32,1513.8,1503.77,1512.58,2935550000,1512.58
5/10/07,1512.33,1512.33,1491.42,1491.47,3031240000,1491.47
5/11/07,1491.47,1506.24,1491.47,1505.85,2720780000,1505.85
5/14/07,1505.76,1510.9,1498.34,1503.15,2776130000,1503.15
5/15/07,1503.11,1514.83,1500.43,1501.19,3071020000,1501.19
5/16/07,1500.75,1514.15,1500.75,1514.14,2915350000,1514.14
5/17/07,1514.01,1517.14,1509.29,1512.75,2868640000,1512.75
5/18/07,1512.74,1522.75,1512.74,1522.75,2959050000,1522.75
5/21/07,1522.75,1529.87,1522.71,1525.1,3465360000,1525.1
5/22/07,1525.1,1529.24,1522.05,1524.12,2860500000,1524.12
5/23/07,1524.09,1532.43,1521.9,1522.28,3084260000,1522.28
5/24/07,1522.1,1529.31,1505.18,1507.51,3365530000,1507.51
5/25/07,1507.5,1517.41,1507.5,1515.73,2316250000,1515.73
5/29/07,1515.55,1521.8,1512.02,1518.11,2571790000,1518.11
5/30/07,1517.6,1530.23,1510.06,1530.23,2980210000,1530.23
5/31/07,1530.19,1535.56,1528.26,1530.62,3335530000,1530.62
6/1/07,1530.62,1540.56,1530.62,1536.34,2927020000,1536.34
6/4/07,1536.28,1540.53,1532.31,1539.18,2738930000,1539.18
6/5/07,1539.12,1539.12,1525.62,1530.95,2939450000,1530.95
6/6/07,1530.57,1530.57,1514.13,1517.38,2964190000,1517.38
6/7/07,1517.36,1517.36,1490.37,1490.72,3538470000,1490.72
6/8/07,1490.71,1507.76,1487.41,1507.67,2993460000,1507.67
6/11/07,1507.64,1515.53,1503.35,1509.12,2525280000,1509.12
6/12/07,1509.12,1511.33,1492.97,1493,3056200000,1493
6/13/07,1492.65,1515.7,1492.65,1515.67,3077930000,1515.67
6/14/07,1515.58,1526.45,1515.58,1522.97,2813630000,1522.97
6/15/07,1522.97,1538.71,1522.97,1532.91,3406030000,1532.91
6/18/07,1532.9,1535.44,1529.31,1531.05,2480240000,1531.05
6/19/07,1531.02,1535.85,1525.67,1533.7,2873590000,1533.7
6/20/07,1533.68,1537.32,1512.36,1512.84,3286900000,1512.84
6/21/07,1512.5,1522.9,1504.75,1522.19,3161110000,1522.19
6/22/07,1522.19,1522.19,1500.74,1502.56,4284320000,1502.56
6/25/07,1502.56,1514.29,1492.68,1497.74,3287250000,1497.74
6/26/07,1497.68,1506.12,1490.54,1492.89,3398530000,1492.89
6/27/07,1492.62,1506.8,1484.18,1506.34,3398150000,1506.34
6/28/07,1506.32,1514.84,1503.41,1505.71,3006710000,1505.71
6/29/07,1505.7,1517.53,1493.61,1503.35,3165410000,1503.35
7/2/07,1504.66,1519.45,1504.66,1519.43,2644990000,1519.43
7/3/07,1519.12,1526.01,1519.12,1524.87,1560790000,1524.87
7/5/07,1524.86,1526.57,1517.72,1525.4,2622950000,1525.4
7/6/07,1524.96,1532.4,1520.47,1530.44,2441520000,1530.44
7/9/07,1530.43,1534.26,1527.45,1531.85,2715330000,1531.85
7/10/07,1531.85,1531.85,1510.01,1510.12,3244280000,1510.12
7/11/07,1509.93,1519.34,1506.1,1518.76,3082920000,1518.76
7/12/07,1518.74,1547.92,1518.74,1547.7,3489600000,1547.7
7/13/07,1547.68,1555.1,1544.85,1552.5,2801120000,1552.5
7/16/07,1552.5,1555.9,1546.69,1549.52,2704110000,1549.52
7/17/07,1549.52,1555.32,1547.74,1549.37,3007140000,1549.37
7/18/07,1549.2,1549.2,1533.67,1546.17,3609220000,1546.17
7/19/07,1546.13,1555.2,1546.13,1553.08,3251450000,1553.08
7/20/07,1553.19,1553.19,1529.2,1534.1,3745780000,1534.1
7/23/07,1534.06,1547.23,1534.06,1541.57,3102700000,1541.57
7/24/07,1541.57,1541.57,1508.62,1511.04,4115830000,1511.04
7/25/07,1511.03,1524.31,1503.73,1518.09,4283200000,1518.09
7/26/07,1518.09,1518.09,1465.3,1482.66,4472550000,1482.66
7/27/07,1482.44,1488.53,1458.95,1458.95,4784650000,1458.95
7/30/07,1458.93,1477.88,1454.32,1473.91,4128780000,1473.91
7/31/07,1473.9,1488.3,1454.25,1455.27,4524520000,1455.27
8/1/07,1455.18,1468.38,1439.59,1465.81,5256780000,1465.81
8/2/07,1465.46,1476.43,1460.58,1472.2,4368850000,1472.2
8/3/07,1472.18,1473.23,1432.8,1433.06,4272110000,1433.06
8/6/07,1433.04,1467.67,1427.39,1467.67,5067200000,1467.67
8/7/07,1467.62,1488.3,1455.8,1476.71,4909390000,1476.71
8/8/07,1476.22,1503.89,1476.22,1497.49,5499560000,1497.49
8/9/07,1497.21,1497.21,1453.09,1453.09,5889600000,1453.09
8/10/07,1453.09,1462.02,1429.74,1453.64,5345780000,1453.64
8/13/07,1453.42,1466.29,1451.54,1452.92,3696280000,1452.92
8/14/07,1452.87,1456.74,1426.2,1426.54,3814630000,1426.54
8/15/07,1426.15,1440.78,1404.36,1406.7,4290930000,1406.7
8/16/07,1406.64,1415.97,1370.6,1411.27,6509300000,1411.27
8/17/07,1411.26,1450.33,1411.26,1445.94,3570040000,1445.94
8/20/07,1445.94,1451.75,1430.54,1445.55,3321340000,1445.55
8/21/07,1445.55,1455.32,1439.76,1447.12,3012150000,1447.12
8/22/07,1447.03,1464.86,1447.03,1464.07,3309120000,1464.07
8/23/07,1464.05,1472.06,1453.88,1462.5,3084390000,1462.5
8/24/07,1462.34,1479.4,1460.54,1479.37,2541400000,1479.37
8/27/07,1479.36,1479.36,1465.98,1466.79,2406180000,1466.79
8/28/07,1466.72,1466.72,1432.01,1432.36,3078090000,1432.36
8/29/07,1432.01,1463.76,1432.01,1463.76,2824070000,1463.76
8/30/07,1463.67,1468.43,1451.25,1457.64,2582960000,1457.64
8/31/07,1457.61,1481.47,1457.61,1473.99,2731610000,1473.99
9/4/07,1473.96,1496.4,1472.15,1489.42,2766600000,1489.42
9/5/07,1488.76,1488.76,1466.34,1472.29,2991600000,1472.29
9/6/07,1472.03,1481.49,1467.41,1478.55,2459590000,1478.55
9/7/07,1478.55,1478.55,1449.07,1453.55,3191080000,1453.55
9/10/07,1453.5,1462.25,1439.29,1451.7,2835720000,1451.7
9/11/07,1451.69,1472.48,1451.69,1471.49,3015330000,1471.49
9/12/07,1471.1,1479.5,1465.75,1471.56,2885720000,1471.56
9/13/07,1471.47,1489.58,1471.47,1483.95,2877080000,1483.95
9/14/07,1483.95,1485.99,1473.18,1484.25,2641740000,1484.25
9/17/07,1484.24,1484.24,1471.82,1476.65,2598390000,1476.65
9/18/07,1476.63,1519.89,1476.63,1519.78,3708940000,1519.78
9/19/07,1519.75,1538.74,1519.75,1529.03,3846750000,1529.03
9/20/07,1528.69,1529.14,1516.42,1518.75,2957700000,1518.75
9/21/07,1518.75,1530.89,1518.75,1525.75,3679460000,1525.75
9/24/07,1525.75,1530.18,1516.15,1517.73,3131310000,1517.73
9/25/07,1516.34,1518.27,1507.13,1517.21,3187770000,1517.21
9/26/07,1518.62,1529.39,1518.62,1525.42,3237390000,1525.42
9/27/07,1527.32,1532.46,1525.81,1531.38,2872180000,1531.38
9/28/07,1531.24,1533.74,1521.99,1526.75,2925350000,1526.75
10/1/07,1527.29,1549.02,1527.25,1547.04,3281990000,1547.04
10/2/07,1546.96,1548.01,1540.37,1546.63,3101910000,1546.63
10/3/07,1545.8,1545.84,1536.34,1539.59,3065320000,1539.59
10/4/07,1539.91,1544.02,1537.63,1542.84,2690430000,1542.84
10/5/07,1543.84,1561.91,1543.84,1557.59,2919030000,1557.59
10/8/07,1556.51,1556.51,1549,1552.58,2040650000,1552.58
10/9/07,1553.18,1565.26,1551.82,1565.15,2932040000,1565.15
10/10/07,1564.98,1565.42,1555.46,1562.47,3044760000,1562.47
10/11/07,1564.72,1576.09,1546.72,1554.41,3911260000,1554.41
10/12/07,1555.41,1563.03,1554.09,1561.8,2788690000,1561.8
10/15/07,1562.25,1564.74,1540.81,1548.71,3139290000,1548.71
10/16/07,1547.81,1547.81,1536.29,1538.53,3234560000,1538.53
10/17/07,1544.44,1550.66,1526.01,1541.24,3638070000,1541.24
10/18/07,1539.29,1542.79,1531.76,1540.08,3203210000,1540.08
10/19/07,1540,1540,1500.26,1500.63,4160970000,1500.63
10/22/07,1497.79,1508.06,1490.4,1506.33,3471830000,1506.33
10/23/07,1509.3,1520.01,1503.61,1519.59,3309120000,1519.59
10/24/07,1516.61,1517.23,1489.56,1515.88,4003300000,1515.88
10/25/07,1516.15,1523.24,1500.46,1514.4,4183960000,1514.4
10/26/07,1522.17,1535.53,1520.18,1535.28,3612120000,1535.28
10/29/07,1536.92,1544.67,1536.43,1540.98,3124480000,1540.98
10/30/07,1539.42,1539.42,1529.55,1531.02,3212520000,1531.02
10/31/07,1532.15,1552.76,1529.4,1549.38,3953070000,1549.38
11/1/07,1545.79,1545.79,1506.66,1508.44,4241470000,1508.44
11/2/07,1511.07,1513.15,1492.53,1509.65,4285990000,1509.65
11/5/07,1505.61,1510.84,1489.95,1502.17,3819330000,1502.17
11/6/07,1505.33,1520.77,1499.07,1520.27,3879160000,1520.27
11/7/07,1515.46,1515.46,1475.04,1475.62,4353160000,1475.62
11/8/07,1475.27,1482.5,1450.31,1474.77,5439720000,1474.77
11/9/07,1467.59,1474.09,1448.51,1453.7,4587050000,1453.7
11/12/07,1453.66,1464.94,1438.53,1439.18,4192520000,1439.18
11/13/07,1441.35,1481.37,1441.35,1481.05,4141310000,1481.05
11/14/07,1483.4,1492.14,1466.47,1470.58,4031470000,1470.58
11/15/07,1468.04,1472.67,1443.49,1451.15,3941010000,1451.15
11/16/07,1453.09,1462.18,1443.99,1458.74,4168870000,1458.74
11/19/07,1456.7,1456.7,1430.42,1433.27,4119650000,1433.27
11/20/07,1434.51,1452.64,1419.28,1439.7,4875150000,1439.7
11/21/07,1434.71,1436.4,1415.64,1416.77,4076230000,1416.77
11/23/07,1417.62,1440.86,1417.62,1440.7,1612720000,1440.7
11/26/07,1440.74,1446.09,1406.1,1407.22,3706470000,1407.22
11/27/07,1409.59,1429.49,1407.43,1428.23,4320720000,1428.23
11/28/07,1432.95,1471.62,1432.95,1469.02,4508020000,1469.02
11/29/07,1467.41,1473.81,1458.36,1469.72,3524730000,1469.72
11/30/07,1471.83,1488.94,1470.89,1481.14,4422200000,1481.14
12/3/07,1479.63,1481.16,1470.08,1472.42,3323250000,1472.42
12/4/07,1471.34,1471.34,1460.66,1462.79,3343620000,1462.79
12/5/07,1465.22,1486.09,1465.22,1485.01,3663660000,1485.01
12/6/07,1484.59,1508.02,1482.19,1507.34,3568570000,1507.34
12/7/07,1508.6,1510.63,1502.66,1504.66,3177710000,1504.66
12/10/07,1505.11,1518.27,1504.96,1515.96,2911760000,1515.96
12/11/07,1516.68,1523.57,1475.99,1477.65,4080180000,1477.65
12/12/07,1487.58,1511.96,1468.23,1486.59,4482120000,1486.59
12/13/07,1483.27,1489.4,1469.21,1488.41,3635170000,1488.41
12/14/07,1486.19,1486.67,1467.78,1467.95,3401050000,1467.95
12/17/07,1465.05,1465.05,1445.43,1445.9,3569030000,1445.9
12/18/07,1445.92,1460.16,1435.65,1454.98,3723690000,1454.98
12/19/07,1454.7,1464.42,1445.31,1453,3401300000,1453
12/20/07,1456.42,1461.53,1447.22,1460.12,3526890000,1460.12
12/21/07,1463.19,1485.4,1463.19,1484.46,4508590000,1484.46
12/24/07,1484.55,1497.63,1484.55,1496.45,1267420000,1496.45
12/26/07,1495.12,1498.85,1488.2,1497.66,2010500000,1497.66
12/27/07,1495.05,1495.05,1475.86,1476.27,2365770000,1476.27
12/28/07,1479.83,1488.01,1471.7,1478.49,2420510000,1478.49
12/31/07,1475.25,1475.83,1465.13,1468.36,2440880000,1468.36
1/2/08,1467.97,1471.77,1442.07,1447.16,3452650000,1447.16
1/3/08,1447.55,1456.8,1443.73,1447.16,3429500000,1447.16
1/4/08,1444.01,1444.01,1411.19,1411.63,4166000000,1411.63
1/7/08,1414.07,1423.87,1403.45,1416.18,4221260000,1416.18
1/8/08,1415.71,1430.28,1388.3,1390.19,4705390000,1390.19
1/9/08,1390.25,1409.19,1378.7,1409.13,5351030000,1409.13
1/10/08,1406.78,1429.09,1395.31,1420.33,5170490000,1420.33
1/11/08,1419.91,1419.91,1394.83,1401.02,4495840000,1401.02
1/14/08,1402.91,1417.89,1402.91,1416.25,3682090000,1416.25
1/15/08,1411.88,1411.88,1380.6,1380.95,4601640000,1380.95
1/16/08,1377.41,1391.99,1364.27,1373.2,5440620000,1373.2
1/17/08,1374.79,1377.72,1330.67,1333.25,5303130000,1333.25
1/18/08,1333.9,1350.28,1312.51,1325.19,6004840000,1325.19
1/22/08,1312.94,1322.09,1274.29,1310.5,6544690000,1310.5
1/23/08,1310.41,1339.09,1270.05,1338.6,3241680000,1338.6
1/24/08,1340.13,1355.15,1334.31,1352.07,5735300000,1352.07
1/25/08,1357.32,1368.56,1327.5,1330.61,4882250000,1330.61
1/28/08,1330.7,1353.97,1322.26,1353.96,4100930000,1353.96
1/29/08,1355.94,1364.93,1350.19,1362.3,4232960000,1362.3
1/30/08,1362.22,1385.86,1352.95,1355.81,4742760000,1355.81
1/31/08,1351.98,1385.62,1334.08,1378.55,4970290000,1378.55
2/1/08,1378.6,1396.02,1375.93,1395.42,4650770000,1395.42
2/4/08,1395.38,1395.38,1379.69,1380.82,3495780000,1380.82
2/5/08,1380.28,1380.28,1336.64,1336.64,4315740000,1336.64
2/6/08,1339.48,1351.96,1324.34,1326.45,4008120000,1326.45
2/7/08,1324.01,1347.16,1316.75,1336.91,4589160000,1336.91
2/8/08,1336.88,1341.22,1321.06,1331.29,3768490000,1331.29
2/11/08,1331.92,1341.4,1320.32,1339.13,3593140000,1339.13
2/12/08,1340.55,1362.1,1339.36,1348.86,4044640000,1348.86
2/13/08,1353.12,1369.23,1350.78,1367.21,3856420000,1367.21
2/14/08,1367.33,1368.16,1347.31,1348.86,3644760000,1348.86
2/15/08,1347.52,1350,1338.13,1349.99,3583300000,1349.99
2/19/08,1355.86,1367.28,1345.05,1348.78,3613550000,1348.78
2/20/08,1348.39,1363.71,1336.55,1360.03,3870520000,1360.03
2/21/08,1362.21,1367.94,1339.34,1342.53,3696660000,1342.53
2/22/08,1344.22,1354.3,1327.04,1353.11,3572660000,1353.11
2/25/08,1352.75,1374.36,1346.03,1371.8,3866350000,1371.8
2/26/08,1371.76,1387.34,1363.29,1381.29,4096060000,1381.29
2/27/08,1378.95,1388.34,1372,1380.02,3904700000,1380.02
2/28/08,1378.16,1378.16,1363.16,1367.68,3938580000,1367.68
2/29/08,1364.07,1364.07,1325.42,1330.63,4426730000,1330.63
3/3/08,1330.45,1335.13,1320.04,1331.34,4117570000,1331.34
3/4/08,1329.58,1331.03,1307.39,1326.75,4757180000,1326.75
3/5/08,1327.69,1344.19,1320.22,1333.7,4277710000,1333.7
3/6/08,1332.2,1332.2,1303.42,1304.34,4323460000,1304.34
3/7/08,1301.53,1313.24,1282.43,1293.37,4565410000,1293.37
3/10/08,1293.16,1295.01,1272.66,1273.37,4261240000,1273.37
3/11/08,1274.4,1320.65,1274.4,1320.65,5109080000,1320.65
3/12/08,1321.13,1333.26,1307.86,1308.77,4414280000,1308.77
3/13/08,1305.26,1321.68,1282.11,1315.48,5073360000,1315.48
3/14/08,1316.05,1321.47,1274.86,1288.14,5153780000,1288.14
3/17/08,1283.21,1287.5,1256.98,1276.6,5683010000,1276.6
3/18/08,1277.16,1330.74,1277.16,1330.74,5335630000,1330.74
3/19/08,1330.97,1341.51,1298.42,1298.42,1203830000,1298.42
3/20/08,1299.67,1330.67,1295.22,1329.51,6145220000,1329.51
3/24/08,1330.29,1359.68,1330.29,1349.88,4499000000,1349.88
3/25/08,1349.07,1357.47,1341.21,1352.99,4145120000,1352.99
3/26/08,1352.45,1352.45,1336.41,1341.13,4055670000,1341.13
3/27/08,1340.34,1345.62,1325.66,1325.76,4037930000,1325.76
3/28/08,1327.02,1334.87,1312.95,1315.22,3686980000,1315.22
3/31/08,1315.92,1328.52,1312.81,1322.7,4188990000,1322.7
4/1/08,1326.41,1370.18,1326.41,1370.18,4745120000,1370.18
4/2/08,1369.96,1377.95,1361.55,1367.53,4320440000,1367.53
4/3/08,1365.69,1375.66,1358.68,1369.31,3920100000,1369.31
4/4/08,1369.85,1380.91,1362.83,1370.4,3703100000,1370.4
4/7/08,1373.69,1386.74,1369.02,1372.54,3747780000,1372.54
4/8/08,1370.16,1370.16,1360.62,1365.54,3602500000,1365.54
4/9/08,1365.5,1368.39,1349.97,1354.49,3556670000,1354.49
4/10/08,1355.37,1367.24,1350.11,1360.55,3686150000,1360.55
4/11/08,1357.98,1357.98,1331.21,1332.83,3723790000,1332.83
4/14/08,1332.2,1335.64,1326.16,1328.32,3565020000,1328.32
4/15/08,1331.72,1337.72,1324.35,1334.43,3581230000,1334.43
4/16/08,1337.02,1365.49,1337.02,1364.71,4260370000,1364.71
4/17/08,1363.37,1368.6,1357.25,1365.56,3713880000,1365.56
4/18/08,1369,1395.9,1369,1390.33,4222380000,1390.33
4/21/08,1387.72,1390.23,1379.25,1388.17,3420570000,1388.17
4/22/08,1386.43,1386.43,1369.84,1375.94,3821900000,1375.94
4/23/08,1378.4,1387.87,1372.24,1379.93,4103610000,1379.93
4/24/08,1380.52,1397.72,1371.09,1388.82,4461660000,1388.82
4/25/08,1387.88,1399.11,1379.98,1397.84,3891150000,1397.84
4/28/08,1397.96,1402.9,1394.4,1396.37,3607000000,1396.37
4/29/08,1395.61,1397,1386.7,1390.94,3815320000,1390.94
4/30/08,1391.22,1404.57,1384.25,1385.59,4508890000,1385.59
5/1/08,1385.97,1410.07,1383.07,1409.34,4448780000,1409.34
5/2/08,1409.16,1422.72,1406.25,1413.9,3953030000,1413.9
5/5/08,1415.34,1415.34,1404.37,1407.49,3410090000,1407.49
5/6/08,1405.6,1421.57,1397.1,1418.26,3924100000,1418.26
5/7/08,1417.49,1419.54,1391.16,1392.57,4075860000,1392.57
5/8/08,1394.29,1402.35,1389.39,1397.68,3827550000,1397.68
5/9/08,1394.9,1394.9,1384.11,1388.28,3518620000,1388.28
5/12/08,1389.4,1404.06,1386.2,1403.58,3370630000,1403.58
5/13/08,1404.4,1406.3,1396.26,1403.04,4018590000,1403.04
5/14/08,1405.65,1420.19,1405.65,1408.66,3979370000,1408.66
5/15/08,1408.36,1424.4,1406.87,1423.57,3836480000,1423.57
5/16/08,1423.89,1425.82,1414.35,1425.35,3842590000,1425.35
5/19/08,1425.28,1440.24,1421.63,1426.63,3683970000,1426.63
5/20/08,1424.49,1424.49,1409.09,1413.4,3854320000,1413.4
5/21/08,1414.06,1419.12,1388.81,1390.71,4517990000,1390.71
5/22/08,1390.83,1399.07,1390.23,1394.35,3955960000,1394.35
5/23/08,1392.2,1392.2,1373.72,1375.93,3516380000,1375.93
5/27/08,1375.97,1387.4,1373.07,1385.35,3588860000,1385.35
5/28/08,1386.54,1391.25,1378.16,1390.84,3927240000,1390.84
5/29/08,1390.5,1406.32,1388.59,1398.26,3894440000,1398.26
5/30/08,1398.36,1404.46,1398.08,1400.38,3845630000,1400.38
6/2/08,1399.62,1399.62,1377.79,1385.67,3714320000,1385.67
6/3/08,1386.42,1393.12,1370.12,1377.65,4396380000,1377.65
6/4/08,1376.26,1388.18,1371.74,1377.2,4338640000,1377.2
6/5/08,1377.48,1404.05,1377.48,1404.05,4350790000,1404.05
6/6/08,1400.06,1400.06,1359.9,1360.68,4771660000,1360.68
6/9/08,1360.83,1370.63,1350.62,1361.76,4404570000,1361.76
6/10/08,1358.98,1366.84,1351.56,1358.44,4635070000,1358.44
6/11/08,1357.09,1357.09,1335.47,1335.49,4779980000,1335.49
6/12/08,1335.78,1353.03,1331.29,1339.87,4734240000,1339.87
6/13/08,1341.81,1360.03,1341.71,1360.03,4080420000,1360.03
6/16/08,1358.85,1364.7,1352.07,1360.14,3706940000,1360.14
6/17/08,1360.71,1366.59,1350.54,1350.93,3801960000,1350.93
6/18/08,1349.59,1349.59,1333.4,1337.81,4573570000,1337.81
6/19/08,1336.89,1347.66,1330.5,1342.83,4811670000,1342.83
6/20/08,1341.02,1341.02,1314.46,1317.93,5324900000,1317.93
6/23/08,1319.77,1323.78,1315.31,1318,4186370000,1318
6/24/08,1317.23,1326.02,1304.42,1314.29,4705050000,1314.29
6/25/08,1314.54,1335.63,1314.54,1321.97,4825640000,1321.97
6/26/08,1316.29,1316.29,1283.15,1283.15,5231280000,1283.15
6/27/08,1283.6,1289.45,1272,1278.38,6208260000,1278.38
6/30/08,1278.06,1290.31,1274.86,1280,5032330000,1280
7/1/08,1276.69,1285.31,1260.68,1284.91,5846290000,1284.91
7/2/08,1285.82,1292.17,1261.51,1261.52,5276090000,1261.52
7/3/08,1262.96,1271.48,1252.01,1262.9,3247590000,1262.9
7/7/08,1262.9,1273.95,1240.68,1252.31,5265420000,1252.31
7/8/08,1251.84,1274.17,1242.84,1273.7,6034110000,1273.7
7/9/08,1273.38,1277.36,1244.57,1244.69,5181000000,1244.69
7/10/08,1245.25,1257.65,1236.76,1253.39,5840430000,1253.39
7/11/08,1248.66,1257.27,1225.35,1239.49,6742200000,1239.49
7/14/08,1241.61,1253.5,1225.01,1228.3,5434860000,1228.3
7/15/08,1226.83,1234.35,1200.44,1214.91,7363640000,1214.91
7/16/08,1214.65,1245.52,1211.39,1245.36,6738630400,1245.36
7/17/08,1246.31,1262.31,1241.49,1260.32,7365209600,1260.32
7/18/08,1258.22,1262.23,1251.81,1260.68,5653280000,1260.68
7/21/08,1261.82,1267.74,1255.7,1260,4630640000,1260
7/22/08,1257.08,1277.42,1248.83,1277,6180230000,1277
7/23/08,1278.87,1291.17,1276.06,1282.19,6705830000,1282.19
7/24/08,1283.22,1283.22,1251.48,1252.54,6127980000,1252.54
7/25/08,1253.51,1263.23,1251.75,1257.76,4672560000,1257.76
7/28/08,1257.76,1260.09,1234.37,1234.37,4282960000,1234.37
7/29/08,1236.38,1263.2,1236.38,1263.2,5414240000,1263.2
7/30/08,1264.52,1284.33,1264.52,1284.26,5631330000,1284.26
7/31/08,1281.37,1284.93,1265.97,1267.38,5346050000,1267.38
8/1/08,1269.42,1270.52,1254.54,1260.31,4684870000,1260.31
8/4/08,1253.27,1260.49,1247.45,1249.01,4562280000,1249.01
8/5/08,1254.87,1284.88,1254.67,1284.88,1219310000,1284.88
8/6/08,1283.99,1291.67,1276,1289.19,4873420000,1289.19
8/7/08,1286.51,1286.51,1264.29,1266.07,5319380000,1266.07
8/8/08,1266.29,1297.85,1262.11,1296.32,4966810000,1296.32
8/11/08,1294.42,1313.15,1291.41,1305.32,5067310000,1305.32
8/12/08,1304.79,1304.79,1285.64,1289.59,4711290000,1289.59
8/13/08,1288.64,1294.03,1274.86,1285.83,4787600000,1285.83
8/14/08,1282.11,1300.11,1276.84,1292.93,4064000000,1292.93
8/15/08,1293.85,1302.05,1290.74,1298.2,4041820000,1298.2
8/18/08,1298.14,1300.22,1274.51,1278.6,3829290000,1278.6
8/19/08,1276.65,1276.65,1263.11,1266.69,4159760000,1266.69
8/20/08,1267.34,1276.01,1261.16,1274.54,4555030000,1274.54
8/21/08,1271.07,1281.4,1265.22,1277.72,4032590000,1277.72
8/22/08,1277.59,1293.09,1277.59,1292.2,3741070000,1292.2
8/25/08,1290.47,1290.47,1264.87,1266.84,3420600000,1266.84
8/26/08,1267.03,1275.65,1263.21,1271.51,3587570000,1271.51
8/27/08,1271.29,1285.05,1270.03,1281.66,3499610000,1281.66
8/28/08,1283.79,1300.68,1283.79,1300.68,3854280000,1300.68
8/29/08,1296.49,1297.59,1282.74,1282.83,3288120000,1282.83
9/2/08,1287.83,1303.04,1272.2,1277.58,4783560000,1277.58
9/3/08,1276.61,1280.6,1265.59,1274.98,5056980000,1274.98
9/4/08,1271.8,1271.8,1232.83,1236.83,5212500000,1236.83
9/5/08,1233.21,1244.94,1217.23,1242.31,5017080000,1242.31
9/8/08,1249.5,1274.42,1247.12,1267.79,7351340000,1267.79
9/9/08,1267.98,1268.66,1224.51,1224.51,7380630400,1224.51
9/10/08,1227.5,1243.9,1221.6,1232.04,6543440000,1232.04
9/11/08,1229.04,1249.98,1211.54,1249.05,6869249600,1249.05
9/12/08,1245.88,1255.09,1233.81,1251.7,6273260000,1251.7
9/15/08,1250.92,1250.92,1192.7,1192.7,8279510400,1192.7
9/16/08,1188.31,1214.84,1169.28,1213.6,9459830400,1213.6
9/17/08,1210.34,1210.34,1155.88,1156.39,9431870400,1156.39
9/18/08,1157.08,1211.14,1133.5,1206.51,10082689600,1206.51
9/19/08,1213.11,1265.12,1213.11,1255.08,9387169600,1255.08
9/22/08,1255.37,1255.37,1205.61,1207.09,5332130000,1207.09
9/23/08,1207.61,1221.15,1187.06,1188.22,5185730000,1188.22
9/24/08,1188.79,1197.41,1179.79,1185.87,4820360000,1185.87
9/25/08,1187.87,1220.03,1187.87,1209.18,5877640000,1209.18
9/26/08,1204.47,1215.77,1187.54,1213.27,5383610000,1213.27
9/29/08,1209.07,1209.07,1106.42,1106.42,7305060000,1106.42
9/30/08,1113.78,1168.03,1113.78,1166.36,4937680000,1166.36
10/1/08,1164.17,1167.03,1140.77,1161.06,5782130000,1161.06
10/2/08,1160.64,1160.64,1111.43,1114.28,6285640000,1114.28
10/3/08,1115.16,1153.82,1098.14,1099.23,6716120000,1099.23
10/6/08,1097.56,1097.56,1007.97,1056.89,7956020000,1056.89
10/7/08,1057.6,1072.91,996.23,996.23,7069209600,996.23
10/8/08,988.91,1021.06,970.97,984.94,8716329600,984.94
10/9/08,988.42,1005.25,909.19,909.92,6819000000,909.92
10/10/08,902.31,936.36,839.8,899.22,11456230400,899.22
10/13/08,912.75,1006.93,912.75,1003.35,7263369600,1003.35
10/14/08,1009.97,1044.31,972.07,998.01,8161990400,998.01
10/15/08,994.6,994.6,903.99,907.84,6542330000,907.84
10/16/08,909.53,947.71,865.83,946.43,7984500000,946.43
10/17/08,942.29,984.64,918.74,940.55,6581780000,940.55
10/20/08,943.51,985.4,943.51,985.4,5175640000,985.4
10/21/08,980.4,985.44,952.47,955.05,5121830000,955.05
10/22/08,951.67,951.67,875.81,896.78,6147980000,896.78
10/23/08,899.08,922.83,858.44,908.11,7184180000,908.11
10/24/08,895.22,896.3,852.85,876.77,6550050000,876.77
10/27/08,874.28,893.78,846.75,848.92,5558050000,848.92
10/28/08,848.92,940.51,845.27,940.51,7096950400,940.51
10/29/08,939.51,969.97,922.26,930.09,7077800000,930.09
10/30/08,939.38,963.23,928.5,954.09,6175830000,954.09
10/31/08,953.11,984.38,944.59,968.75,6394350000,968.75
11/3/08,968.67,975.57,958.82,966.3,4492280000,966.3
11/4/08,971.31,1007.51,971.31,1005.75,5531290000,1005.75
11/5/08,1001.84,1001.84,949.86,952.77,5426640000,952.77
11/6/08,952.4,952.4,899.73,904.88,6102230000,904.88
11/7/08,907.44,931.46,906.9,930.99,4931640000,930.99
11/10/08,936.75,951.95,907.47,919.21,4572000000,919.21
11/11/08,917.15,917.15,884.9,898.95,4998340000,898.95
11/12/08,893.39,893.39,850.48,852.3,5764180000,852.3
11/13/08,853.13,913.01,818.69,911.29,7849120000,911.29
11/14/08,904.36,916.88,869.88,873.29,5881030000,873.29
11/17/08,873.23,882.29,848.98,850.75,4927490000,850.75
11/18/08,852.34,865.9,826.84,859.12,6679470000,859.12
11/19/08,859.03,864.57,806.18,806.58,6548600000,806.58
11/20/08,805.87,820.52,747.78,752.44,9093740000,752.44
11/21/08,755.84,801.2,741.02,800.03,9495900000,800.03
11/24/08,801.2,865.6,801.2,851.81,7879440000,851.81
11/25/08,853.4,868.94,834.99,857.39,6952700000,857.39
11/26/08,852.9,887.68,841.37,887.68,5793260000,887.68
11/28/08,886.89,896.25,881.21,896.24,2740860000,896.24
12/1/08,888.61,888.61,815.69,816.21,6052010000,816.21
12/2/08,817.94,850.54,817.94,848.81,6170100000,848.81
12/3/08,843.6,873.12,827.6,870.74,6221880000,870.74
12/4/08,869.75,875.6,833.6,845.22,5860390000,845.22
12/5/08,844.43,879.42,818.41,876.07,6165370000,876.07
12/8/08,882.71,918.57,882.71,909.7,6553600000,909.7
12/9/08,906.48,916.26,885.38,888.67,5693110000,888.67
12/10/08,892.17,908.27,885.45,899.24,5942130000,899.24
12/11/08,898.35,904.63,868.73,873.59,5513840000,873.59
12/12/08,871.79,883.24,851.35,879.73,5959590000,879.73
12/15/08,881.07,884.63,857.72,868.57,4982390000,868.57
12/16/08,871.53,914.66,871.53,913.18,6009780000,913.18
12/17/08,908.16,918.85,895.94,904.42,5907380000,904.42
12/18/08,905.98,911.02,877.44,885.28,5675000000,885.28
12/19/08,886.96,905.47,883.02,887.88,6705310000,887.88
12/22/08,887.2,887.37,857.09,871.63,4869850000,871.63
12/23/08,874.31,880.44,860.1,863.16,4051970000,863.16
12/24/08,863.87,869.79,861.44,868.15,1546550000,868.15
12/26/08,869.51,873.74,866.52,872.8,1880050000,872.8
12/29/08,872.37,873.7,857.07,869.42,3323430000,869.42
12/30/08,870.58,891.12,870.58,890.64,3627800000,890.64
12/31/08,890.59,910.32,889.67,903.25,4172940000,903.25
1/2/09,902.99,934.73,899.35,931.8,4048270000,931.8
1/5/09,929.17,936.63,919.53,927.45,5413910000,927.45
1/6/09,931.17,943.85,927.28,934.7,5392620000,934.7
1/7/09,927.45,927.45,902.37,906.65,4704940000,906.65
1/8/09,905.73,910,896.81,909.73,4991550000,909.73
1/9/09,909.91,911.93,888.31,890.35,4716500000,890.35
1/12/09,890.4,890.4,864.32,870.26,4725050000,870.26
1/13/09,869.79,877.02,862.02,871.79,5017470000,871.79
1/14/09,867.28,867.28,836.93,842.62,5407880000,842.62
1/15/09,841.99,851.59,817.04,843.74,7807350400,843.74
1/16/09,844.45,858.13,830.66,850.12,6786040000,850.12
1/20/09,849.64,849.64,804.47,805.22,6375230000,805.22
1/21/09,806.77,841.72,804.3,840.24,6467830000,840.24
1/22/09,839.74,839.74,811.29,827.5,5843830000,827.5
1/23/09,822.16,838.61,806.07,831.95,5832160000,831.95
1/26/09,832.5,852.53,827.69,836.57,6039940000,836.57
1/27/09,837.3,850.45,835.4,845.71,5353260000,845.71
1/28/09,845.73,877.86,845.73,874.09,6199180000,874.09
1/29/09,868.89,868.89,844.15,845.14,5067060000,845.14
1/30/09,845.69,851.66,821.67,825.88,5350580000,825.88
2/2/09,823.09,830.78,812.87,825.44,5673270000,825.44
2/3/09,825.69,842.6,821.98,838.51,5886310000,838.51
2/4/09,837.77,851.85,829.18,832.23,6420450000,832.23
2/5/09,831.75,850.55,819.91,845.85,6624030000,845.85
2/6/09,846.09,870.75,845.42,868.6,6484100000,868.6
2/9/09,868.24,875.01,861.65,869.89,5574370000,869.89
2/10/09,866.87,868.05,822.99,827.16,6770169600,827.16
2/11/09,827.41,838.22,822.3,833.74,5926460000,833.74
2/12/09,829.91,835.48,808.06,835.19,6476460000,835.19
2/13/09,833.95,839.43,825.21,826.84,5296650000,826.84
2/17/09,818.61,818.61,789.17,789.17,5907820000,789.17
2/18/09,791.06,796.17,780.43,788.42,5740710000,788.42
2/19/09,787.91,797.58,777.03,778.94,5746940000,778.94
2/20/09,775.87,778.69,754.25,770.05,8210590400,770.05
2/23/09,773.25,777.85,742.37,743.33,6509300000,743.33
2/24/09,744.69,775.49,744.69,773.14,7234489600,773.14
2/25/09,770.64,780.12,752.89,764.9,7483640000,764.9
2/26/09,765.76,779.42,751.75,752.83,7599969600,752.83
2/27/09,749.93,751.27,734.52,735.09,8926480000,735.09
3/2/09,729.57,729.57,699.7,700.82,7868289600,700.82
3/3/09,704.44,711.67,692.3,696.33,7583230400,696.33
3/4/09,698.6,724.12,698.6,712.87,7673620000,712.87
3/5/09,708.27,708.27,677.93,682.55,7507249600,682.55
3/6/09,684.04,699.09,666.79,683.38,7331830400,683.38
3/9/09,680.76,695.27,672.88,676.53,7277320000,676.53
3/10/09,679.28,719.6,679.28,719.6,8618329600,719.6
3/11/09,719.59,731.92,713.85,721.36,7287809600,721.36
3/12/09,720.89,752.63,714.76,750.74,7326630400,750.74
3/13/09,751.97,758.29,742.46,756.55,6787089600,756.55
3/16/09,758.84,774.53,753.37,753.89,7883540000,753.89
3/17/09,753.88,778.12,749.93,778.12,6156800000,778.12
3/18/09,776.01,803.04,765.64,794.35,9098449600,794.35
3/19/09,797.92,803.24,781.82,784.04,9033870400,784.04
3/20/09,784.58,788.91,766.2,768.54,7643720000,768.54
3/23/09,772.31,823.37,772.31,822.92,7715769600,822.92
3/24/09,820.6,823.65,805.48,806.12,6767980000,806.12
3/25/09,806.81,826.78,791.37,813.88,7687180000,813.88
3/26/09,814.06,832.98,814.06,832.86,6992960000,832.86
3/27/09,828.68,828.68,813.43,815.94,5600210000,815.94
3/30/09,809.07,809.07,779.81,787.53,5912660000,787.53
3/31/09,790.88,810.48,790.88,797.87,6089100000,797.87
4/1/09,793.59,813.62,783.32,811.08,6034140000,811.08
4/2/09,814.53,845.61,814.53,834.38,7542809600,834.38
4/3/09,835.13,842.5,826.7,842.5,5855640000,842.5
4/6/09,839.75,839.75,822.79,835.48,6210000000,835.48
4/7/09,834.12,834.12,814.53,815.55,5155580000,815.55
4/8/09,816.76,828.42,814.84,825.16,5938460000,825.16
4/9/09,829.29,856.91,829.29,856.56,7600710400,856.56
4/13/09,855.33,864.31,845.35,858.73,6434890000,858.73
4/14/09,856.88,856.88,840.25,841.5,7569840000,841.5
4/15/09,839.44,852.93,835.58,852.06,6241100000,852.06
4/16/09,854.54,870.35,847.04,865.3,6598670000,865.3
4/17/09,865.18,875.63,860.87,869.6,7352009600,869.6
4/20/09,868.27,868.27,832.39,832.39,6973960000,832.39
4/21/09,831.25,850.09,826.83,850.08,7436489600,850.08
4/22/09,847.26,861.78,840.57,843.55,7327860000,843.55
4/23/09,844.62,852.87,835.45,851.92,6563100000,851.92
4/24/09,853.91,871.8,853.91,866.23,7114440000,866.23
4/27/09,862.82,868.83,854.65,857.51,5613460000,857.51
4/28/09,854.48,864.48,847.12,855.16,6328000000,855.16
4/29/09,856.85,882.06,856.85,873.64,6101620000,873.64
4/30/09,876.59,888.7,868.51,872.81,6862540000,872.81
5/1/09,872.74,880.48,866.1,877.52,5312170000,877.52
5/4/09,879.21,907.85,879.21,907.24,7038840000,907.24
5/5/09,906.1,907.7,897.34,903.8,6882860000,903.8
5/6/09,903.95,920.28,903.95,919.53,8555040000,919.53
5/7/09,919.58,929.58,901.36,907.39,9120100000,907.39
5/8/09,909.03,930.17,909.03,929.23,8163280000,929.23
5/11/09,922.99,922.99,908.68,909.24,6150600000,909.24
5/12/09,910.52,915.57,896.46,908.35,6871750400,908.35
5/13/09,905.4,905.4,882.8,883.92,7091820000,883.92
5/14/09,884.24,898.36,882.52,893.07,6134870000,893.07
5/15/09,892.76,896.97,878.94,882.88,5439720000,882.88
5/18/09,886.07,910,886.07,909.71,5702150000,909.71
5/19/09,909.67,916.39,905.22,908.13,6616270000,908.13
5/20/09,908.62,924.6,901.37,903.47,8205060000,903.47
5/21/09,900.42,900.42,879.61,888.33,6019840000,888.33
5/22/09,888.68,896.65,883.75,887,5155320000,887
5/26/09,887,911.76,881.46,910.33,5667050000,910.33
5/27/09,909.95,913.84,891.87,893.06,5698800000,893.06
5/28/09,892.96,909.45,887.6,906.83,5738980000,906.83
5/29/09,907.02,920.02,903.56,919.14,6050420000,919.14
6/1/09,923.26,947.77,923.26,942.87,6370440000,942.87
6/2/09,942.87,949.38,938.46,944.74,5987340000,944.74
6/3/09,942.51,942.51,923.85,931.76,5323770000,931.76
6/4/09,932.49,942.47,929.32,942.46,5352890000,942.46
6/5/09,945.67,951.69,934.13,940.09,5277910000,940.09
6/8/09,938.12,946.33,926.44,939.14,4483430000,939.14
6/9/09,940.35,946.92,936.15,942.43,4439950000,942.43
6/10/09,942.73,949.77,927.97,939.15,5379420000,939.15
6/11/09,939.04,956.23,939.04,944.89,5500840000,944.89
6/12/09,943.44,946.3,935.66,946.21,4528120000,946.21
6/15/09,942.45,942.45,919.65,923.72,4697880000,923.72
6/16/09,925.6,928,911.6,911.97,4951200000,911.97
6/17/09,911.89,918.44,903.78,910.71,5523650000,910.71
6/18/09,910.86,921.93,907.94,918.37,4684010000,918.37
6/19/09,919.96,927.09,915.8,921.23,5713390000,921.23
6/22/09,918.13,918.13,893.04,893.04,4903940000,893.04
6/23/09,893.46,898.69,888.86,895.1,5071020000,895.1
6/24/09,896.31,910.85,896.31,900.94,4636720000,900.94
6/25/09,899.45,921.42,896.27,920.26,4911240000,920.26
6/26/09,918.84,922,913.03,918.9,6076660000,918.9
6/29/09,919.86,927.99,916.18,927.23,4211760000,927.23
6/30/09,927.15,930.01,912.86,919.32,4627570000,919.32
7/1/09,920.82,931.92,920.82,923.33,3919400000,923.33
7/2/09,921.24,921.24,896.42,896.42,3931000000,896.42
7/6/09,894.27,898.72,886.36,898.72,4712580000,898.72
7/7/09,898.6,898.6,879.93,881.03,4673300000,881.03
7/8/09,881.9,886.8,869.32,879.56,5721780000,879.56
7/9/09,881.28,887.86,878.45,882.68,4347170000,882.68
7/10/09,880.03,883.57,872.81,879.13,3912080000,879.13
7/13/09,879.57,901.05,875.32,901.05,4499440000,901.05
7/14/09,900.77,905.84,896.5,905.84,4149030000,905.84
7/15/09,910.15,933.95,910.15,932.68,5238830000,932.68
7/16/09,930.17,943.96,927.45,940.74,4898640000,940.74
7/17/09,940.56,941.89,934.65,940.38,5141380000,940.38
7/20/09,942.07,951.62,940.99,951.13,4853150000,951.13
7/21/09,951.97,956.53,943.22,954.58,5309300000,954.58
7/22/09,953.4,959.83,947.75,954.07,4634100000,954.07
7/23/09,954.07,979.42,953.27,976.29,5761650000,976.29
7/24/09,972.16,979.79,965.95,979.26,4458300000,979.26
7/27/09,978.63,982.49,972.29,982.18,4631290000,982.18
7/28/09,981.48,982.35,969.35,979.62,5490350000,979.62
7/29/09,977.66,977.76,968.65,975.15,5178770000,975.15
7/30/09,976.01,996.68,976.01,986.75,6035180000,986.75
7/31/09,986.8,993.18,982.85,987.48,5139070000,987.48
8/3/09,990.22,1003.61,990.22,1002.63,5603440000,1002.63
8/4/09,1001.41,1007.12,996.68,1005.65,5713700000,1005.65
8/5/09,1005.41,1006.64,994.31,1002.72,7242120000,1002.72
8/6/09,1004.06,1008,992.49,997.08,6753380000,997.08
8/7/09,999.83,1018,999.83,1010.48,6827089600,1010.48
8/10/09,1008.89,1010.12,1000.99,1007.1,5406080000,1007.1
8/11/09,1005.77,1005.77,992.4,994.35,5773160000,994.35
8/12/09,994,1012.78,993.36,1005.81,5498170000,1005.81
8/13/09,1005.86,1013.14,1000.82,1012.73,5250660000,1012.73
8/14/09,1012.23,1012.6,994.6,1004.09,4940750000,1004.09
8/17/09,998.18,998.18,978.51,979.73,4088570000,979.73
8/18/09,980.62,991.2,980.62,989.67,4198970000,989.67
8/19/09,986.88,999.61,980.62,996.46,4257000000,996.46
8/20/09,996.41,1008.92,996.39,1007.37,4893160000,1007.37
8/21/09,1009.06,1027.59,1009.06,1026.13,5885550000,1026.13
8/24/09,1026.59,1035.82,1022.48,1025.57,6302450000,1025.57
8/25/09,1026.63,1037.75,1026.21,1028,5768740000,1028
8/26/09,1027.35,1032.47,1021.57,1028.12,5080060000,1028.12
8/27/09,1027.81,1033.33,1016.2,1030.98,5785880000,1030.98
8/28/09,1031.62,1039.47,1023.13,1028.93,5785780000,1028.93
8/31/09,1025.21,1025.21,1014.62,1020.62,5004560000,1020.62
9/1/09,1019.52,1028.45,996.28,998.04,6862360000,998.04
9/2/09,996.07,1000.34,991.97,994.75,5842730000,994.75
9/3/09,996.12,1003.43,992.25,1003.24,4624280000,1003.24
9/4/09,1003.84,1016.48,1001.65,1016.4,4097370000,1016.4
9/8/09,1018.67,1026.07,1018.67,1025.39,5235160000,1025.39
9/9/09,1025.36,1036.34,1023.97,1033.37,5202550000,1033.37
9/10/09,1032.99,1044.14,1028.04,1044.14,5191380000,1044.14
9/11/09,1043.92,1048.18,1038.4,1042.73,4922600000,1042.73
9/14/09,1040.15,1049.74,1035,1049.34,4979610000,1049.34
9/15/09,1049.03,1056.04,1043.42,1052.63,6185620000,1052.63
9/16/09,1053.99,1068.76,1052.87,1068.76,6793529600,1068.76
9/17/09,1067.87,1074.77,1061.2,1065.49,6668110000,1065.49
9/18/09,1066.6,1071.52,1064.27,1068.3,5607970000,1068.3
9/21/09,1067.14,1067.28,1057.46,1064.66,4615280000,1064.66
9/22/09,1066.35,1073.81,1066.35,1071.66,5246600000,1071.66
9/23/09,1072.69,1080.15,1060.39,1060.87,5531930000,1060.87
9/24/09,1062.56,1066.29,1045.85,1050.78,5505610000,1050.78
9/25/09,1049.48,1053.47,1041.17,1044.38,4507090000,1044.38
9/28/09,1045.38,1065.13,1045.38,1062.98,3726950000,1062.98
9/29/09,1063.69,1069.62,1057.83,1060.61,4949900000,1060.61
9/30/09,1061.02,1063.4,1046.47,1057.08,5998860000,1057.08
10/1/09,1054.91,1054.91,1029.45,1029.85,5791450000,1029.85
10/2/09,1029.71,1030.6,1019.95,1025.21,5583240000,1025.21
10/5/09,1026.87,1042.58,1025.92,1040.46,4313310000,1040.46
10/6/09,1042.02,1060.55,1042.02,1054.72,5029840000,1054.72
10/7/09,1053.65,1058.02,1050.1,1057.58,4238220000,1057.58
10/8/09,1060.03,1070.67,1060.03,1065.48,4988400000,1065.48
10/9/09,1065.28,1071.51,1063,1071.49,3763780000,1071.49
10/12/09,1071.63,1079.46,1071.63,1076.19,3710430000,1076.19
10/13/09,1074.96,1075.3,1066.71,1073.19,4320480000,1073.19
10/14/09,1078.68,1093.17,1078.68,1092.02,5406420000,1092.02
10/15/09,1090.36,1096.56,1086.41,1096.56,5369780000,1096.56
10/16/09,1094.67,1094.67,1081.53,1087.68,4894740000,1087.68
10/19/09,1088.22,1100.17,1086.48,1097.91,4619240000,1097.91
10/20/09,1098.64,1098.64,1086.16,1091.06,5396930000,1091.06
10/21/09,1090.36,1101.36,1080.77,1081.4,5616290000,1081.4
10/22/09,1080.96,1095.21,1074.31,1092.91,5192410000,1092.91
10/23/09,1095.62,1095.83,1075.49,1079.6,4767460000,1079.6
10/26/09,1080.36,1091.75,1065.23,1066.95,6363380000,1066.95
10/27/09,1067.54,1072.48,1060.62,1063.41,5337380000,1063.41
10/28/09,1061.51,1063.26,1042.19,1042.63,6600350000,1042.63
10/29/09,1043.69,1066.83,1043.69,1066.11,5595040000,1066.11
10/30/09,1065.41,1065.41,1033.38,1036.19,6512420000,1036.19
11/2/09,1036.18,1052.18,1029.38,1042.88,6202640000,1042.88
11/3/09,1040.92,1046.36,1033.94,1045.41,5487500000,1045.41
11/4/09,1047.14,1061,1045.15,1046.5,5635510000,1046.5
11/5/09,1047.3,1066.65,1047.3,1066.63,4848350000,1066.63
11/6/09,1064.95,1071.48,1059.32,1069.3,4277130000,1069.3
11/9/09,1072.31,1093.19,1072.31,1093.08,4460030000,1093.08
11/10/09,1091.86,1096.42,1087.4,1093.01,4394770000,1093.01
11/11/09,1096.04,1105.37,1093.81,1098.51,4286700000,1098.51
11/12/09,1098.31,1101.97,1084.9,1087.24,4160250000,1087.24
11/13/09,1087.59,1097.79,1085.33,1093.48,3792610000,1093.48
11/16/09,1094.13,1113.69,1094.13,1109.3,4565850000,1109.3
11/17/09,1109.22,1110.52,1102.19,1110.32,3824070000,1110.32
11/18/09,1109.44,1111.1,1102.7,1109.8,4293340000,1109.8
11/19/09,1106.44,1106.44,1088.4,1094.9,4178030000,1094.9
11/20/09,1094.66,1094.66,1086.81,1091.38,3751230000,1091.38
11/23/09,1094.86,1112.38,1094.86,1106.24,3827920000,1106.24
11/24/09,1105.83,1107.56,1097.63,1105.65,3700820000,1105.65
11/25/09,1106.49,1111.18,1104.75,1110.63,3036350000,1110.63
11/27/09,1105.47,1105.47,1083.74,1091.49,2362910000,1091.49
11/30/09,1091.07,1097.24,1086.25,1095.63,3895520000,1095.63
12/1/09,1098.89,1112.28,1098.89,1108.86,4249310000,1108.86
12/2/09,1109.03,1115.58,1105.29,1109.24,3941340000,1109.24
12/3/09,1110.59,1117.28,1098.74,1099.92,4810030000,1099.92
12/4/09,1100.43,1119.13,1096.52,1105.98,5781140000,1105.98
12/7/09,1105.52,1110.72,1100.83,1103.25,4103360000,1103.25
12/8/09,1103.04,1103.04,1088.61,1091.94,4748030000,1091.94
12/9/09,1091.07,1097.04,1085.89,1095.95,4115410000,1095.95
12/10/09,1098.69,1106.25,1098.69,1102.35,3996490000,1102.35
12/11/09,1103.96,1108.5,1101.34,1106.41,3791090000,1106.41
12/14/09,1107.84,1114.76,1107.84,1114.11,4548490000,1114.11
12/15/09,1114.11,1114.11,1105.35,1107.93,5045100000,1107.93
12/16/09,1108.61,1116.21,1107.96,1109.18,4829820000,1109.18
12/17/09,1106.36,1106.36,1095.88,1096.08,7615070400,1096.08
12/18/09,1097.86,1103.74,1093.88,1102.47,6325890000,1102.47
12/21/09,1105.31,1117.68,1105.31,1114.05,3977340000,1114.05
12/22/09,1114.51,1120.27,1114.51,1118.02,3641130000,1118.02
12/23/09,1118.84,1121.58,1116,1120.59,3166870000,1120.59
12/24/09,1121.08,1126.48,1121.08,1126.48,1267710000,1126.48
12/28/09,1127.53,1130.38,1123.51,1127.78,2716400000,1127.78
12/29/09,1128.55,1130.38,1126.08,1126.2,2491020000,1126.2
12/30/09,1125.53,1126.42,1121.94,1126.42,2277300000,1126.42
12/31/09,1126.6,1127.64,1114.81,1115.1,2076990000,1115.1
1/4/10,1116.56,1133.87,1116.56,1132.99,3991400000,1132.99
1/5/10,1132.66,1136.63,1129.66,1136.52,2491020000,1136.52
1/6/10,1135.71,1139.19,1133.95,1137.14,4972660000,1137.14
1/7/10,1136.27,1142.46,1131.32,1141.69,5270680000,1141.69
1/8/10,1140.52,1145.39,1136.22,1144.98,4389590000,1144.98
1/11/10,1145.96,1149.74,1142.02,1146.98,4255780000,1146.98
1/12/10,1143.81,1143.81,1131.77,1136.22,4716160000,1136.22
1/13/10,1137.31,1148.4,1133.18,1145.68,4170360000,1145.68
1/14/10,1145.68,1150.41,1143.8,1148.46,3915200000,1148.46
1/15/10,1147.72,1147.77,1131.39,1136.03,4758730000,1136.03
1/19/10,1136.03,1150.45,1135.77,1150.23,4724830000,1150.23
1/20/10,1147.95,1147.95,1129.25,1138.04,4810560000,1138.04
1/21/10,1138.68,1141.58,1114.84,1116.48,6874289600,1116.48
1/22/10,1115.49,1115.49,1090.18,1091.76,6208650000,1091.76
1/25/10,1092.4,1102.97,1092.4,1096.78,4481390000,1096.78
1/26/10,1095.8,1103.69,1089.86,1092.17,4731910000,1092.17
1/27/10,1091.94,1099.51,1083.11,1097.5,5319120000,1097.5
1/28/10,1096.93,1100.22,1078.46,1084.53,5452400000,1084.53
1/29/10,1087.61,1096.45,1071.59,1073.87,5412850000,1073.87
2/1/10,1073.89,1089.38,1073.89,1089.19,4077610000,1089.19
2/2/10,1090.05,1104.73,1087.96,1103.32,4749540000,1103.32
2/3/10,1100.67,1102.72,1093.97,1097.28,4285450000,1097.28
2/4/10,1097.25,1097.25,1062.78,1063.11,5859690000,1063.11
2/5/10,1064.12,1067.13,1044.5,1066.19,6438900000,1066.19
2/8/10,1065.51,1071.2,1056.51,1056.74,4089820000,1056.74
2/9/10,1060.06,1079.28,1060.06,1070.52,5114260000,1070.52
2/10/10,1069.68,1073.67,1059.34,1068.13,4251450000,1068.13
2/11/10,1067.1,1080.04,1060.59,1078.47,4400870000,1078.47
2/12/10,1075.95,1077.81,1062.97,1075.51,4160680000,1075.51
2/16/10,1079.13,1095.67,1079.13,1094.87,4080770000,1094.87
2/17/10,1096.14,1101.03,1094.72,1099.51,4259230000,1099.51
2/18/10,1099.03,1108.24,1097.48,1106.75,3878620000,1106.75
2/19/10,1105.49,1112.42,1100.8,1109.17,3944280000,1109.17
2/22/10,1110,1112.29,1105.38,1108.01,3814440000,1108.01
2/23/10,1107.49,1108.58,1092.18,1094.6,4521050000,1094.6
2/24/10,1095.89,1106.42,1095.5,1105.24,4168360000,1105.24
2/25/10,1101.24,1103.5,1086.02,1102.94,4521130000,1102.94
2/26/10,1103.1,1107.24,1097.56,1104.49,3945190000,1104.49
3/1/10,1105.36,1116.11,1105.36,1115.71,3847640000,1115.71
3/2/10,1117.01,1123.46,1116.51,1118.31,4134680000,1118.31
3/3/10,1119.36,1125.64,1116.58,1118.79,3951320000,1118.79
3/4/10,1119.12,1123.73,1116.66,1122.97,3945010000,1122.97
3/5/10,1125.12,1139.38,1125.12,1138.7,4133000000,1138.7
3/8/10,1138.4,1141.05,1136.77,1138.5,3774680000,1138.5
3/9/10,1137.56,1145.37,1134.9,1140.45,5185570000,1140.45
3/10/10,1140.22,1148.26,1140.09,1145.61,5469120000,1145.61
3/11/10,1143.96,1150.24,1138.99,1150.24,4669060000,1150.24
3/12/10,1151.71,1153.41,1146.97,1149.99,4928160000,1149.99
3/15/10,1148.53,1150.98,1141.45,1150.51,4164110000,1150.51
3/16/10,1150.83,1160.28,1150.35,1159.46,4369770000,1159.46
3/17/10,1159.94,1169.84,1159.94,1166.21,4963200000,1166.21
3/18/10,1166.13,1167.77,1161.16,1165.83,4234510000,1165.83
3/19/10,1166.68,1169.2,1155.33,1159.9,5212410000,1159.9
3/22/10,1157.25,1167.82,1152.88,1165.81,4261680000,1165.81
3/23/10,1166.47,1174.72,1163.83,1174.17,4411640000,1174.17
3/24/10,1172.7,1173.04,1166.01,1167.72,4705750000,1167.72
3/25/10,1170.03,1180.69,1165.09,1165.73,5668900000,1165.73
3/26/10,1167.58,1173.93,1161.48,1166.59,4708420000,1166.59
3/29/10,1167.71,1174.85,1167.71,1173.22,4375580000,1173.22
3/30/10,1173.75,1177.83,1168.92,1173.27,4085000000,1173.27
3/31/10,1171.75,1174.56,1165.77,1169.43,4484340000,1169.43
4/1/10,1171.23,1181.43,1170.69,1178.1,4006870000,1178.1
4/5/10,1178.71,1187.73,1178.71,1187.44,3881620000,1187.44
4/6/10,1186.01,1191.8,1182.77,1189.44,4086180000,1189.44
4/7/10,1188.23,1189.6,1177.25,1182.45,5101430000,1182.45
4/8/10,1181.75,1188.55,1175.12,1186.44,4726970000,1186.44
4/9/10,1187.47,1194.66,1187.15,1194.37,4511570000,1194.37
4/12/10,1194.94,1199.2,1194.71,1196.48,4607090000,1196.48
4/13/10,1195.94,1199.04,1188.82,1197.3,5403580000,1197.3
4/14/10,1198.69,1210.65,1198.69,1210.65,5760040000,1210.65
4/15/10,1210.77,1213.92,1208.5,1211.67,5995330000,1211.67
4/16/10,1210.17,1210.17,1186.77,1192.13,8108470400,1192.13
4/19/10,1192.06,1197.87,1183.68,1197.52,6597740000,1197.52
4/20/10,1199.04,1208.58,1199.04,1207.17,5316590000,1207.17
4/21/10,1207.16,1210.99,1198.85,1205.94,5724310000,1205.94
4/22/10,1202.52,1210.27,1190.19,1208.67,6035780000,1208.67
4/23/10,1207.87,1217.28,1205.1,1217.28,5326060000,1217.28
4/26/10,1217.07,1219.8,1211.07,1212.05,5647760000,1212.05
4/27/10,1209.92,1211.38,1181.62,1183.71,7454540000,1183.71
4/28/10,1184.59,1195.05,1181.81,1191.36,6342310000,1191.36
4/29/10,1193.3,1209.36,1193.3,1206.78,6059410000,1206.78
4/30/10,1206.77,1207.99,1186.32,1186.69,6048260000,1186.69
5/3/10,1188.58,1205.13,1188.58,1202.26,4938050000,1202.26
5/4/10,1197.5,1197.5,1168.12,1173.6,6594720000,1173.6
5/5/10,1169.24,1175.95,1158.15,1165.87,6795940000,1165.87
5/6/10,1164.38,1167.58,1065.79,1128.15,10617809600,1128.15
5/7/10,1127.04,1135.13,1094.15,1110.88,9472910400,1110.88
5/10/10,1122.27,1163.85,1122.27,1159.73,6893700000,1159.73
5/11/10,1156.39,1170.48,1147.71,1155.79,5842550000,1155.79
5/12/10,1155.43,1172.87,1155.43,1171.67,5225460000,1171.67
5/13/10,1170.04,1173.57,1156.14,1157.44,4870640000,1157.44
5/14/10,1157.19,1157.19,1126.14,1135.68,6126400000,1135.68
5/17/10,1136.52,1141.88,1114.96,1136.94,5922920000,1136.94
5/18/10,1138.78,1148.66,1117.2,1120.8,6170840000,1120.8
5/19/10,1119.57,1124.27,1100.66,1115.05,6765800000,1115.05
5/20/10,1107.34,1107.34,1071.58,1071.59,8328569600,1071.59
5/21/10,1067.26,1090.16,1055.9,1087.69,5452130000,1087.69
5/24/10,1084.78,1089.95,1072.7,1073.65,5224040000,1073.65
5/25/10,1067.42,1074.75,1040.78,1074.03,7329580000,1074.03
5/26/10,1075.51,1090.75,1065.59,1067.95,4521050000,1067.95
5/27/10,1074.27,1103.52,1074.27,1103.06,5698460000,1103.06
5/28/10,1102.59,1102.59,1084.78,1089.41,4871210000,1089.41
6/1/10,1087.3,1094.77,1069.89,1070.71,5271480000,1070.71
6/2/10,1073.01,1098.56,1072.03,1098.38,5026360000,1098.38
6/3/10,1098.82,1105.67,1091.81,1102.83,4995970000,1102.83
6/4/10,1098.43,1098.43,1060.5,1064.88,6180580000,1064.88
6/7/10,1065.84,1071.36,1049.86,1050.47,5467560000,1050.47
6/8/10,1050.81,1063.15,1042.17,1062,6192750000,1062
6/9/10,1062.75,1077.74,1052.25,1055.69,5983200000,1055.69
6/10/10,1058.77,1087.85,1058.77,1086.84,5144780000,1086.84
6/11/10,1082.65,1092.25,1077.12,1091.6,4059280000,1091.6
6/14/10,1095,1105.91,1089.03,1089.63,4425830000,1089.63
6/15/10,1091.21,1115.59,1091.21,1115.23,4644490000,1115.23
6/16/10,1114.02,1118.74,1107.13,1114.61,5002600000,1114.61
6/17/10,1115.98,1117.72,1105.87,1116.04,4557760000,1116.04
6/18/10,1116.16,1121.01,1113.93,1117.51,4555360000,1117.51
6/21/10,1122.79,1131.23,1108.24,1113.2,4514360000,1113.2
6/22/10,1113.9,1118.5,1094.18,1095.31,4514380000,1095.31
6/23/10,1095.57,1099.64,1085.31,1092.04,4526150000,1092.04
6/24/10,1090.93,1090.93,1071.6,1073.69,4814830000,1073.69
6/25/10,1075.1,1083.56,1067.89,1076.76,5128840000,1076.76
6/28/10,1077.5,1082.6,1071.45,1074.57,3896410000,1074.57
6/29/10,1071.1,1071.1,1035.18,1041.24,6136700000,1041.24
6/30/10,1040.56,1048.08,1028.33,1030.71,5067080000,1030.71
7/1/10,1031.1,1033.58,1010.91,1027.37,6435770000,1027.37
7/2/10,1027.65,1032.95,1015.93,1022.58,3968500000,1022.58
7/6/10,1028.09,1042.5,1018.35,1028.06,4691240000,1028.06
7/7/10,1028.54,1060.89,1028.54,1060.27,4931220000,1060.27
7/8/10,1062.92,1071.25,1058.24,1070.25,4548460000,1070.25
7/9/10,1070.5,1078.16,1068.1,1077.96,3506570000,1077.96
7/12/10,1077.23,1080.78,1070.45,1078.75,3426990000,1078.75
7/13/10,1080.65,1099.46,1080.65,1095.34,4640460000,1095.34
7/14/10,1095.61,1099.08,1087.68,1095.17,4521050000,1095.17
7/15/10,1094.46,1098.66,1080.53,1096.48,4552470000,1096.48
7/16/10,1093.85,1093.85,1063.32,1064.88,5297350000,1064.88
7/19/10,1066.85,1074.7,1061.11,1071.25,4089500000,1071.25
7/20/10,1064.53,1083.94,1056.88,1083.48,4713280000,1083.48
7/21/10,1086.67,1088.96,1065.25,1069.59,4747180000,1069.59
7/22/10,1072.14,1097.5,1072.14,1093.67,4826900000,1093.67
7/23/10,1092.17,1103.73,1087.88,1102.66,4524570000,1102.66
7/26/10,1102.89,1115.01,1101.3,1115.01,4009650000,1115.01
7/27/10,1117.36,1120.95,1109.78,1113.84,4725690000,1113.84
7/28/10,1112.84,1114.66,1103.11,1106.13,4002390000,1106.13
7/29/10,1108.07,1115.9,1092.82,1101.53,4612420000,1101.53
7/30/10,1098.44,1106.44,1088.01,1101.6,4006450000,1101.6
8/2/10,1107.53,1127.3,1107.53,1125.86,4144180000,1125.86
8/3/10,1125.34,1125.44,1116.76,1120.46,4071820000,1120.46
8/4/10,1121.06,1128.75,1119.46,1127.24,4057850000,1127.24
8/5/10,1125.78,1126.56,1118.81,1125.81,3685560000,1125.81
8/6/10,1122.07,1123.06,1107.17,1121.64,3857890000,1121.64
8/9/10,1122.8,1129.24,1120.91,1127.79,3191630000,1127.79
8/10/10,1122.92,1127.16,1111.58,1121.06,3979360000,1121.06
8/11/10,1116.89,1116.89,1088.55,1089.47,4511860000,1089.47
8/12/10,1081.48,1086.72,1076.69,1083.61,4521050000,1083.61
8/13/10,1082.22,1086.25,1079,1079.25,3328890000,1079.25
8/16/10,1077.49,1082.62,1069.49,1079.38,3142450000,1079.38
8/17/10,1081.16,1100.14,1081.16,1092.54,3968210000,1092.54
8/18/10,1092.08,1099.77,1085.76,1094.16,3724260000,1094.16
8/19/10,1092.44,1092.44,1070.66,1075.63,4290540000,1075.63
8/20/10,1075.63,1075.63,1063.91,1071.69,3761570000,1071.69
8/23/10,1073.36,1081.58,1067.08,1067.36,3210950000,1067.36
8/24/10,1063.2,1063.2,1046.68,1051.87,4436330000,1051.87
8/25/10,1048.98,1059.38,1039.83,1055.33,4360190000,1055.33
8/26/10,1056.28,1061.45,1045.4,1047.22,3646710000,1047.22
8/27/10,1049.27,1065.21,1039.7,1064.59,4102460000,1064.59
8/30/10,1062.9,1064.4,1048.79,1048.92,2917990000,1048.92
8/31/10,1046.88,1055.14,1040.88,1049.33,4038770000,1049.33
9/1/10,1049.72,1081.3,1049.72,1080.29,4396880000,1080.29
9/2/10,1080.66,1090.1,1080.39,1090.1,3704210000,1090.1
9/3/10,1093.61,1105.1,1093.61,1104.51,3534500000,1104.51
9/7/10,1102.6,1102.6,1091.15,1091.84,3107380000,1091.84
9/8/10,1092.36,1103.26,1092.36,1098.87,3224640000,1098.87
9/9/10,1101.15,1110.27,1101.15,1104.18,3387770000,1104.18
9/10/10,1104.57,1110.88,1103.92,1109.55,3061160000,1109.55
9/13/10,1113.38,1123.87,1113.38,1121.9,4521050000,1121.9
9/14/10,1121.16,1127.36,1115.58,1121.1,4521050000,1121.1
9/15/10,1119.43,1126.46,1114.63,1125.07,3369840000,1125.07
9/16/10,1123.89,1125.44,1118.88,1124.66,3364080000,1124.66
9/17/10,1126.39,1131.47,1122.43,1125.59,4086140000,1125.59
9/20/10,1126.57,1144.86,1126.57,1142.71,3364080000,1142.71
9/21/10,1142.82,1148.59,1136.22,1139.78,4175660000,1139.78
9/22/10,1139.49,1144.38,1131.58,1134.28,3911070000,1134.28
9/23/10,1131.1,1136.77,1122.79,1124.83,3847850000,1124.83
9/24/10,1131.69,1148.9,1131.69,1148.67,4123950000,1148.67
9/27/10,1148.64,1149.92,1142,1142.16,3587860000,1142.16
9/28/10,1142.31,1150,1132.09,1147.7,4025840000,1147.7
9/29/10,1146.75,1148.63,1140.26,1144.73,3990280000,1144.73
9/30/10,1145.97,1157.16,1136.08,1141.2,4284160000,1141.2
10/1/10,1143.49,1150.3,1139.42,1146.24,4298910000,1146.24
10/4/10,1144.96,1148.16,1131.87,1137.03,3604110000,1137.03
10/5/10,1140.68,1162.76,1140.68,1160.75,4068840000,1160.75
10/6/10,1159.81,1162.33,1154.85,1159.97,4073160000,1159.97
10/7/10,1161.57,1163.87,1151.41,1158.06,3910550000,1158.06
10/8/10,1158.36,1167.73,1155.58,1165.15,3871420000,1165.15
10/11/10,1165.32,1168.68,1162.02,1165.32,2505900000,1165.32
10/12/10,1164.28,1172.58,1155.71,1169.77,4076170000,1169.77
10/13/10,1171.32,1184.38,1171.32,1178.1,4969410000,1178.1
10/14/10,1177.82,1178.89,1166.71,1173.81,4969410000,1173.81
10/15/10,1177.47,1181.2,1167.12,1176.19,5724910000,1176.19
10/18/10,1176.83,1185.53,1174.55,1184.71,4450050000,1184.71
10/19/10,1178.64,1178.64,1159.71,1165.9,5600120000,1165.9
10/20/10,1166.74,1182.94,1166.74,1178.17,5027880000,1178.17
10/21/10,1179.82,1189.43,1171.17,1180.26,4625470000,1180.26
10/22/10,1180.52,1183.93,1178.99,1183.08,3177890000,1183.08
10/25/10,1184.74,1196.14,1184.74,1185.62,4221380000,1185.62
10/26/10,1184.88,1187.11,1177.72,1185.64,4203680000,1185.64
10/27/10,1183.84,1183.84,1171.7,1182.45,4335670000,1182.45
10/28/10,1184.47,1189.53,1177.1,1183.78,4283460000,1183.78
10/29/10,1183.87,1185.46,1179.7,1183.26,3537880000,1183.26
11/1/10,1185.71,1195.81,1177.65,1184.38,4129180000,1184.38
11/2/10,1187.86,1195.88,1187.86,1193.57,3866200000,1193.57
11/3/10,1193.79,1198.3,1183.56,1197.96,4665480000,1197.96
11/4/10,1198.34,1221.25,1198.34,1221.06,5695470000,1221.06
11/5/10,1221.2,1227.08,1220.29,1225.85,5637460000,1225.85
11/8/10,1223.24,1224.57,1217.55,1223.25,3937230000,1223.25
11/9/10,1223.59,1226.84,1208.94,1213.4,4848040000,1213.4
11/10/10,1213.14,1218.75,1204.33,1218.71,4561300000,1218.71
11/11/10,1213.04,1215.45,1204.49,1213.54,3931120000,1213.54
11/12/10,1209.07,1210.5,1194.08,1199.21,4213620000,1199.21
11/15/10,1200.44,1207.43,1197.15,1197.75,3503370000,1197.75
11/16/10,1194.79,1194.79,1173,1178.34,5116380000,1178.34
11/17/10,1178.33,1183.56,1175.82,1178.59,3904780000,1178.59
11/18/10,1183.75,1200.29,1183.75,1196.69,4687260000,1196.69
11/19/10,1196.12,1199.97,1189.44,1199.73,3675390000,1199.73
11/22/10,1198.07,1198.94,1184.58,1197.84,3689500000,1197.84
11/23/10,1192.51,1192.51,1176.91,1180.73,4133070000,1180.73
11/24/10,1183.7,1198.62,1183.7,1198.35,3384250000,1198.35
11/26/10,1194.16,1194.16,1186.93,1189.4,1613820000,1189.4
11/29/10,1189.08,1190.34,1173.64,1187.76,3673450000,1187.76
11/30/10,1182.96,1187.4,1174.14,1180.55,4284700000,1180.55
12/1/10,1186.6,1207.61,1186.6,1206.07,4548110000,1206.07
12/2/10,1206.81,1221.89,1206.81,1221.53,4970800000,1221.53
12/3/10,1219.93,1225.57,1216.82,1224.71,3735780000,1224.71
12/6/10,1223.87,1225.8,1220.67,1223.12,3527370000,1223.12
12/7/10,1227.25,1235.05,1223.25,1223.75,6970630400,1223.75
12/8/10,1225.02,1228.93,1219.5,1228.28,4607590000,1228.28
12/9/10,1230.14,1234.71,1226.85,1233,4522510000,1233
12/10/10,1233.85,1240.4,1232.58,1240.4,4547310000,1240.4
12/13/10,1242.52,1246.73,1240.34,1240.46,4361240000,1240.46
12/14/10,1241.84,1246.59,1238.17,1241.59,4132350000,1241.59
12/15/10,1241.58,1244.25,1234.01,1235.23,4407340000,1235.23
12/16/10,1236.34,1243.75,1232.85,1242.87,4736820000,1242.87
12/17/10,1243.63,1245.81,1239.87,1243.91,4632470000,1243.91
12/20/10,1245.76,1250.2,1241.51,1247.08,3548140000,1247.08
12/21/10,1249.43,1255.82,1249.43,1254.6,3479670000,1254.6
12/22/10,1254.94,1259.39,1254.94,1258.84,1285590000,1258.84
12/23/10,1257.53,1258.59,1254.05,1256.77,2515020000,1256.77
12/27/10,1254.66,1258.43,1251.48,1257.54,1992470000,1257.54
12/28/10,1259.1,1259.9,1256.22,1258.51,2478450000,1258.51
12/29/10,1258.78,1262.6,1258.78,1259.78,2214380000,1259.78
12/30/10,1259.44,1261.09,1256.32,1257.88,1970720000,1257.88
12/31/10,1256.76,1259.34,1254.19,1257.64,1799770000,1257.64
1/3/11,1257.62,1276.17,1257.62,1271.87,4286670000,1271.87
1/4/11,1272.95,1274.12,1262.66,1270.2,4796420000,1270.2
1/5/11,1268.78,1277.63,1265.36,1276.56,4764920000,1276.56
1/6/11,1276.29,1278.17,1270.43,1273.85,4844100000,1273.85
1/7/11,1274.41,1276.83,1261.7,1271.5,4963110000,1271.5
1/10/11,1270.84,1271.52,1262.18,1269.75,4036450000,1269.75
1/11/11,1272.58,1277.25,1269.62,1274.48,4050750000,1274.48
1/12/11,1275.65,1286.87,1275.65,1285.96,4226940000,1285.96
1/13/11,1285.78,1286.7,1280.47,1283.76,4310840000,1283.76
1/14/11,1282.9,1293.24,1281.24,1293.24,4661590000,1293.24
1/18/11,1293.22,1296.06,1290.16,1295.02,5284990000,1295.02
1/19/11,1294.52,1294.6,1278.92,1281.92,4743710000,1281.92
1/20/11,1280.85,1283.35,1271.26,1280.26,4935320000,1280.26
1/21/11,1283.63,1291.21,1282.07,1283.35,4935320000,1283.35
1/24/11,1283.29,1291.93,1282.47,1290.84,3902470000,1290.84
1/25/11,1288.17,1291.26,1281.07,1291.18,4595380000,1291.18
1/26/11,1291.97,1299.74,1291.97,1296.63,4730980000,1296.63
1/27/11,1297.51,1301.29,1294.41,1299.54,4309190000,1299.54
1/28/11,1299.63,1302.67,1275.1,1276.34,5618630000,1276.34
1/31/11,1276.5,1287.17,1276.5,1286.12,4167160000,1286.12
2/1/11,1289.14,1308.86,1289.14,1307.59,5164500000,1307.59
2/2/11,1305.91,1307.61,1302.62,1304.03,4098260000,1304.03
2/3/11,1302.77,1308.6,1294.83,1307.1,4370990000,1307.1
2/4/11,1307.01,1311,1301.67,1310.87,3925950000,1310.87
2/7/11,1311.85,1322.85,1311.85,1319.05,3902270000,1319.05
2/8/11,1318.76,1324.87,1316.03,1324.57,3881530000,1324.57
2/9/11,1322.48,1324.54,1314.89,1320.88,3922240000,1320.88
2/10/11,1318.13,1322.78,1311.74,1321.87,4184610000,1321.87
2/11/11,1318.66,1330.79,1316.08,1329.15,4219300000,1329.15
2/14/11,1328.73,1332.96,1326.9,1332.32,3567040000,1332.32
2/15/11,1330.43,1330.43,1324.61,1328.01,3926860000,1328.01
2/16/11,1329.51,1337.61,1329.51,1336.32,1966450000,1336.32
2/17/11,1334.37,1341.5,1331,1340.43,1966450000,1340.43
2/18/11,1340.38,1344.07,1338.12,1343.01,1966450000,1343.01
2/22/11,1338.91,1338.91,1312.33,1315.44,1322780000,1315.44
2/23/11,1315.44,1317.91,1299.55,1307.4,1330340000,1307.4
2/24/11,1307.09,1310.91,1294.26,1306.1,1222900000,1306.1
2/25/11,1307.34,1320.61,1307.34,1319.88,3836030000,1319.88
2/28/11,1321.61,1329.38,1320.55,1327.22,1252850000,1327.22
3/1/11,1328.64,1332.09,1306.14,1306.33,1180420000,1306.33
3/2/11,1305.47,1314.19,1302.58,1308.44,1025000000,1308.44
3/3/11,1312.37,1332.28,1312.37,1330.97,4340470000,1330.97
3/4/11,1330.73,1331.08,1312.59,1321.15,4223740000,1321.15
3/7/11,1322.72,1327.68,1303.99,1310.13,3964730000,1310.13
3/8/11,1311.05,1325.74,1306.86,1321.82,4531420000,1321.82
3/9/11,1319.92,1323.21,1312.27,1320.02,3709520000,1320.02
3/10/11,1315.72,1315.72,1294.21,1295.11,4723020000,1295.11
3/11/11,1293.43,1308.35,1291.99,1304.28,3740400000,1304.28
3/14/11,1301.19,1301.19,1286.37,1296.39,4050370000,1296.39
3/15/11,1288.46,1288.46,1261.12,1281.87,5201400000,1281.87
3/16/11,1279.46,1280.91,1249.05,1256.88,5833000000,1256.88
3/17/11,1261.61,1278.88,1261.61,1273.72,4134950000,1273.72
3/18/11,1276.71,1288.88,1276.18,1279.21,4685500000,1279.21
3/21/11,1281.65,1300.58,1281.65,1298.38,4223730000,1298.38
3/22/11,1298.29,1299.35,1292.7,1293.77,3576550000,1293.77
3/23/11,1292.19,1300.51,1284.05,1297.54,3842350000,1297.54
3/24/11,1300.61,1311.34,1297.74,1309.66,4223740000,1309.66
3/25/11,1311.8,1319.18,1310.15,1313.8,4223740000,1313.8
3/28/11,1315.45,1319.74,1310.19,1310.19,3215170000,1310.19
3/29/11,1309.37,1319.45,1305.26,1319.44,3482580000,1319.44
3/30/11,1321.89,1331.74,1321.89,1328.26,3809570000,1328.26
3/31/11,1327.44,1329.77,1325.03,1325.83,3566270000,1325.83
4/1/11,1329.48,1337.85,1328.89,1332.41,4223740000,1332.41
4/4/11,1333.56,1336.74,1329.1,1332.87,4223740000,1332.87
4/5/11,1332.03,1338.21,1330.03,1332.63,3852280000,1332.63
4/6/11,1335.94,1339.38,1331.09,1335.54,4223740000,1335.54
4/7/11,1334.82,1338.8,1326.56,1333.51,4005600000,1333.51
4/8/11,1336.16,1339.46,1322.94,1328.17,3582810000,1328.17
4/11/11,1329.01,1333.77,1321.06,1324.46,3478970000,1324.46
4/12/11,1321.96,1321.96,1309.51,1314.16,4275490000,1314.16
4/13/11,1314.03,1321.35,1309.19,1314.41,3850860000,1314.41
4/14/11,1311.13,1316.79,1302.42,1314.52,3872630000,1314.52
4/15/11,1314.54,1322.88,1313.68,1319.68,4223740000,1319.68
4/18/11,1313.35,1313.35,1294.7,1305.14,4223740000,1305.14
4/19/11,1305.99,1312.7,1303.97,1312.62,3886300000,1312.62
4/20/11,1319.12,1332.66,1319.12,1330.36,4236280000,1330.36
4/21/11,1333.23,1337.49,1332.83,1337.38,3587240000,1337.38
4/25/11,1337.14,1337.55,1331.47,1335.25,2142130000,1335.25
4/26/11,1336.75,1349.55,1336.75,1347.24,3908060000,1347.24
4/27/11,1348.43,1357.49,1344.25,1355.66,4051570000,1355.66
4/28/11,1353.86,1361.71,1353.6,1360.48,4036820000,1360.48
4/29/11,1360.14,1364.56,1358.69,1363.61,3479070000,1363.61
5/2/11,1365.21,1370.58,1358.59,1361.22,3846250000,1361.22
5/3/11,1359.76,1360.84,1349.52,1356.62,4223740000,1356.62
5/4/11,1355.9,1355.9,1341.5,1347.32,4223740000,1347.32
5/5/11,1344.16,1348,1329.17,1335.1,3846250000,1335.1
5/6/11,1340.24,1354.36,1335.58,1340.2,4223740000,1340.2
5/9/11,1340.2,1349.44,1338.64,1346.29,4265250000,1346.29
5/10/11,1348.34,1359.44,1348.34,1357.16,4223740000,1357.16
5/11/11,1354.51,1354.51,1336.36,1342.08,3846250000,1342.08
5/12/11,1339.39,1351.05,1332.03,1348.65,3777210000,1348.65
5/13/11,1348.69,1350.47,1333.36,1337.77,3426660000,1337.77
5/16/11,1334.77,1343.33,1327.32,1329.47,3846250000,1329.47
5/17/11,1326.1,1330.42,1318.51,1328.98,4053970000,1328.98
5/18/11,1328.54,1341.82,1326.59,1340.68,3922030000,1340.68
5/19/11,1342.4,1346.82,1336.36,1343.6,3626110000,1343.6
5/20/11,1342,1342,1330.67,1333.27,4066020000,1333.27
5/23/11,1333.07,1333.07,1312.88,1317.37,3255580000,1317.37
5/24/11,1317.7,1323.72,1313.87,1316.28,3846250000,1316.28
5/25/11,1316.36,1325.86,1311.8,1320.47,4109670000,1320.47
5/26/11,1320.64,1328.51,1314.41,1325.69,3259470000,1325.69
5/27/11,1325.69,1334.62,1325.69,1331.1,3124560000,1331.1
5/31/11,1331.1,1345.2,1331.1,1345.2,4696240000,1345.2
6/1/11,1345.2,1345.2,1313.71,1314.55,4241090000,1314.55
6/2/11,1314.55,1318.03,1305.61,1312.94,3762170000,1312.94
6/3/11,1312.94,1312.94,1297.9,1300.16,3505030000,1300.16
6/6/11,1300.26,1300.26,1284.72,1286.17,3555980000,1286.17
6/7/11,1286.31,1296.22,1284.74,1284.94,3846250000,1284.94
6/8/11,1284.63,1287.04,1277.42,1279.56,3970810000,1279.56
6/9/11,1279.63,1294.54,1279.63,1289,3332510000,1289
6/10/11,1288.6,1288.6,1268.28,1270.98,3846250000,1270.98
6/13/11,1271.31,1277.04,1265.64,1271.83,4132520000,1271.83
6/14/11,1272.22,1292.5,1272.22,1287.87,3500280000,1287.87
6/15/11,1287.87,1287.87,1261.9,1265.42,4070500000,1265.42
6/16/11,1265.53,1274.11,1258.07,1267.64,3846250000,1267.64
6/17/11,1268.58,1279.82,1267.4,1271.5,4916460000,1271.5
6/20/11,1271.5,1280.42,1267.56,1278.36,3464660000,1278.36
6/21/11,1278.4,1297.62,1278.4,1295.52,4056150000,1295.52
6/22/11,1295.48,1298.61,1286.79,1287.14,3718420000,1287.14
6/23/11,1286.6,1286.6,1262.87,1283.5,4983450000,1283.5
6/24/11,1283.04,1283.93,1267.24,1268.45,3665340000,1268.45
6/27/11,1268.44,1284.91,1267.53,1280.1,3479070000,1280.1
6/28/11,1280.21,1296.8,1280.21,1296.67,3681500000,1296.67
6/29/11,1296.85,1309.21,1296.85,1307.41,4347540000,1307.41
6/30/11,1307.64,1321.97,1307.64,1320.64,4200500000,1320.64
7/1/11,1320.64,1341.01,1318.18,1339.67,3796930000,1339.67
7/5/11,1339.59,1340.89,1334.3,1337.88,3722320000,1337.88
7/6/11,1337.56,1340.94,1330.92,1339.22,3564190000,1339.22
7/7/11,1339.62,1356.48,1339.62,1353.22,4069530000,1353.22
7/8/11,1352.39,1352.39,1333.71,1343.8,3594360000,1343.8
7/11/11,1343.31,1343.31,1316.42,1319.49,3879130000,1319.49
7/12/11,1319.61,1327.17,1313.33,1313.64,4227890000,1313.64
7/13/11,1314.45,1331.48,1314.45,1317.72,4060080000,1317.72
7/14/11,1317.74,1326.88,1306.51,1308.87,4358570000,1308.87
7/15/11,1308.87,1317.7,1307.52,1316.14,4242760000,1316.14
7/18/11,1315.94,1315.94,1295.92,1305.44,4118160000,1305.44
7/19/11,1307.07,1328.14,1307.07,1326.73,4304600000,1326.73
7/20/11,1328.66,1330.43,1323.65,1325.84,3767420000,1325.84
7/21/11,1325.65,1347,1325.65,1343.8,4837430000,1343.8
7/22/11,1343.8,1346.1,1336.95,1345.02,3522830000,1345.02
7/25/11,1344.32,1344.32,1331.09,1337.43,3536890000,1337.43
7/26/11,1337.39,1338.51,1329.59,1331.94,4007050000,1331.94
7/27/11,1331.91,1331.91,1303.49,1304.89,3479040000,1304.89
7/28/11,1304.84,1316.32,1299.16,1300.67,4951800000,1300.67
7/29/11,1300.12,1304.16,1282.86,1292.28,5061190000,1292.28
8/1/11,1292.59,1307.38,1274.73,1286.94,4967390000,1286.94
8/2/11,1286.56,1286.56,1254.03,1254.05,5206290000,1254.05
8/3/11,1254.25,1261.2,1234.56,1260.34,6446940000,1260.34
8/4/11,1260.23,1260.23,1199.54,1200.07,4266530000,1200.07
8/5/11,1200.28,1218.11,1168.09,1199.38,5454590000,1199.38
8/8/11,1198.48,1198.48,1119.28,1119.46,2615150000,1119.46
8/9/11,1120.23,1172.88,1101.54,1172.53,2366660000,1172.53
8/10/11,1171.77,1171.77,1118.01,1120.76,5018070000,1120.76
8/11/11,1121.3,1186.29,1121.3,1172.64,3685050000,1172.64
8/12/11,1172.87,1189.04,1170.74,1178.81,5640380000,1178.81
8/15/11,1178.86,1204.49,1178.86,1204.49,4272850000,1204.49
8/16/11,1204.22,1204.22,1180.53,1192.76,5071600000,1192.76
8/17/11,1192.89,1208.47,1184.36,1193.89,4388340000,1193.89
8/18/11,1189.62,1189.62,1131.03,1140.65,3234810000,1140.65
8/19/11,1140.47,1154.54,1122.05,1123.53,5167560000,1123.53
8/22/11,1123.55,1145.49,1121.09,1123.82,5436260000,1123.82
8/23/11,1124.36,1162.35,1124.36,1162.35,5013170000,1162.35
8/24/11,1162.16,1178.56,1156.3,1177.6,5315310000,1177.6
8/25/11,1176.69,1190.68,1155.47,1159.27,5748420000,1159.27
8/26/11,1158.85,1181.23,1135.91,1176.8,5035320000,1176.8
8/29/11,1177.91,1210.28,1177.91,1210.08,4228070000,1210.08
8/30/11,1209.76,1220.1,1195.77,1212.92,4572570000,1212.92
8/31/11,1213,1230.71,1209.35,1218.89,5267840000,1218.89
9/1/11,1219.12,1229.29,1203.85,1204.42,4780410000,1204.42
9/2/11,1203.9,1203.9,1170.56,1173.97,4401740000,1173.97
9/6/11,1173.97,1173.97,1140.13,1165.24,5103980000,1165.24
9/7/11,1165.85,1198.62,1165.85,1198.62,4441040000,1198.62
9/8/11,1197.98,1204.4,1183.34,1185.9,4465170000,1185.9
9/9/11,1185.37,1185.37,1148.37,1154.23,4586370000,1154.23
9/12/11,1153.5,1162.52,1136.07,1162.27,5168550000,1162.27
9/13/11,1162.59,1176.41,1157.44,1172.87,4681370000,1172.87
9/14/11,1173.32,1202.38,1162.73,1188.68,4986740000,1188.68
9/15/11,1189.44,1209.11,1189.44,1209.11,4479730000,1209.11
9/16/11,1209.21,1220.06,1204.46,1216.01,5248890000,1216.01
9/19/11,1214.99,1214.99,1188.36,1204.09,4254190000,1204.09
9/20/11,1204.5,1220.39,1201.29,1202.09,4315610000,1202.09
9/21/11,1203.63,1206.3,1166.21,1166.76,4728550000,1166.76
9/22/11,1164.55,1164.55,1114.22,1129.56,6703140000,1129.56
9/23/11,1128.82,1141.72,1121.36,1136.43,5639930000,1136.43
9/26/11,1136.91,1164.19,1131.07,1162.95,4762830000,1162.95
9/27/11,1163.32,1195.86,1163.32,1175.38,5548130000,1175.38
9/28/11,1175.39,1184.71,1150.4,1151.06,4787920000,1151.06
9/29/11,1151.74,1175.87,1139.93,1160.4,5285740000,1160.4
9/30/11,1159.93,1159.93,1131.34,1131.42,4416790000,1131.42
10/3/11,1131.21,1138.99,1098.92,1099.23,5670340000,1099.23
10/4/11,1097.42,1125.12,1074.77,1123.95,3714670000,1123.95
10/5/11,1124.03,1146.07,1115.68,1144.03,2510620000,1144.03
10/6/11,1144.11,1165.55,1134.95,1164.97,5098330000,1164.97
10/7/11,1165.03,1171.4,1150.26,1155.46,5580380000,1155.46
10/10/11,1158.15,1194.91,1158.15,1194.89,4446800000,1194.89
10/11/11,1194.6,1199.24,1187.3,1195.54,4424500000,1195.54
10/12/11,1196.19,1220.25,1196.19,1207.25,5355360000,1207.25
10/13/11,1206.96,1207.46,1190.58,1203.66,4436270000,1203.66
10/14/11,1205.65,1224.61,1205.65,1224.58,4116690000,1224.58
10/17/11,1224.47,1224.47,1198.55,1200.86,4300700000,1200.86
10/18/11,1200.75,1233.1,1191.48,1225.38,4840170000,1225.38
10/19/11,1223.46,1229.64,1206.31,1209.88,4846390000,1209.88
10/20/11,1209.92,1219.53,1197.34,1215.39,4870290000,1215.39
10/21/11,1215.39,1239.03,1215.39,1238.25,4980770000,1238.25
10/24/11,1238.72,1256.55,1238.72,1254.19,4309380000,1254.19
10/25/11,1254.19,1254.19,1226.79,1229.05,4473970000,1229.05
10/26/11,1229.17,1246.28,1221.06,1242,4873530000,1242
10/27/11,1243.97,1292.66,1243.97,1284.59,6367610000,1284.59
10/28/11,1284.39,1287.08,1277.01,1285.09,4536690000,1285.09
10/31/11,1284.96,1284.96,1253.16,1253.3,4310210000,1253.3
11/1/11,1251,1251,1215.42,1218.28,5645540000,1218.28
11/2/11,1219.62,1242.48,1219.62,1237.9,4110530000,1237.9
11/3/11,1238.25,1263.21,1234.81,1261.15,4849140000,1261.15
11/4/11,1260.82,1260.82,1238.92,1253.23,3830650000,1253.23
11/7/11,1253.21,1261.7,1240.75,1261.12,3429740000,1261.12
11/8/11,1261.12,1277.55,1254.99,1275.92,3908490000,1275.92
11/9/11,1275.18,1275.18,1226.64,1229.1,4659740000,1229.1
11/10/11,1229.59,1246.22,1227.7,1239.7,4002760000,1239.7
11/11/11,1240.12,1266.98,1240.12,1263.85,3357850000,1263.85
11/14/11,1263.85,1263.85,1246.68,1251.78,3219680000,1251.78
11/15/11,1251.7,1264.25,1244.34,1257.81,3599300000,1257.81
11/16/11,1257.81,1259.61,1235.67,1236.91,4085010000,1236.91
11/17/11,1236.56,1237.73,1209.43,1216.13,4596450000,1216.13
11/18/11,1216.19,1223.51,1211.36,1215.65,3827610000,1215.65
11/21/11,1215.62,1215.62,1183.16,1192.98,4050070000,1192.98
11/22/11,1192.98,1196.81,1181.65,1188.04,3911710000,1188.04
11/23/11,1187.48,1187.48,1161.79,1161.79,3798940000,1161.79
11/25/11,1161.41,1172.66,1158.66,1158.67,1664200000,1158.67
11/28/11,1158.67,1197.35,1158.67,1192.55,3920750000,1192.55
11/29/11,1192.56,1203.67,1191.8,1195.19,3992650000,1195.19
11/30/11,1196.72,1247.11,1196.72,1246.96,5801910000,1246.96
12/1/11,1246.91,1251.09,1239.73,1244.58,3818680000,1244.58
12/2/11,1246.03,1260.08,1243.35,1244.28,4144310000,1244.28
12/5/11,1244.33,1266.73,1244.33,1257.08,4148060000,1257.08
12/6/11,1257.19,1266.03,1253.03,1258.47,3734230000,1258.47
12/7/11,1258.14,1267.06,1244.8,1261.01,4160540000,1261.01
12/8/11,1260.87,1260.87,1231.47,1234.35,4298370000,1234.35
12/9/11,1234.48,1258.25,1234.48,1255.19,3830610000,1255.19
12/12/11,1255.05,1255.05,1227.25,1236.47,3600570000,1236.47
12/13/11,1236.83,1249.86,1219.43,1225.73,4121570000,1225.73
12/14/11,1225.73,1225.73,1209.47,1211.82,4298290000,1211.82
12/15/11,1212.12,1225.6,1212.12,1215.75,3810340000,1215.75
12/16/11,1216.09,1231.04,1215.2,1219.66,5345800000,1219.66
12/19/11,1219.74,1224.57,1202.37,1205.35,3659820000,1205.35
12/20/11,1205.72,1242.82,1205.72,1241.3,4055590000,1241.3
12/21/11,1241.25,1245.09,1229.51,1243.72,2959020000,1243.72
12/22/11,1243.72,1255.22,1243.72,1254,3492250000,1254
12/23/11,1254,1265.42,1254,1265.33,2233830000,1265.33
12/27/11,1265.02,1269.37,1262.3,1265.43,2130590000,1265.43
12/28/11,1265.38,1265.85,1248.64,1249.64,2349980000,1249.64
12/29/11,1249.75,1263.54,1249.75,1263.02,2278130000,1263.02
12/30/11,1262.82,1264.12,1257.46,1257.6,2271850000,1257.6
1/3/12,1258.86,1284.62,1258.86,1277.06,3943710000,1277.06
1/4/12,1277.03,1278.73,1268.1,1277.3,3592580000,1277.3
1/5/12,1277.3,1283.05,1265.26,1281.06,4315950000,1281.06
1/6/12,1280.93,1281.84,1273.34,1277.81,3656830000,1277.81
1/9/12,1277.83,1281.99,1274.55,1280.7,3371600000,1280.7
1/10/12,1280.77,1296.46,1280.77,1292.08,4221960000,1292.08
1/11/12,1292.02,1293.8,1285.41,1292.48,3968120000,1292.48
1/12/12,1292.48,1296.82,1285.77,1295.5,4019890000,1295.5
1/13/12,1294.82,1294.82,1277.58,1289.09,3692370000,1289.09
1/17/12,1290.22,1303,1290.22,1293.67,4010490000,1293.67
1/18/12,1293.65,1308.11,1290.99,1308.04,4096160000,1308.04
1/19/12,1308.07,1315.49,1308.07,1314.5,4465890000,1314.5
1/20/12,1314.49,1315.38,1309.17,1315.38,3912620000,1315.38
1/23/12,1315.29,1322.28,1309.89,1316,3770910000,1316
1/24/12,1315.96,1315.96,1306.06,1314.65,3693560000,1314.65
1/25/12,1314.4,1328.3,1307.65,1326.06,4410910000,1326.06
1/26/12,1326.28,1333.47,1313.6,1318.43,4522070000,1318.43
1/27/12,1318.25,1320.06,1311.72,1316.33,4007380000,1316.33
1/30/12,1316.16,1316.16,1300.49,1313.01,3659010000,1313.01
1/31/12,1313.53,1321.41,1306.69,1312.41,4235550000,1312.41
2/1/12,1312.45,1330.52,1312.45,1324.09,4504360000,1324.09
2/2/12,1324.24,1329.19,1321.57,1325.54,4120920000,1325.54
2/3/12,1326.21,1345.34,1326.21,1344.9,4608550000,1344.9
2/6/12,1344.32,1344.36,1337.52,1344.33,3379700000,1344.33
2/7/12,1344.33,1349.24,1335.92,1347.05,3742460000,1347.05
2/8/12,1347.04,1351,1341.95,1349.96,4096730000,1349.96
2/9/12,1349.97,1354.32,1344.63,1351.95,4209890000,1351.95
2/10/12,1351.21,1351.21,1337.35,1342.64,3877580000,1342.64
2/13/12,1343.06,1353.35,1343.06,1351.77,3618040000,1351.77
2/14/12,1351.3,1351.3,1340.83,1350.5,3889520000,1350.5
2/15/12,1350.52,1355.87,1340.8,1343.23,4080340000,1343.23
2/16/12,1342.61,1359.02,1341.22,1358.04,4108880000,1358.04
2/17/12,1358.06,1363.4,1357.24,1361.23,3717640000,1361.23
2/21/12,1361.22,1367.76,1358.11,1362.21,3795200000,1362.21
2/22/12,1362.11,1362.7,1355.53,1357.66,3633710000,1357.66
2/23/12,1357.53,1364.24,1352.28,1363.46,3786450000,1363.46
2/24/12,1363.46,1368.92,1363.46,1365.74,3505360000,1365.74
2/27/12,1365.2,1371.94,1354.92,1367.59,3648890000,1367.59
2/28/12,1367.56,1373.09,1365.97,1372.18,3579120000,1372.18
2/29/12,1372.2,1378.04,1363.81,1365.68,4482370000,1365.68
3/1/12,1365.9,1376.17,1365.9,1374.09,3919240000,1374.09
3/2/12,1374.09,1374.53,1366.42,1369.63,3283490000,1369.63
3/5/12,1369.59,1369.59,1359.13,1364.33,3429480000,1364.33
3/6/12,1363.63,1363.63,1340.03,1343.36,4191060000,1343.36
3/7/12,1343.39,1354.85,1343.39,1352.63,3580380000,1352.63
3/8/12,1352.65,1368.72,1352.65,1365.91,3543060000,1365.91
3/9/12,1365.97,1374.76,1365.97,1370.87,3639470000,1370.87
3/12/12,1370.78,1373.04,1366.69,1371.09,3081870000,1371.09
3/13/12,1371.92,1396.13,1371.92,1395.95,4386470000,1395.95
3/14/12,1395.95,1399.42,1389.97,1394.28,4502280000,1394.28
3/15/12,1394.17,1402.63,1392.78,1402.6,4271650000,1402.6
3/16/12,1402.55,1405.88,1401.47,1404.17,5163950000,1404.17
3/19/12,1404.17,1414,1402.43,1409.75,3932570000,1409.75
3/20/12,1409.59,1409.59,1397.68,1405.52,3695280000,1405.52
3/21/12,1405.52,1407.75,1400.64,1402.89,3573590000,1402.89
3/22/12,1402.89,1402.89,1388.73,1392.78,3740590000,1392.78
3/23/12,1392.78,1399.18,1386.87,1397.11,3472950000,1397.11
3/26/12,1397.11,1416.58,1397.11,1416.51,3576950000,1416.51
3/27/12,1416.55,1419.15,1411.95,1412.52,3513640000,1412.52
3/28/12,1412.52,1413.65,1397.2,1405.54,3892800000,1405.54
3/29/12,1405.39,1405.39,1391.56,1403.28,3832000000,1403.28
3/30/12,1403.31,1410.89,1401.42,1408.47,3676890000,1408.47
4/2/12,1408.47,1422.38,1404.46,1419.04,3572010000,1419.04
4/3/12,1418.98,1419,1404.62,1413.38,3822090000,1413.38
4/4/12,1413.09,1413.09,1394.09,1398.96,3938290000,1398.96
4/5/12,1398.79,1401.6,1392.92,1398.08,3303740000,1398.08
4/9/12,1397.45,1397.45,1378.24,1382.2,3468980000,1382.2
4/10/12,1382.18,1383.01,1357.38,1358.59,4631730000,1358.59
4/11/12,1358.98,1374.71,1358.98,1368.71,3743040000,1368.71
4/12/12,1368.77,1388.13,1368.77,1387.57,3618280000,1387.57
4/13/12,1387.61,1387.61,1369.85,1370.26,3631160000,1370.26
4/16/12,1370.27,1379.66,1365.38,1369.57,3574780000,1369.57
4/17/12,1369.57,1392.76,1369.57,1390.78,3456200000,1390.78
4/18/12,1390.78,1390.78,1383.29,1385.14,3463140000,1385.14
4/19/12,1385.08,1390.46,1370.3,1376.92,4180020000,1376.92
4/20/12,1376.96,1387.4,1376.96,1378.53,3833320000,1378.53
4/23/12,1378.53,1378.53,1358.79,1366.94,3654860000,1366.94
4/24/12,1366.97,1375.57,1366.82,1371.97,3617100000,1371.97
4/25/12,1372.11,1391.37,1372.11,1390.69,3998430000,1390.69
4/26/12,1390.64,1402.09,1387.28,1399.98,4034700000,1399.98
4/27/12,1400.19,1406.64,1397.31,1403.36,3645830000,1403.36
4/30/12,1403.26,1403.26,1394,1397.91,3574010000,1397.91
5/1/12,1397.86,1415.32,1395.73,1405.82,3807950000,1405.82
5/2/12,1405.5,1405.5,1393.92,1402.31,3803860000,1402.31
5/3/12,1402.32,1403.07,1388.71,1391.57,4004910000,1391.57
5/4/12,1391.51,1391.51,1367.96,1369.1,3975140000,1369.1
5/7/12,1368.79,1373.91,1363.94,1369.58,3559390000,1369.58
5/8/12,1369.16,1369.16,1347.75,1363.72,4261670000,1363.72
5/9/12,1363.2,1363.73,1343.13,1354.58,4288540000,1354.58
5/10/12,1354.58,1365.88,1354.58,1357.99,3727990000,1357.99
5/11/12,1358.11,1365.66,1348.89,1353.39,3869070000,1353.39
5/14/12,1351.93,1351.93,1336.61,1338.35,3688120000,1338.35
5/15/12,1338.36,1344.94,1328.41,1330.66,4114040000,1330.66
5/16/12,1330.78,1341.78,1324.79,1324.8,4280420000,1324.8
5/17/12,1324.82,1326.36,1304.86,1304.86,4664280000,1304.86
5/18/12,1305.05,1312.24,1291.98,1295.22,4512470000,1295.22
5/21/12,1295.73,1316.39,1295.73,1315.99,3786750000,1315.99
5/22/12,1316.09,1328.49,1310.04,1316.63,4123680000,1316.63
5/23/12,1316.02,1320.71,1296.53,1318.86,4108330000,1318.86
5/24/12,1318.72,1324.14,1310.5,1320.68,3937670000,1320.68
5/25/12,1320.81,1324.2,1314.23,1317.82,2872660000,1317.82
5/29/12,1318.9,1334.93,1318.9,1332.42,3441640000,1332.42
5/30/12,1331.25,1331.25,1310.76,1313.32,3534290000,1313.32
5/31/12,1313.09,1319.74,1298.9,1310.33,4557620000,1310.33
6/1/12,1309.87,1309.87,1277.25,1278.04,4669350000,1278.04
6/4/12,1278.29,1282.55,1266.74,1278.18,4011960000,1278.18
6/5/12,1277.82,1287.62,1274.16,1285.5,3403230000,1285.5
6/6/12,1285.61,1315.13,1285.61,1315.13,4268360000,1315.13
6/7/12,1316.15,1329.05,1312.68,1314.99,4258140000,1314.99
6/8/12,1314.99,1325.81,1307.77,1325.66,3497190000,1325.66
6/11/12,1325.72,1335.52,1307.73,1308.93,3537530000,1308.93
6/12/12,1309.4,1324.31,1306.62,1324.18,3442920000,1324.18
6/13/12,1324.02,1327.28,1310.51,1314.88,3506510000,1314.88
6/14/12,1314.88,1333.68,1314.14,1329.1,3687720000,1329.1
6/15/12,1329.19,1343.32,1329.19,1342.84,4401570000,1342.84
6/18/12,1342.42,1348.22,1334.46,1344.78,3259430000,1344.78
6/19/12,1344.83,1363.46,1344.83,1357.98,3815350000,1357.98
6/20/12,1358.04,1361.57,1346.45,1355.69,3695700000,1355.69
6/21/12,1355.43,1358.27,1324.41,1325.51,4094470000,1325.51
6/22/12,1325.92,1337.82,1325.92,1335.02,5271490000,1335.02
6/25/12,1334.9,1334.9,1309.27,1313.72,3501820000,1313.72
6/26/12,1314.09,1324.24,1310.3,1319.99,3412940000,1319.99
6/27/12,1320.71,1334.4,1320.71,1331.85,3286910000,1331.85
6/28/12,1331.52,1331.52,1313.29,1329.04,3969370000,1329.04
6/29/12,1330.12,1362.17,1330.12,1362.16,4590480000,1362.16
7/2/12,1362.33,1366.35,1355.7,1365.51,3301650000,1365.51
7/3/12,1365.75,1374.81,1363.53,1374.02,2116390000,1374.02
7/5/12,1373.72,1373.85,1363.02,1367.58,3041520000,1367.58
7/6/12,1367.09,1367.09,1348.03,1354.68,2745140000,1354.68
7/9/12,1354.66,1354.87,1346.65,1352.46,2904860000,1352.46
7/10/12,1352.96,1361.54,1336.27,1341.47,3470600000,1341.47
7/11/12,1341.4,1345,1333.25,1341.45,3426290000,1341.45
7/12/12,1341.29,1341.29,1325.41,1334.76,3654440000,1334.76
7/13/12,1334.81,1357.7,1334.81,1356.78,3212930000,1356.78
7/16/12,1356.5,1357.26,1348.51,1353.64,2862720000,1353.64
7/17/12,1353.68,1365.36,1345.07,1363.67,3566680000,1363.67
7/18/12,1363.58,1375.26,1358.96,1372.78,3642630000,1372.78
7/19/12,1373.01,1380.39,1371.21,1376.51,4043360000,1376.51
7/20/12,1376.51,1376.51,1362.19,1362.66,3925020000,1362.66
7/23/12,1362.34,1362.34,1337.56,1350.52,3717180000,1350.52
7/24/12,1350.52,1351.53,1329.24,1338.31,3891290000,1338.31
7/25/12,1338.35,1343.98,1331.5,1337.89,3719170000,1337.89
7/26/12,1338.17,1363.13,1338.17,1360.02,4429300000,1360.02
7/27/12,1360.05,1389.19,1360.05,1385.97,4399010000,1385.97
7/30/12,1385.94,1391.74,1381.37,1385.3,3212060000,1385.3
7/31/12,1385.27,1387.16,1379.17,1379.32,3821570000,1379.32
8/1/12,1379.32,1385.03,1373.35,1375.32,4440920000,1375.32
8/2/12,1375.13,1375.13,1354.65,1365,4193740000,1365
8/3/12,1365.45,1394.16,1365.45,1390.99,3751170000,1390.99
8/6/12,1391.04,1399.63,1391.04,1394.23,3122050000,1394.23
8/7/12,1394.46,1407.14,1394.46,1401.35,3682490000,1401.35
8/8/12,1401.23,1404.14,1396.13,1402.22,3221790000,1402.22
8/9/12,1402.26,1405.95,1398.8,1402.8,3119610000,1402.8
8/10/12,1402.58,1405.98,1395.62,1405.87,2767980000,1405.87
8/13/12,1405.87,1405.87,1397.32,1404.11,2499990000,1404.11
8/14/12,1404.36,1410.03,1400.6,1403.93,2930900000,1403.93
8/15/12,1403.89,1407.73,1401.83,1405.53,2655750000,1405.53
8/16/12,1405.57,1417.44,1404.15,1415.51,3114100000,1415.51
8/17/12,1415.84,1418.71,1414.67,1418.16,2922990000,1418.16
8/20/12,1417.85,1418.13,1412.12,1418.13,2766320000,1418.13
8/21/12,1418.13,1426.68,1410.86,1413.17,3282950000,1413.17
8/22/12,1413.09,1416.12,1406.78,1413.49,3062690000,1413.49
8/23/12,1413.49,1413.49,1400.5,1402.08,3008240000,1402.08
8/24/12,1401.99,1413.46,1398.04,1411.13,2598790000,1411.13
8/27/12,1411.13,1416.17,1409.11,1410.44,2472500000,1410.44
8/28/12,1410.44,1413.63,1405.59,1409.3,2629090000,1409.3
8/29/12,1409.32,1413.95,1406.57,1410.49,2571220000,1410.49
8/30/12,1410.08,1410.08,1397.01,1399.48,2530280000,1399.48
8/31/12,1400.07,1413.09,1398.96,1406.58,2938250000,1406.58
9/4/12,1406.54,1409.31,1396.56,1404.94,3200310000,1404.94
9/5/12,1404.94,1408.81,1401.25,1403.44,3389110000,1403.44
9/6/12,1403.74,1432.12,1403.74,1432.12,3952870000,1432.12
9/7/12,1432.12,1437.92,1431.45,1437.92,3717620000,1437.92
9/10/12,1437.92,1438.74,1428.98,1429.08,3223670000,1429.08
9/11/12,1429.13,1437.76,1429.13,1433.56,3509630000,1433.56
9/12/12,1433.56,1439.15,1432.99,1436.56,3641200000,1436.56
9/13/12,1436.56,1463.76,1435.34,1459.99,4606550000,1459.99
9/14/12,1460.07,1474.51,1460.07,1465.77,5041990000,1465.77
9/17/12,1465.42,1465.63,1457.55,1461.19,3482430000,1461.19
9/18/12,1461.19,1461.47,1456.13,1459.32,3377390000,1459.32
9/19/12,1459.5,1465.15,1457.88,1461.05,3451360000,1461.05
9/20/12,1461.05,1461.23,1449.98,1460.26,3382520000,1460.26
9/21/12,1460.34,1467.07,1459.51,1460.15,4833870000,1460.15
9/24/12,1459.76,1460.72,1452.06,1456.89,3008920000,1456.89
9/25/12,1456.94,1463.24,1441.59,1441.59,3739900000,1441.59
9/26/12,1441.6,1441.6,1430.53,1433.32,3565380000,1433.32
9/27/12,1433.36,1450.2,1433.36,1447.15,3150330000,1447.15
9/28/12,1447.13,1447.13,1435.6,1440.67,3509230000,1440.67
10/1/12,1440.9,1457.14,1440.9,1444.49,3505080000,1444.49
10/2/12,1444.99,1451.52,1439.01,1445.75,3321790000,1445.75
10/3/12,1446.05,1454.3,1441.99,1450.99,3531640000,1450.99
10/4/12,1451.08,1463.14,1451.08,1461.4,3615860000,1461.4
10/5/12,1461.4,1470.96,1456.89,1460.93,3172940000,1460.93
10/8/12,1460.93,1460.93,1453.1,1455.88,2328720000,1455.88
10/9/12,1455.9,1455.9,1441.18,1441.48,3216320000,1441.48
10/10/12,1441.48,1442.52,1430.64,1432.56,3225060000,1432.56
10/11/12,1432.82,1443.9,1432.82,1432.84,3672540000,1432.84
10/12/12,1432.84,1438.43,1425.53,1428.59,3134750000,1428.59
10/15/12,1428.75,1441.31,1427.24,1440.13,3483810000,1440.13
10/16/12,1440.31,1455.51,1440.31,1454.92,3568770000,1454.92
10/17/12,1454.22,1462.2,1453.35,1460.91,3655320000,1460.91
10/18/12,1460.94,1464.02,1452.63,1457.34,3880030000,1457.34
10/19/12,1457.34,1457.34,1429.85,1433.19,3875170000,1433.19
10/22/12,1433.21,1435.46,1422.06,1433.82,3216220000,1433.82
10/23/12,1433.74,1433.74,1407.56,1413.11,3587670000,1413.11
10/24/12,1413.2,1420.04,1407.1,1408.75,3385970000,1408.75
10/25/12,1409.74,1421.12,1405.14,1412.97,3512640000,1412.97
10/26/12,1412.97,1417.09,1403.28,1411.94,3284910000,1411.94
10/31/12,1410.99,1418.76,1405.95,1412.16,3577110000,1412.16
11/1/12,1412.2,1428.35,1412.2,1427.59,3929890000,1427.59
11/2/12,1427.59,1434.27,1412.91,1414.2,3732480000,1414.2
11/5/12,1414.02,1419.9,1408.13,1417.26,2921040000,1417.26
11/6/12,1417.26,1433.38,1417.26,1428.39,3306970000,1428.39
11/7/12,1428.27,1428.27,1388.14,1394.53,4356490000,1394.53
11/8/12,1394.53,1401.23,1377.51,1377.51,3779520000,1377.51
11/9/12,1377.55,1391.39,1373.03,1379.85,3647350000,1379.85
11/12/12,1379.86,1384.87,1377.19,1380.03,2567540000,1380.03
11/13/12,1380.03,1388.81,1371.39,1374.53,3455550000,1374.53
11/14/12,1374.64,1380.13,1352.5,1355.49,4109510000,1355.49
11/15/12,1355.41,1360.62,1348.05,1353.33,3928870000,1353.33
11/16/12,1353.36,1362.03,1343.35,1359.88,4045910000,1359.88
11/19/12,1359.88,1386.89,1359.88,1386.89,3374800000,1386.89
11/20/12,1386.82,1389.77,1377.04,1387.81,3207160000,1387.81
11/21/12,1387.79,1391.25,1386.39,1391.03,2667090000,1391.03
11/23/12,1391.03,1409.16,1391.03,1409.15,1504960000,1409.15
11/26/12,1409.15,1409.15,1397.68,1406.29,2948960000,1406.29
11/27/12,1406.29,1409.01,1398.03,1398.94,3323120000,1398.94
11/28/12,1398.77,1410.31,1385.43,1409.93,3359250000,1409.93
11/29/12,1409.96,1419.7,1409.04,1415.95,3356850000,1415.95
11/30/12,1415.95,1418.86,1411.63,1416.18,3966000000,1416.18
12/3/12,1416.34,1423.73,1408.46,1409.46,3074280000,1409.46
12/4/12,1409.46,1413.14,1403.65,1407.05,3247710000,1407.05
12/5/12,1407.05,1415.56,1398.23,1409.28,4253920000,1409.28
12/6/12,1409.43,1413.95,1405.93,1413.94,3229700000,1413.94
12/7/12,1413.95,1420.34,1410.9,1418.07,3125160000,1418.07
12/10/12,1418.07,1421.64,1415.64,1418.55,2999430000,1418.55
12/11/12,1418.55,1434.27,1418.55,1427.84,3650230000,1427.84
12/12/12,1427.84,1438.59,1426.76,1428.48,3709050000,1428.48
12/13/12,1428.48,1431.36,1416,1419.45,3349960000,1419.45
12/14/12,1419.45,1419.45,1411.88,1413.58,3210170000,1413.58
12/17/12,1413.54,1430.67,1413.54,1430.36,3455610000,1430.36
12/18/12,1430.47,1448,1430.47,1446.79,4302240000,1446.79
12/19/12,1446.79,1447.75,1435.8,1435.81,3869800000,1435.81
12/20/12,1435.81,1443.7,1432.82,1443.69,3686580000,1443.69
12/21/12,1443.67,1443.67,1422.58,1430.15,5229160000,1430.15
12/24/12,1430.15,1430.15,1424.66,1426.66,1248960000,1426.66
12/26/12,1426.66,1429.42,1416.43,1419.83,2285030000,1419.83
12/27/12,1419.83,1422.8,1401.8,1418.1,2830180000,1418.1
12/28/12,1418.1,1418.1,1401.58,1402.43,2426680000,1402.43
12/31/12,1402.43,1426.74,1398.11,1426.19,3204330000,1426.19
1/2/13,1426.19,1462.43,1426.19,1462.42,4202600000,1462.42
1/3/13,1462.42,1465.47,1455.53,1459.37,3829730000,1459.37
1/4/13,1459.37,1467.94,1458.99,1466.47,3424290000,1466.47
1/7/13,1466.47,1466.47,1456.62,1461.89,3304970000,1461.89
1/8/13,1461.89,1461.89,1451.64,1457.15,3601600000,1457.15
1/9/13,1457.15,1464.73,1457.15,1461.02,3674390000,1461.02
1/10/13,1461.02,1472.3,1461.02,1472.12,4081840000,1472.12
1/11/13,1472.12,1472.75,1467.58,1472.05,3340650000,1472.05
1/14/13,1472.05,1472.05,1465.69,1470.68,3003010000,1470.68
1/15/13,1470.67,1473.31,1463.76,1472.34,3135350000,1472.34
1/16/13,1472.33,1473.96,1467.6,1472.63,3384080000,1472.63
1/17/13,1472.63,1485.16,1472.63,1480.94,3706710000,1480.94
1/18/13,1480.95,1485.98,1475.81,1485.98,3795740000,1485.98
1/22/13,1485.98,1492.56,1481.16,1492.56,3570950000,1492.56
1/23/13,1492.56,1496.13,1489.9,1494.81,3552010000,1494.81
1/24/13,1494.81,1502.27,1489.46,1494.82,3699430000,1494.82
1/25/13,1494.82,1503.26,1494.82,1502.96,3476290000,1502.96
1/28/13,1502.96,1503.23,1496.33,1500.18,3388540000,1500.18
1/29/13,1500.18,1509.35,1498.09,1507.84,3949640000,1507.84
1/30/13,1507.84,1509.94,1500.11,1501.96,3726810000,1501.96
1/31/13,1501.96,1504.19,1496.76,1498.11,3999880000,1498.11
2/1/13,1498.11,1514.41,1498.11,1513.17,3836320000,1513.17
2/4/13,1513.17,1513.17,1495.02,1495.71,3390000000,1495.71
2/5/13,1495.71,1514.96,1495.71,1511.29,3618360000,1511.29
2/6/13,1511.29,1512.53,1504.71,1512.12,3611570000,1512.12
2/7/13,1512.12,1512.9,1498.49,1509.39,3614580000,1509.39
2/8/13,1509.39,1518.31,1509.39,1517.93,2986150000,1517.93
2/11/13,1517.93,1518.31,1513.61,1517.01,2684100000,1517.01
2/12/13,1517.01,1522.29,1515.61,1519.43,3414370000,1519.43
2/13/13,1519.43,1524.69,1515.93,1520.33,3385880000,1520.33
2/14/13,1520.33,1523.14,1514.02,1521.38,3759740000,1521.38
2/15/13,1521.38,1524.24,1514.14,1519.79,3838510000,1519.79
2/19/13,1519.79,1530.94,1519.79,1530.94,3748910000,1530.94
2/20/13,1530.94,1530.94,1511.41,1511.95,4240570000,1511.95
2/21/13,1511.95,1511.95,1497.29,1502.42,4274600000,1502.42
2/22/13,1502.42,1515.64,1502.42,1515.6,3419320000,1515.6
2/25/13,1515.6,1525.84,1487.85,1487.85,4011050000,1487.85
2/26/13,1487.85,1498.99,1485.01,1496.94,3975280000,1496.94
2/27/13,1496.94,1520.08,1494.88,1515.99,3551850000,1515.99
2/28/13,1515.99,1525.34,1514.46,1514.68,3912320000,1514.68
3/1/13,1514.68,1519.99,1501.48,1518.2,3695610000,1518.2
3/4/13,1518.2,1525.27,1512.29,1525.2,3414430000,1525.2
3/5/13,1525.2,1543.47,1525.2,1539.79,3610690000,1539.79
3/6/13,1539.79,1545.25,1538.11,1541.46,3676890000,1541.46
3/7/13,1541.46,1545.78,1541.46,1544.26,3634710000,1544.26
3/8/13,1544.26,1552.48,1542.94,1551.18,3652260000,1551.18
3/11/13,1551.15,1556.27,1547.36,1556.22,3091080000,1556.22
3/12/13,1556.22,1556.77,1548.24,1552.48,3274910000,1552.48
3/13/13,1552.48,1556.39,1548.25,1554.52,3073830000,1554.52
3/14/13,1554.52,1563.32,1554.52,1563.23,3459260000,1563.23
3/15/13,1563.21,1563.62,1555.74,1560.7,5175850000,1560.7
3/18/13,1560.7,1560.7,1545.13,1552.1,3164560000,1552.1
3/19/13,1552.1,1557.25,1538.57,1548.34,3796210000,1548.34
3/20/13,1548.34,1561.56,1548.34,1558.71,3349090000,1558.71
3/21/13,1558.71,1558.71,1543.55,1545.8,3243270000,1545.8
3/22/13,1545.9,1557.74,1545.9,1556.89,2948380000,1556.89
3/25/13,1556.89,1564.91,1546.22,1551.69,3178170000,1551.69
3/26/13,1551.69,1563.95,1551.69,1563.77,2869260000,1563.77
3/27/13,1563.75,1564.07,1551.9,1562.85,2914210000,1562.85
3/28/13,1562.86,1570.28,1561.08,1569.19,3304440000,1569.19
4/1/13,1569.18,1570.57,1558.47,1562.17,2753110000,1562.17
4/2/13,1562.17,1573.66,1562.17,1570.25,3312160000,1570.25
4/3/13,1570.25,1571.47,1549.8,1553.69,4060610000,1553.69
4/4/13,1553.69,1562.6,1552.52,1559.98,3350670000,1559.98
4/5/13,1559.98,1559.98,1539.5,1553.28,3515410000,1553.28
4/8/13,1553.26,1563.07,1548.63,1563.07,2887120000,1563.07
4/9/13,1563.11,1573.89,1560.92,1568.61,3252780000,1568.61
4/10/13,1568.61,1589.07,1568.61,1587.73,3453350000,1587.73
4/11/13,1587.73,1597.35,1586.17,1593.37,3393950000,1593.37
4/12/13,1593.3,1593.3,1579.97,1588.85,3206290000,1588.85
4/15/13,1588.84,1588.84,1552.28,1552.36,4660130000,1552.36
4/16/13,1552.36,1575.35,1552.36,1574.57,3654700000,1574.57
4/17/13,1574.57,1574.57,1543.69,1552.01,4250310000,1552.01
4/18/13,1552.03,1554.38,1536.03,1541.61,3890800000,1541.61
4/19/13,1541.61,1555.89,1539.4,1555.25,3569870000,1555.25
4/22/13,1555.25,1565.55,1548.19,1562.5,2979880000,1562.5
4/23/13,1562.5,1579.58,1562.5,1578.78,3565150000,1578.78
4/24/13,1578.78,1583,1575.8,1578.79,3598240000,1578.79
4/25/13,1578.93,1592.64,1578.93,1585.16,3908580000,1585.16
4/26/13,1585.16,1585.78,1577.56,1582.24,3198620000,1582.24
4/29/13,1582.34,1596.65,1582.34,1593.61,2891200000,1593.61
4/30/13,1593.58,1597.57,1586.5,1597.57,3745070000,1597.57
5/1/13,1597.55,1597.55,1581.28,1582.7,3530320000,1582.7
5/2/13,1582.77,1598.6,1582.77,1597.59,3366950000,1597.59
5/3/13,1597.6,1618.46,1597.6,1614.42,3603910000,1614.42
5/6/13,1614.4,1619.77,1614.21,1617.5,3062240000,1617.5
5/7/13,1617.55,1626.03,1616.64,1625.96,3309580000,1625.96
5/8/13,1625.95,1632.78,1622.7,1632.69,3554700000,1632.69
5/9/13,1632.69,1635.01,1623.09,1626.67,3457400000,1626.67
5/10/13,1626.69,1633.7,1623.71,1633.7,3086470000,1633.7
5/13/13,1632.1,1636,1626.74,1633.77,2910600000,1633.77
5/14/13,1633.75,1651.1,1633.75,1650.34,3457790000,1650.34
5/15/13,1649.13,1661.49,1646.68,1658.78,3657440000,1658.78
5/16/13,1658.07,1660.51,1648.6,1650.47,3513130000,1650.47
5/17/13,1652.45,1667.47,1652.45,1667.47,3440710000,1667.47
5/20/13,1665.71,1672.84,1663.52,1666.29,3275080000,1666.29
5/21/13,1666.2,1674.93,1662.67,1669.16,3513560000,1669.16
5/22/13,1669.39,1687.18,1648.86,1655.35,4361020000,1655.35
5/23/13,1651.62,1655.5,1635.53,1650.51,3945510000,1650.51
5/24/13,1646.67,1649.78,1636.88,1649.6,2758080000,1649.6
5/28/13,1652.63,1674.21,1652.63,1660.06,3457400000,1660.06
5/29/13,1656.57,1656.57,1640.05,1648.36,3587140000,1648.36
5/30/13,1649.14,1661.91,1648.61,1654.41,3498620000,1654.41
5/31/13,1652.13,1658.99,1630.74,1630.74,4099600000,1630.74
6/3/13,1631.71,1640.42,1622.72,1640.42,3952070000,1640.42
6/4/13,1640.73,1646.53,1623.62,1631.38,3653840000,1631.38
6/5/13,1629.05,1629.31,1607.09,1608.9,3632350000,1608.9
6/6/13,1609.29,1622.56,1598.23,1622.56,3547380000,1622.56
6/7/13,1625.27,1644.4,1625.27,1643.38,3371990000,1643.38
6/10/13,1644.67,1648.69,1639.26,1642.81,2978730000,1642.81
6/11/13,1638.64,1640.13,1622.92,1626.13,3435710000,1626.13
6/12/13,1629.94,1637.71,1610.92,1612.52,3202550000,1612.52
6/13/13,1612.15,1639.25,1608.07,1636.36,3378620000,1636.36
6/14/13,1635.52,1640.8,1623.96,1626.73,2939400000,1626.73
6/17/13,1630.64,1646.5,1630.34,1639.04,3137080000,1639.04
6/18/13,1639.77,1654.19,1639.77,1651.81,3120980000,1651.81
6/19/13,1651.83,1652.45,1628.91,1628.93,3545060000,1628.93
6/20/13,1624.62,1624.62,1584.32,1588.19,4858850000,1588.19
6/21/13,1588.62,1599.19,1577.7,1592.43,5797280000,1592.43
6/24/13,1588.77,1588.77,1560.33,1573.09,4733660000,1573.09
6/25/13,1577.52,1593.79,1577.09,1588.03,3761170000,1588.03
6/26/13,1592.27,1606.83,1592.27,1603.26,3558340000,1603.26
6/27/13,1606.44,1620.07,1606.44,1613.2,3364540000,1613.2
6/28/13,1611.12,1615.94,1601.06,1606.28,4977190000,1606.28
7/1/13,1609.78,1626.61,1609.78,1614.96,3104690000,1614.96
7/2/13,1614.29,1624.26,1606.77,1614.08,3317130000,1614.08
7/3/13,1611.48,1618.97,1604.57,1615.41,1966050000,1615.41
7/5/13,1618.65,1632.07,1614.71,1631.89,2634140000,1631.89
7/8/13,1634.2,1644.68,1634.2,1640.46,3514590000,1640.46
7/9/13,1642.89,1654.18,1642.89,1652.32,3155360000,1652.32
7/10/13,1651.56,1657.92,1647.66,1652.62,3011010000,1652.62
7/11/13,1657.41,1676.63,1657.41,1675.02,3446340000,1675.02
7/12/13,1675.26,1680.19,1672.33,1680.19,3039070000,1680.19
7/15/13,1679.59,1684.51,1677.89,1682.5,2623200000,1682.5
7/16/13,1682.7,1683.73,1671.84,1676.26,3081710000,1676.26
7/17/13,1677.91,1684.75,1677.91,1680.91,3153440000,1680.91
7/18/13,1681.05,1693.12,1681.05,1689.37,3452370000,1689.37
7/19/13,1686.15,1692.09,1684.08,1692.09,3302580000,1692.09
7/22/13,1694.41,1697.61,1690.67,1695.53,2779130000,1695.53
7/23/13,1696.63,1698.78,1691.13,1692.39,3096180000,1692.39
7/24/13,1696.06,1698.38,1682.57,1685.94,3336120000,1685.94
7/25/13,1685.21,1690.94,1680.07,1690.25,3322500000,1690.25
7/26/13,1687.31,1691.85,1676.03,1691.65,2762770000,1691.65
7/29/13,1690.32,1690.92,1681.86,1685.33,2840520000,1685.33
7/30/13,1687.92,1693.19,1682.42,1685.96,3320530000,1685.96
7/31/13,1687.76,1698.43,1684.94,1685.73,3847390000,1685.73
8/1/13,1689.42,1707.85,1689.42,1706.87,3775170000,1706.87
8/2/13,1706.1,1709.67,1700.68,1709.67,3136630000,1709.67
8/5/13,1708.01,1709.24,1703.55,1707.14,2529300000,1707.14
8/6/13,1705.79,1705.79,1693.29,1697.37,3141210000,1697.37
8/7/13,1695.3,1695.3,1684.91,1690.91,3010230000,1690.91
8/8/13,1693.35,1700.18,1688.38,1697.48,3271660000,1697.48
8/9/13,1696.1,1699.42,1686.02,1691.42,2957670000,1691.42
8/12/13,1688.37,1691.49,1683.35,1689.47,2789160000,1689.47
8/13/13,1690.65,1696.81,1682.62,1694.16,3035560000,1694.16
8/14/13,1693.88,1695.52,1684.83,1685.39,2871430000,1685.39
8/15/13,1679.61,1679.61,1658.59,1661.32,3426690000,1661.32
8/16/13,1661.22,1663.6,1652.61,1655.83,3211450000,1655.83
8/19/13,1655.25,1659.18,1645.84,1646.06,2904530000,1646.06
8/20/13,1646.81,1658.92,1646.08,1652.35,2994090000,1652.35
8/21/13,1650.66,1656.99,1639.43,1642.8,2932180000,1642.8
8/22/13,1645.03,1659.55,1645.03,1656.96,2537460000,1656.96
8/23/13,1659.92,1664.85,1654.81,1663.5,2582670000,1663.5
8/26/13,1664.29,1669.51,1656.02,1656.78,2430670000,1656.78
8/27/13,1652.54,1652.54,1629.05,1630.48,3219190000,1630.48
8/28/13,1630.25,1641.18,1627.47,1634.96,2784010000,1634.96
8/29/13,1633.5,1646.41,1630.88,1638.17,2527550000,1638.17
8/30/13,1638.89,1640.08,1628.05,1632.97,2734300000,1632.97
9/3/13,1635.95,1651.35,1633.41,1639.77,3731610000,1639.77
9/4/13,1640.72,1655.72,1637.41,1653.08,3312150000,1653.08
9/5/13,1653.28,1659.17,1653.07,1655.08,2957110000,1655.08
9/6/13,1657.44,1664.83,1640.62,1655.17,3123880000,1655.17
9/9/13,1656.85,1672.4,1656.85,1671.71,3102780000,1671.71
9/10/13,1675.11,1684.09,1675.11,1683.99,3691800000,1683.99
9/11/13,1681.04,1689.13,1678.7,1689.13,3135460000,1689.13
9/12/13,1689.21,1689.97,1681.96,1683.42,3106290000,1683.42
9/13/13,1685.04,1688.73,1682.22,1687.99,2736500000,1687.99
9/16/13,1691.7,1704.95,1691.7,1697.6,3079800000,1697.6
9/17/13,1697.73,1705.52,1697.73,1704.76,2774240000,1704.76
9/18/13,1705.74,1729.44,1700.35,1725.52,3989760000,1725.52
9/19/13,1727.34,1729.86,1720.2,1722.34,3740130000,1722.34
9/20/13,1722.44,1725.23,1708.89,1709.91,5074030000,1709.91
9/23/13,1711.44,1711.44,1697.1,1701.84,3126950000,1701.84
9/24/13,1702.6,1707.63,1694.9,1697.42,3268930000,1697.42
9/25/13,1698.02,1701.71,1691.88,1692.77,3148730000,1692.77
9/26/13,1694.05,1703.85,1693.11,1698.67,2813930000,1698.67
9/27/13,1695.52,1695.52,1687.11,1691.75,2951700000,1691.75
9/30/13,1687.26,1687.26,1674.99,1681.55,3308630000,1681.55
10/1/13,1682.41,1696.55,1682.07,1695,3238690000,1695
10/2/13,1691.9,1693.87,1680.34,1693.87,3148600000,1693.87
10/3/13,1692.35,1692.35,1670.36,1678.66,3279650000,1678.66
10/4/13,1678.79,1691.94,1677.33,1690.5,2880270000,1690.5
10/7/13,1687.15,1687.15,1674.7,1676.12,2678490000,1676.12
10/8/13,1676.22,1676.79,1655.03,1655.45,3569230000,1655.45
10/9/13,1656.99,1662.47,1646.47,1656.4,3577840000,1656.4
10/10/13,1660.88,1692.56,1660.88,1692.56,3362300000,1692.56
10/11/13,1691.09,1703.44,1688.52,1703.2,2944670000,1703.2
10/14/13,1699.86,1711.03,1692.13,1710.14,2580580000,1710.14
10/15/13,1709.17,1711.57,1695.93,1698.06,3327740000,1698.06
10/16/13,1700.49,1721.76,1700.49,1721.54,3486180000,1721.54
10/17/13,1720.17,1733.45,1714.12,1733.15,3453590000,1733.15
10/18/13,1736.72,1745.31,1735.74,1744.5,3664890000,1744.5
