1/2/07,12924.5,12989.6,12908.4,12923.7,60857400,12923.7
1/3/07,12919.2,12926.4,12672.8,12701.4,199791500,12701.4
1/4/07,12679.2,12701.4,12519.4,12553.6,247371700,12553.6
1/5/07,12517.6,12553.6,12439.3,12478,201713900,12478
1/8/07,12558.3,12617.3,12478,12553.1,172708300,12553.1
1/9/07,12496.8,12553.1,12412.8,12468,207620800,12468
1/10/07,12461.2,12474.2,12412.5,12457.5,196377200,12457.5
1/11/07,12455,12594.1,12453.1,12519.9,213038400,12519.9
1/12/07,12565.2,12702.9,12519.9,12678.8,186501500,12678.8
1/15/07,12714.7,12776.4,12678.8,12755.4,75247400,12755.4
1/16/07,12708.2,12760.2,12679.6,12720.3,186471100,12720.3
1/17/07,12705.7,12751.2,12651.4,12730.4,193312500,12730.4
1/18/07,12762.4,12795.9,12629.7,12640.7,202792000,12640.7
1/19/07,12638.7,12751.6,12637.5,12719,184046300,12719
1/22/07,12779.3,12790.6,12696.2,12705.8,161886900,12705.8
1/23/07,12765.5,12910.9,12705.8,12910.9,220488700,12910.9
1/24/07,12875.8,13030.1,12875.8,13010.7,196440300,13010.7
1/25/07,13038.2,13046.6,12921.8,12927.3,221637500,12927.3
1/26/07,12976.2,13006.8,12927.3,12979.3,154449000,12979.3
1/29/07,12988.7,13025,12926,12946,216575300,12946
1/30/07,12951.9,13034.2,12924.4,13014.6,229124000,13014.6
1/31/07,12967,13074.1,12967,13034.1,221977700,13034.1
2/1/07,13090.7,13178.9,13034.1,13144.7,220033300,13144.7
2/2/07,13177.7,13177.8,13102.5,13111.6,187389700,13111.6
2/5/07,13144.9,13177,13111.6,13166.7,140378600,13166.7
2/6/07,13204,13222.3,13158.4,13183.3,174213000,13183.3
2/7/07,13210.6,13237.7,13108.2,13142.3,194201100,13142.3
2/8/07,13138.9,13185.1,13095.5,13184.3,199769200,13184.3
2/9/07,13177.5,13209.3,13069.8,13084,201590600,13084
2/12/07,13100.6,13128.8,13018.6,13040.5,157700800,13040.5
2/13/07,13068.1,13171.8,13040.5,13171.8,191164900,13171.8
2/14/07,13209.5,13258.8,13171.8,13204.5,195645400,13204.5
2/15/07,13218.3,13294.3,13204.5,13288.2,223171500,13288.2
2/16/07,13310.1,13325.1,13279.2,13312,208040000,13312
2/19/07,13314,13323.8,13281.8,13291.5,86850300,13291.5
2/20/07,13220.7,13322.7,13200.7,13319.7,206971600,13319.7
2/21/07,13309.5,13331.6,13238.2,13330.3,239685200,13330.3
2/22/07,13373.3,13377.8,13248.4,13318,198729500,13318
2/23/07,13364.9,13376.3,13318,13343.5,171308000,13343.5
2/26/07,13406.2,13433,13343.5,13404.5,197053400,13404.5
2/27/07,13259.3,13404.5,12947.9,13040.1,249326400,13040.1
2/28/07,13049,13086.1,12951.7,13045,218005100,13045
3/1/07,12920,13045,12794.9,12981.1,212759400,12981.1
3/2/07,12930.3,13024.9,12857,12863.3,232959700,12863.3
3/5/07,12691.5,12863.3,12674.7,12711.3,202800600,12711.3
3/6/07,12831.7,12886,12711.3,12868.2,213557400,12868.2
3/7/07,12891.9,13016.6,12868.2,12989.6,186820800,12989.6
3/8/07,13030.6,13102.3,12989.6,13051,188968400,13051
3/9/07,13050.7,13102.4,13026.7,13057.4,152614600,13057.4
3/12/07,13032.5,13065.2,13004,13065.2,151876500,13065.2
3/13/07,13042.2,13095.5,12804.5,12809.6,175190700,12809.6
3/14/07,12776.2,12842.5,12661.5,12808.7,199023500,12808.7
3/15/07,12859.8,12901.4,12808.7,12874.3,168907000,12874.3
3/16/07,12873.5,12932.9,12814,12829.7,253309200,12829.7
3/19/07,12894.7,13025.7,12829.7,13011.7,155104500,13011.7
3/20/07,13012.5,13045.8,12975.2,12977.4,153814100,12977.4
3/21/07,12985,13155.5,12977.4,13155.5,185137500,13155.5
3/22/07,13190.5,13231.6,13135.8,13139.6,229223600,13139.6
3/23/07,13152.4,13237.7,13139.6,13237.7,189586500,13237.7
3/26/07,13306.2,13308.1,13216.3,13302.9,222152500,13302.9
3/27/07,13254.2,13302.9,13203.1,13218.8,176646700,13218.8
3/28/07,13216.5,13247.6,13182.5,13197.2,225507500,13197.2
3/29/07,13275.3,13299.5,13197.2,13258,193218400,13258
3/30/07,13229.1,13258,13143,13165.5,202292000,13165.5
4/2/07,13185.3,13268.5,13165.5,13265.8,145315500,13265.8
4/3/07,13275.1,13383.6,13254.1,13361.2,208472700,13361.2
4/4/07,13367.9,13448.3,13322.2,13448.3,222440400,13448.3
4/5/07,13445.3,13460.3,13425,13425,165520400,13425
4/9/07,13459.4,13519.1,13425,13482.3,132136900,13482.3
4/10/07,13518.4,13518.4,13429,13431.3,225567900,13431.3
4/11/07,13447.7,13474.6,13398.2,13401,241546100,13401
4/12/07,13396.5,13502.4,13359,13499.7,197813300,13499.7
4/13/07,13509.7,13581.3,13491.9,13578.6,203283900,13578.6
4/16/07,13599.8,13667.1,13578.6,13660,205978500,13660
4/17/07,13712.2,13712.2,13630.3,13658,226247200,13658
4/18/07,13612.7,13713.1,13612.7,13712,183662900,13712
4/19/07,13582.5,13712,13539,13574.7,185491000,13574.7
4/20/07,13666.1,13673.6,13574.7,13664.7,348114800,13664.7
4/23/07,13639,13684,13605.6,13629,169162000,13629
4/24/07,13607.4,13656.5,13572.1,13590.3,198853900,13590.3
4/25/07,13610,13675.3,13590,13672.8,198452100,13672.8
4/26/07,13628.8,13672.8,13597.5,13597.5,198615200,13597.5
4/27/07,13524.8,13632.1,13507.3,13632,204154400,13632
4/30/07,13617,13632,13416.7,13416.7,189738000,13416.7
5/1/07,13430.2,13447.5,13305.1,13406.3,222948000,13406.3
5/2/07,13385.1,13598.3,13363.4,13578.7,262613200,13578.7
5/3/07,13639.9,13687,13578.7,13687,262884400,13687
5/4/07,13729.5,13808.8,13687,13769.9,258206600,13769.9
5/7/07,13844.2,13896.9,13769.9,13865.5,217697800,13865.5
5/8/07,13856.9,13915.4,13793.2,13915.4,240391200,13915.4
5/9/07,13890.7,13950.9,13847.5,13895.2,258611700,13895.2
5/10/07,13875.1,13925.5,13819.9,13853.1,223108100,13853.1
5/11/07,13852.2,14009.3,13851.9,14003.8,205220100,14003.8
5/14/07,13980,14003.8,13893.5,13903.3,168247800,13903.3
5/15/07,13913.7,13979.1,13883.6,13934.6,211509300,13934.6
5/16/07,13927.5,14026.6,13923.1,14025,209769900,14025
5/17/07,14011,14100.7,13946.3,14100.7,211902000,14100.7
5/18/07,14113,14113,14055.4,14105.3,181981500,14105.3
5/22/07,14129.2,14161.9,14098.6,14112.2,210447600,14112.2
5/23/07,14173.8,14216.2,14112.2,14142.5,264423200,14142.5
5/24/07,14145.1,14182.2,13925.4,13946.3,209701000,13946.3
5/25/07,13988.9,14077,13946.3,14024.1,193966400,14024.1
5/28/07,14041.3,14073.7,14024.1,14073.7,59849300,14073.7
5/29/07,14073,14084.3,13962.7,13962.7,223904900,13962.7
5/30/07,13927.2,14096.5,13895.9,14081.7,227615500,14081.7
5/31/07,14085.3,14132.2,14056.8,14056.8,265406900,14056.8
6/1/07,14084.5,14151.4,14056.8,14119.4,242379000,14119.4
6/4/07,14044.4,14146.7,14009,14146.7,258584600,14146.7
6/5/07,14133.1,14170.3,14108.6,14141.7,234029200,14141.7
6/6/07,14094.6,14141.7,13914.6,13941.6,240053900,13941.6
6/7/07,13924.2,13964.5,13700.6,13703.9,254420700,13703.9
6/8/07,13650.1,13809.4,13650.1,13798.5,206591100,13798.5
6/11/07,13826.3,13893.8,13798.5,13832.8,159245000,13832.8
6/12/07,13775.7,13852.1,13721.7,13724.3,199447700,13724.3
6/13/07,13774,13862.5,13724.3,13859.5,196390100,13859.5
6/14/07,13864.4,14003.1,13859.5,14002,225142200,14002
6/15/07,14017.4,14146.1,14002,14137.4,309281900,14137.4
6/18/07,14155.5,14209.4,14137.4,14176.4,214144800,14176.4
6/19/07,14161,14176.4,14080.9,14119.5,217825200,14119.5
6/20/07,14139.2,14174.1,13978.2,13978.2,204065500,13978.2
6/21/07,14041.8,14107.3,13941.6,14095.7,186210700,14095.7
6/22/07,14076.9,14095.7,13913.9,13986,159963400,13986
6/25/07,13931.9,13988.9,13838.8,13841.9,194151800,13841.9
6/26/07,13861.5,13882.4,13646.8,13663.9,254976000,13663.9
6/27/07,13618.4,13741.9,13535.3,13741.9,231437400,13741.9
6/28/07,13784.6,13824.2,13709,13715.7,267820800,13715.7
6/29/07,13843.7,13906.6,13715.7,13906.6,218875600,13906.6
7/3/07,14001.4,14064.7,13906.6,14064.7,210753200,14064.7
7/4/07,14050.2,14092,14039.8,14060.4,88821900,14060.4
7/5/07,14093.2,14093.7,13952.7,14079.4,228641400,14079.4
7/6/07,14056,14128.4,14034.8,14118.7,198628700,14118.7
7/9/07,14159.4,14211.3,14118.7,14177.5,202979300,14177.5
7/10/07,14156.8,14207.1,14131.9,14131.9,195335900,14131.9
7/11/07,14126.4,14171.7,14087.1,14166.1,207098300,14166.1
7/12/07,14210.8,14356,14166.1,14356,293548100,14356
7/13/07,14370,14496.5,14356,14496.5,190352800,14496.5
7/16/07,14460.5,14496.5,14309.5,14338.3,232943900,14338.3
7/17/07,14370.9,14428.6,14338.3,14382,212657900,14382
7/18/07,14369.2,14583.7,14354.6,14583.7,264110700,14583.7
7/19/07,14584.5,14646.8,14558.8,14625.8,211897900,14625.8
7/20/07,14607.3,14633.8,14553.4,14582.9,191945700,14582.9
7/23/07,14542.6,14582.9,14429.2,14468.3,163201100,14468.3
7/24/07,14365.4,14468.3,14065,14068.2,228169600,14068.2
7/25/07,14116.7,14205.8,13949.9,14105.3,228080200,14105.3
7/26/07,14027.3,14105.3,13705,13844.6,259855900,13844.6
7/27/07,13813.5,13959.1,13730,13748.5,208563400,13748.5
7/30/07,13838.7,13881.3,13748.5,13864.7,197170500,13864.7
7/31/07,13990.7,14029.1,13864.3,13868.6,259323900,13868.6
8/1/07,13751.8,13868.6,13527.4,13654.7,236569800,13654.7
8/2/07,13768.6,13813.6,13654.7,13813.6,195141900,13813.6
8/3/07,13804.9,13813.6,13565.2,13565.2,227232700,13565.2
8/7/07,13570.4,13627.9,13450.7,13560.6,238428500,13560.6
8/8/07,13684.9,13835.4,13560.6,13758.2,261535200,13758.2
8/9/07,13558.3,13758.2,13460.9,13478,310048400,13478
8/10/07,13400.7,13478,13228.7,13466.3,286591000,13466.3
8/13/07,13596.2,13652.6,13427.5,13427.5,200987600,13427.5
8/14/07,13501.1,13525.8,13210.1,13242.6,224308800,13242.6
8/15/07,13145.1,13323.1,13043.4,13048.8,253137000,13048.8
8/16/07,12834,13048.8,12463.8,12848.7,376237000,12848.7
8/17/07,13161.7,13245.3,12835.7,13049.6,279423600,13049.6
8/20/07,13117.4,13171,12968.3,13110.3,180229700,13110.3
8/21/07,13148.3,13257.8,13110.3,13238.7,186513600,13238.7
8/22/07,13383.7,13470.8,13238.7,13463.1,214544300,13463.1
8/23/07,13539,13547.5,13358.1,13451.1,178057200,13451.1
8/24/07,13493.3,13560.6,13418,13520.3,133891400,13520.3
8/27/07,13480,13526.8,13421.8,13487.4,113339800,13487.4
8/28/07,13419.7,13487.4,13252.5,13264.9,149986000,13264.9
8/29/07,13311.8,13494.1,13264.9,13490.1,170080100,13490.1
8/30/07,13425.7,13501.3,13367.6,13444.6,149589900,13444.6
8/31/07,13590.3,13660.5,13444.6,13660.5,155691700,13660.5
9/4/07,13673.7,13781.6,13660.5,13755.2,157414800,13755.2
9/5/07,13688,13785.7,13652.8,13683.3,168668200,13683.3
9/6/07,13739.5,13795.7,13670,13795.7,229204700,13795.7
9/7/07,13661.3,13795.7,13620.3,13651.2,243160800,13651.2
9/10/07,13645.7,13677.7,13539.9,13625.5,193607600,13625.5
9/11/07,13632.6,13727.6,13625.5,13704.3,229447100,13704.3
9/12/07,13689.6,13767,13685.8,13756.7,202758400,13756.7
9/13/07,13787.5,13895.9,13756.7,13843.2,201065800,13843.2
9/14/07,13810.6,13905.1,13801.2,13846.4,182686000,13846.4
9/17/07,13832,13877.4,13769.9,13809.9,136169100,13809.9
9/18/07,13808.3,14005.4,13793.2,14005.4,218283900,14005.4
9/19/07,14010.9,14070.7,13899.9,13939.8,251773100,13939.8
9/20/07,13941.5,13941.5,13814.5,13838.4,331143100,13838.4
9/21/07,13962.9,13962.9,13838.4,13940.1,332403000,13940.1
9/24/07,13960.7,14040.6,13940.1,13958.3,288130400,13958.3
9/25/07,13889,13999,13874.3,13997.6,223888200,13997.6
9/26/07,14061.4,14080.3,13975.6,14035,225928800,14035
9/27/07,14130,14139.5,14035,14129.7,195028700,14129.7
9/28/07,14138.3,14167.3,14081.2,14098.9,215798200,14098.9
10/1/07,14113.1,14214.7,14098.9,14200.6,186569600,14200.6
10/2/07,14141.4,14200.6,14061.3,14152.7,233912400,14152.7
10/3/07,14145.2,14180.7,14016.9,14020.8,204685700,14020.8
10/4/07,14059.3,14125.1,14015.9,14125.1,207789100,14125.1
10/5/07,14171.5,14261.7,14125.1,14233.3,188068100,14233.3
10/9/07,14284.7,14285.3,14186.2,14262.2,297421600,14262.2
10/10/07,14268.2,14306.7,14190.1,14276.2,295092200,14276.2
10/11/07,14357,14407.9,14161.6,14229.4,337402200,14229.4
10/12/07,14267.4,14307.3,14212.1,14295.9,230272900,14295.9
10/15/07,14358.2,14360.7,14196.3,14231.3,265735300,14231.3
10/16/07,14205.5,14231.3,14117.4,14153,242588900,14153
10/17/07,14250.6,14254.2,14117,14219.5,232740100,14219.5
10/18/07,14191.9,14335.9,14191.9,14332,232320400,14332
10/19/07,14231.9,14332,13992,14001.7,233144300,14001.7
10/22/07,13874.7,14043.6,13869.1,14043.6,192016800,14043.6
10/23/07,14030.4,14102.8,13978,14087.5,216362100,14087.5
10/24/07,14065.4,14107.7,13933.7,14088.5,207270600,14088.5
10/25/07,14153,14175.7,14059.5,14124.9,206927400,14124.9
10/26/07,14154.5,14296.4,14124.9,14296.4,249226500,14296.4
10/29/07,14351.9,14431.4,14296.4,14427.3,252244800,14427.3
10/30/07,14356.8,14427.3,14290.7,14312.1,209988300,14312.1
10/31/07,14384.4,14625,14312.1,14625,422721600,14625
11/1/07,14485.7,14625,14346,14372.5,265709500,14372.5
11/2/07,14427.6,14427.6,14216.7,14363.9,246736400,14363.9
11/5/07,14214.1,14363.9,14158.8,14273.4,188249400,14273.4
11/6/07,14385.4,14391.7,14273.4,14370.6,259325200,14370.6
11/7/07,14342.5,14370.6,14117.2,14118.2,276431800,14118.2
11/8/07,14166.2,14214.1,13881.8,14128.6,279329000,14128.6
11/9/07,13972.9,14128.6,13840.3,13869.8,236532700,13869.8
11/12/07,13819,13869.8,13590,13605,217173100,13605
11/13/07,13742.9,13753.1,13579.8,13705.1,227886100,13705.1
11/14/07,13873.1,13878.1,13705.1,13774.5,226803100,13774.5
11/15/07,13692.1,13774.5,13450.8,13524.4,228564800,13524.4
11/16/07,13565.1,13576.4,13450.8,13530.4,201214500,13530.4
11/19/07,13521,13536.8,13310.4,13348.2,202189200,13348.2
11/20/07,13393.7,13541.8,13312.5,13459.8,245314700,13459.8
11/21/07,13370.5,13459.8,13264.5,13280.6,216490400,13280.6
11/22/07,13290.8,13381,13269.1,13381,86182000,13381
11/23/07,13403.1,13490.8,13381,13467.2,188029100,13467.2
11/26/07,13501.1,13552.7,13309.3,13321,219871600,13321
11/27/07,13268.7,13374.8,13190.1,13369.1,245634500,13369.1
11/28/07,13422.3,13637.9,13369.1,13632.2,265412500,13632.2
11/29/07,13638.4,13679.3,13585.9,13663.9,240804000,13663.9
11/30/07,13705.3,13785.5,13610.5,13689.1,294043700,13689.1
12/3/07,13671.5,13718.2,13635,13657.2,198374700,13657.2
12/4/07,13664.5,13668,13568.5,13579.6,230717600,13579.6
12/5/07,13662.4,13769.4,13579.6,13734.5,290440800,13734.5
12/6/07,13753.7,13850.8,13706.1,13849.8,244332900,13849.8
12/7/07,13896.8,13897.9,13826.4,13863,199115200,13863
12/10/07,13915.8,13988.5,13863,13940.4,191317800,13940.4
12/11/07,13963.4,14027.2,13722.6,13723.7,223172400,13723.7
12/12/07,13906.2,13942,13723.7,13809.4,201438200,13809.4
12/13/07,13677.1,13809.4,13626.4,13747.3,199186600,13747.3
12/14/07,13689.3,13747.3,13636.9,13674.2,181766900,13674.2
12/17/07,13588,13674.2,13376.3,13387.1,208912400,13387.1
12/18/07,13534.5,13535.9,13295.6,13358.1,220468400,13358.1
12/19/07,13368.9,13492.7,13358.1,13389.8,180994900,13389.8
12/20/07,13456.7,13468.4,13350.2,13407,180319900,13407
12/21/07,13348.7,13603.3,13348.4,13596.1,307809200,13596.1
12/24/07,13608.5,13694.8,13596.1,13694.8,57123400,13694.8
12/27/07,13686.5,13738.6,13666.4,13675.6,101611600,13675.6
12/28/07,13695.3,13822.3,13675.6,13821.3,88693400,13821.3
12/31/07,13816.3,13864.9,13788.2,13833.1,82166700,13833.1
1/2/08,13907.7,13945.3,13833.1,13926.8,148683800,13926.8
1/3/08,13906.8,14037.7,13877.3,13978.2,193893800,13978.2
1/4/08,13875,13978.2,13769.1,13778.6,169909600,13778.6
1/7/08,13781.9,13839.7,13569.7,13618.9,195406300,13618.9
1/8/08,13749,13771.2,13521.8,13541.8,235676000,13541.8
1/9/08,13528.3,13586.6,13414.1,13579.9,246848600,13579.9
1/10/08,13501.3,13683.9,13437,13642.7,240158500,13642.7
1/11/08,13587,13679.5,13568.3,13632.6,236679500,13632.6
1/14/08,13729.5,13734.4,13632.6,13698.3,208299400,13698.3
1/15/08,13580.8,13698.3,13314.5,13316.8,263789600,13316.8
1/16/08,13177.7,13316.8,12989.2,13074.9,289472400,13074.9
1/17/08,13154.9,13209.3,12766.1,12795.6,262736700,12795.6
1/18/08,12897.8,12962.5,12598.4,12737.1,262415500,12737.1
1/21/08,12249.1,12737.8,12119.9,12132.1,170828600,12132.1
1/22/08,11982.9,12640.9,11982.9,12640.9,332059700,12640.9
1/23/08,12415.5,12682,12216.8,12657.4,300982500,12657.4
1/24/08,12936,12974.1,12657.3,12907.3,292327100,12907.3
1/25/08,13171.3,13171.3,12837.9,12894.8,281087400,12894.8
1/28/08,12891.5,12989.7,12774.8,12986.9,202346000,12986.9
1/29/08,13037.8,13069.2,12972.9,13046.4,200174300,13046.4
1/30/08,13033,13135.6,12946.1,12998.2,224484600,12998.2
1/31/08,12887.4,13176.6,12817.7,13155.1,288015600,13155.1
2/1/08,13202.6,13331.1,13155.1,13318.4,335260400,13318.4
2/4/08,13338.2,13351.7,13234.7,13258.2,210055300,13258.2
2/5/08,13169.1,13258.2,12932,12932,206920400,12932
2/6/08,13064.8,13067.3,12838.3,12867.2,180121800,12867.2
2/7/08,12832.3,12980.4,12747.6,12925.4,194630000,12925.4
2/8/08,12890.6,13016.5,12890.6,12989.3,202230200,12989.3
2/11/08,13051.9,13139.3,12928.7,13130.9,180305500,13130.9
2/12/08,13141.8,13219.2,13036.5,13087.4,204573300,13087.4
2/13/08,13141.4,13282.3,13087.4,13282.3,206388900,13282.3
2/14/08,13350.8,13350.8,13204.5,13208,217019900,13208
2/15/08,13223.8,13227.6,13107,13226.8,182057200,13226.8
2/19/08,13399.4,13480.6,13226.8,13447.7,240136900,13447.7
2/20/08,13339.2,13566,13331.9,13551.7,221030400,13551.7
2/21/08,13669.9,13669.9,13489.8,13509.5,274898900,13509.5
2/22/08,13564.3,13603.4,13395.3,13585.9,219595200,13585.9
2/25/08,13560,13728.5,13527.4,13697.5,191256700,13697.5
2/26/08,13639.8,13846.8,13634.5,13797,241199100,13797
2/27/08,13741.8,13851.7,13733,13778.4,259073700,13778.4
2/28/08,13773.7,13891.8,13738.3,13873.9,286854500,13873.9
2/29/08,13804.1,13873.9,13546.9,13582.7,252219800,13582.7
3/3/08,13622.5,13667.6,13449,13544.4,220826900,13544.4
3/4/08,13525.9,13570.1,13297.5,13476.8,273474500,13476.8
3/5/08,13565.9,13650.1,13476.8,13603.3,277049100,13603.3
3/6/08,13617.1,13617.1,13347.8,13360.4,223792300,13360.4
3/7/08,13215.2,13419.5,13147.7,13281.7,214546900,13281.7
3/10/08,13266.9,13281.7,12980.4,13005.1,196905900,13005.1
3/11/08,13197.2,13344.5,13005.1,13344.5,252834800,13344.5
3/12/08,13349.2,13381.1,13237.4,13297.3,216394800,13297.3
3/13/08,13171.4,13454.2,13123.4,13443.5,251919000,13443.5
3/14/08,13486.4,13495.6,13160.4,13252.8,251022400,13252.8
3/17/08,12922.7,13252.8,12797.8,12952.2,268053000,12952.2
3/18/08,13068.3,13140.2,12952.2,13136.7,220571300,13136.7
3/19/08,13119.8,13147,12695.2,12709.4,275035200,12709.4
3/20/08,12618,12833.6,12453.9,12775.6,374695000,12775.6
3/24/08,12892.6,13113.5,12775.6,13019.7,199119900,13019.7
3/25/08,13126.4,13324.1,13019.7,13322.2,280179500,13322.2
3/26/08,13329.7,13419.7,13277.7,13391.9,284193000,13391.9
3/27/08,13403.2,13454.5,13350,13405.8,243022900,13405.8
3/28/08,13402,13419.4,13224.8,13233.8,245537300,13233.8
3/31/08,13281.2,13350.1,13131.1,13350.1,240603300,13350.1
4/1/08,13337.7,13440.7,13254,13440.7,240400500,13440.7
4/2/08,13515,13598.3,13440.7,13514.1,249818900,13514.1
4/3/08,13475.7,13633.4,13472.1,13551.3,240891500,13551.3
4/4/08,13598.5,13721.1,13551.3,13668.2,217658500,13668.2
4/7/08,13800.2,13897.4,13668.2,13745,221763400,13745
4/8/08,13626.1,13763.7,13626.1,13727.5,202982800,13727.5
4/9/08,13737.3,13767.4,13682.6,13750.5,212498900,13750.5
4/10/08,13804.4,13909.6,13704.8,13909.6,218197300,13909.6
4/11/08,13787.7,13909.6,13666.5,13683,185122600,13683
4/14/08,13689.6,13775.1,13669.6,13738.6,167636500,13738.6
4/15/08,13833.3,13878.2,13738.6,13851,191833000,13851
4/16/08,13929.9,14103.8,13851,14099.5,219898200,14099.5
4/17/08,14085.7,14172.8,14052.8,14115.5,198433700,14115.5
4/18/08,14188.2,14272.2,14096.4,14237.1,243537400,14237.1
4/21/08,14286.6,14330.2,14237.1,14321.2,192463500,14321.2
4/22/08,14299.6,14372.3,14236.9,14266.3,212224300,14266.3
4/23/08,14253.7,14267.9,14069.8,14069.8,215780700,14069.8
4/24/08,14058.6,14069.8,13859.4,13966.3,214440100,13966.3
4/25/08,14063.4,14114.2,13966.3,14103.9,217542900,14103.9
4/28/08,14171.1,14233.9,14082.4,14085.8,190177700,14085.8
4/29/08,14008.3,14085.8,13820.2,13825.6,220933000,13825.6
4/30/08,13876.9,14039.6,13825.6,13937,281018700,13937
5/1/08,13920.3,14087.9,13846.6,14065.8,220035900,14065.8
5/2/08,14203.7,14301,14065.8,14280.3,210844800,14280.3
5/5/08,14356.9,14365.8,14266.3,14274.3,207439600,14274.3
5/6/08,14246.5,14430.8,14226.1,14414.3,226276900,14414.3
5/7/08,14416.9,14448.1,14350.8,14371.5,251686000,14371.5
5/8/08,14388.2,14609.2,14371.5,14608,289040900,14608
5/9/08,14567.5,14634,14510.2,14521.2,261997000,14521.2
5/12/08,14611.6,14695.8,14506.8,14666.1,209327800,14666.1
5/13/08,14628.4,14666.1,14553.1,14616.7,201092900,14616.7
5/14/08,14628,14737.2,14614,14626.3,235580400,14626.3
5/15/08,14687.2,14828.1,14626.3,14828.1,244604700,14828.1
5/16/08,15012.3,15012.3,14828.1,14984.2,245978200,14984.2
5/20/08,14944.8,15090.7,14914.8,15047.3,273786000,15047.3
5/21/08,15017.1,15128.6,14779.3,14790.4,306770200,14790.4
5/22/08,14781,14878,14728.6,14792.4,249169400,14792.4
5/23/08,14813.3,14835.7,14616.1,14723.4,200592400,14723.4
5/26/08,14750.4,14775.1,14695.1,14758.6,78237200,14758.6
5/27/08,14700.9,14758.6,14515.8,14522.1,214062500,14522.1
5/28/08,14508.2,14698.1,14464.7,14688.6,216389000,14688.6
5/29/08,14590.9,14697,14561.6,14577.2,198541400,14577.2
5/30/08,14684.5,14804.3,14577.2,14714.7,252813400,14714.7
6/2/08,14673.9,14858.9,14647.7,14814.2,205809700,14814.2
6/3/08,14787.2,14915.2,14678.1,14728.6,188975200,14728.6
6/4/08,14691.5,14790.3,14640.7,14690.5,199238700,14690.5
6/5/08,14761.8,14991.9,14690.5,14982.9,236132200,14982.9
6/6/08,15071.6,15154.8,14948.7,14969.5,230357400,14969.5
6/9/08,14978.6,15096.7,14901.9,14960.8,182800500,14960.8
6/10/08,14897.5,14960.8,14660.6,14736.2,236976600,14736.2
6/11/08,14816.8,14817.1,14687.4,14716.5,260036000,14716.5
6/12/08,14650.4,14716.5,14576.5,14602.6,212495600,14602.6
6/13/08,14591.9,14789,14578.1,14778.5,173172800,14778.5
6/16/08,14893.1,15006.6,14778.5,14944.3,169138500,14944.3
6/17/08,14950.4,15096.9,14944.3,15068.8,207227900,15068.8
6/18/08,15068.6,15093,14949.6,15073.1,243902100,15073.1
6/19/08,15049.1,15073.1,14768,14790.2,201156900,14790.2
6/20/08,14804.9,14854.4,14580.7,14580.7,392121600,14580.7
6/23/08,14622,14719.9,14580.7,14691.8,218061300,14691.8
6/24/08,14679.1,14694,14376,14409.6,231723900,14409.6
6/25/08,14442.1,14503.8,14259.9,14441.1,252791700,14441.1
6/26/08,14417.7,14441.1,14156.5,14292.1,243093800,14292.1
6/27/08,14281.6,14397.5,14236,14355.2,222405600,14355.2
6/30/08,14403,14492.1,14346.6,14467,200524300,14467
7/2/08,14573.5,14584.8,13983.7,14034.1,253846800,14034.1
7/3/08,13992.8,14143.6,13796.5,14143.6,204984700,14143.6
7/4/08,14176.3,14176.3,14010.4,14010.4,98098400,14010.4
7/7/08,13971.3,14068.7,13640.2,13712.8,244551200,13712.8
7/8/08,13689.6,13823.2,13557.1,13809.8,246564000,13809.8
7/9/08,13932.7,13981.2,13609.5,13610.8,213149700,13610.8
7/10/08,13727.9,13776.5,13572.6,13743.9,202962100,13743.9
7/11/08,13797.4,13859.9,13596.6,13709.1,229440000,13709.1
7/14/08,13855.3,13888.3,13663.4,13741.3,263816000,13741.3
7/15/08,13651.8,13741.3,13256.2,13357.6,302770200,13357.6
7/16/08,13356.3,13514.7,13167.3,13503.8,272214100,13503.8
7/17/08,13595.6,13662.5,13348.4,13460.3,275368700,13460.3
7/18/08,13556.8,13607.8,13460.3,13516,207760200,13516
7/21/08,13658.5,13740.4,13516,13689.2,170343200,13689.2
7/22/08,13634.2,13689.2,13476.3,13643.2,196395400,13643.2
7/23/08,13624.3,13644.7,13509.2,13512.7,268329600,13512.7
7/24/08,13567.4,13592.7,13196.9,13206.1,334197800,13206.1
7/25/08,13303.6,13390.6,13157.9,13378.8,214827100,13378.8
7/28/08,13406.9,13534.3,13288.1,13304,176408300,13304
7/29/08,13303.6,13348.5,13240.2,13342.5,197951000,13342.5
7/30/08,13374,13691.1,13342.5,13683.2,272732600,13683.2
7/31/08,13654.7,13728,13564.2,13592.9,270456900,13592.9
8/1/08,13645.1,13665.2,13400,13496.5,199082600,13496.5
8/5/08,13148.8,13496.5,13130.5,13242.2,292119100,13242.2
8/6/08,13331.2,13504,13242.2,13453.5,236537300,13453.5
8/7/08,13441.3,13493.5,13348.3,13385.2,222856600,13385.2
8/8/08,13301.8,13386.7,13223.5,13341.7,200133600,13341.7
8/11/08,13310.5,13341.7,13167.6,13203.2,247063800,13203.2
8/12/08,13229.2,13272.3,13141.5,13167,220589000,13167
8/13/08,13155.5,13377.2,13086.5,13377.2,280383300,13377.2
8/14/08,13282.9,13409.2,13254.8,13358.9,186595600,13358.9
8/15/08,13251.8,13358.9,13063.9,13096.7,175123600,13096.7
8/18/08,13197.1,13234.8,13073.9,13119.4,161712500,13119.4
8/19/08,13049.8,13185.1,13015.9,13063.8,213024900,13063.8
8/20/08,13190.9,13360,13063.8,13350.1,204317400,13350.1
8/21/08,13431,13575.8,13350.1,13539.2,212659000,13539.2
8/22/08,13461.6,13539.2,13339.8,13447.3,150228500,13447.3
8/25/08,13422.2,13447.3,13258.6,13289,128985600,13289
8/26/08,13273.9,13322.2,13243.9,13299.1,177937500,13299.1
8/27/08,13387.9,13574.7,13299.1,13530.7,202063500,13530.7
8/28/08,13659.3,13750.5,13530.7,13750.5,199779100,13750.5
8/29/08,13720.1,13771.3,13663.3,13771.3,159773100,13771.3
9/2/08,13558.8,13771.3,13299.5,13299.5,209854700,13299.5
9/3/08,13288.4,13299.5,12959.9,13137.7,260429700,13137.7
9/4/08,13134.3,13137.7,12708.9,12814.1,280263800,12814.1
9/5/08,12765.3,12868.7,12549.9,12816.4,261892100,12816.4
9/8/08,13160.9,13164,12634.6,12634.6,292286600,12634.6
9/9/08,12605.7,12634.6,12146.8,12146.8,307158000,12146.8
9/10/08,12279.7,12550.7,12146.8,12497.2,330260400,12497.2
9/11/08,12373,12628.4,12258.2,12612.8,260685200,12612.8
9/12/08,12582.3,12780,12568.7,12769.6,246221900,12769.6
9/15/08,12325.7,12769.6,12254,12254,231951000,12254
9/16/08,11958.3,12254,11903.1,12227,341578600,12227
9/17/08,12151.1,12227,11788,11877.7,443857500,11877.7
9/18/08,12082.1,12382.7,11877.7,12064.6,599756200,12064.6
9/19/08,12626,12913,12064.6,12913,579792500,12913
9/22/08,12896.8,12968.2,12638.1,12638.1,276061200,12638.1
9/23/08,12599.9,12758.8,12450,12532.6,259658400,12532.6
9/24/08,12643.2,12664.3,12467.5,12513.4,260783900,12513.4
9/25/08,12427.2,12601.6,12405.6,12546.5,246649100,12546.5
9/26/08,12242.2,12546.5,12028.3,12126,201701100,12126
9/29/08,11987.1,12126,11171.3,11285.1,288953800,11285.1
9/30/08,11559.2,11902.7,11285.1,11752.9,328661200,11752.9
10/1/08,11730.7,11775.8,11550.9,11714.5,276044000,11714.5
10/2/08,11513.9,11714.5,10900.5,10900.5,320492100,10900.5
10/3/08,11074.6,11356.4,10798.5,10803.3,330804600,10803.3
10/6/08,10445,10803.3,9617.9,10230.4,398402300,10230.4
10/7/08,10442.5,10523.2,9782.9,9829.5,355597200,9829.5
10/8/08,9520.3,10103.7,9496.7,10056.3,384032800,10056.3
10/9/08,10302.5,10385.4,9449.6,9600.2,304733000,9600.2
10/10/08,9065.2,9600.2,8850.5,9065.2,390417300,9065.2
10/14/08,10773.1,10773.1,9065.2,9955.7,394607100,9955.7
10/15/08,9652.3,9955.7,9264.2,9323.8,291985100,9323.8
10/16/08,9327,9430.6,8761,9270,324332200,9270
10/17/08,9253.3,9862.3,9064.3,9562.5,285032600,9562.5
10/20/08,9839.5,10251.4,9562.5,10251.4,278144200,10251.4
10/21/08,9988,10251.4,9770.3,9795.8,238177000,9795.8
10/22/08,9591.1,9795.8,9202.3,9236.9,263649200,9236.9
10/23/08,9351.5,9466.5,8887.5,9331.3,325754100,9331.3
10/24/08,8652.4,9331.3,8633.7,9294.1,302984100,9294.1
10/27/08,9143,9294.1,8537.3,8537.3,240550200,8537.3
10/28/08,8973.3,9151.6,8537.3,9151.6,328987600,9151.6
10/29/08,9238.6,9628.9,9151.6,9501.6,378658800,9501.6
10/30/08,9700.5,9856.2,9457.2,9856.2,297065800,9856.2
10/31/08,9736.5,9941,9614.1,9762.8,280330500,9762.8
11/3/08,9841.3,9878.1,9649.5,9721.3,211114300,9721.3
11/4/08,9906.2,10165.4,9721.3,10116.6,304540100,10116.6
11/5/08,10066.5,10199.8,9813.3,9887.2,272129400,9887.2
11/6/08,9843.9,9887.2,9424.4,9555.4,309252200,9555.4
11/7/08,9635.5,9674.3,9501.4,9596.2,220043600,9596.2
11/10/08,9892.2,9928.8,9596.2,9688.8,247138700,9688.8
11/11/08,9538.1,9688.8,9328.1,9424,252460400,9424
11/12/08,9286.9,9424,8861.8,8922.6,284912100,8922.6
11/13/08,9013.7,9352.8,8572.4,9352.8,370932600,9352.8
11/14/08,9249.4,9352.8,9025.8,9056,307825600,9056
11/17/08,9024.5,9056,8779.8,8795.5,241682700,8795.5
11/18/08,8865.2,8923,8659.3,8835.7,284910000,8835.7
11/19/08,8827,8872,8451.2,8490.6,304596200,8490.6
11/20/08,8347.4,8490.6,7713.6,7724.8,422259500,7724.8
11/21/08,8079.8,8175.6,7647.1,8155.4,454000200,8155.4
11/24/08,8276.5,8607.9,8136.8,8440.9,382061300,8440.9
11/25/08,8494.1,8563.7,8269.5,8442.9,364713800,8442.9
11/26/08,8300.2,8645.7,8222.6,8643.5,333415400,8643.5
11/27/08,8599.1,8757,8584.6,8753.8,131523500,8753.8
11/28/08,8737.2,9270.6,8635.6,9270.6,228559500,9270.6
12/1/08,8816.4,9270.6,8380.8,8406.2,293157900,8406.2
12/2/08,8509.9,8527,8220.2,8327.8,334706000,8327.8
12/3/08,8117.3,8352.6,8081.3,8297,300345100,8297
12/4/08,8295.1,8483.3,7978.5,8057.8,270111600,8057.8
12/5/08,7954.2,8126.3,7802.3,8117,264157800,8117
12/8/08,8426,8625,8117,8567.1,292670000,8567.1
12/9/08,8442.3,8598.7,8348.6,8397.6,299393400,8397.6
12/10/08,8539.2,8692.9,8397.6,8634,363796100,8634
12/11/08,8635,8684.7,8304.6,8391.9,327383900,8391.9
12/12/08,8140.3,8537.9,8110.1,8515.5,286908200,8515.5
12/15/08,8608.2,8609.4,8362.3,8461.8,270698100,8461.8
12/16/08,8426.3,8724.1,8426.3,8724.1,316241000,8724.1
12/17/08,8724.1,8724.1,8724.1,8724.1,403284800,8724.1
12/18/08,8613.1,8724.1,8262.1,8425.3,403284800,8425.3
12/19/08,8346.6,8552.5,8305.4,8552,587410100,8552
12/22/08,8511.1,8552,8206.5,8249.5,197899100,8249.5
12/23/08,8310.3,8421.1,8227,8311.9,201537400,8311.9
12/24/08,8286.7,8357.2,8253.5,8310.5,103412900,8310.5
12/29/08,8508.3,8637.3,8310.5,8637.3,150955700,8637.3
12/30/08,8645.3,8833.3,8591.5,8830.7,189074500,8830.7
12/31/08,8794.5,8998.4,8790.4,8987.7,197765600,8987.7
1/2/09,8951.8,9235.2,8918.1,9234.1,150686300,9234.1
1/5/09,9233,9372.9,9116,9285.5,242539200,9285.5
1/6/09,9409.8,9505.7,9285.5,9472.1,263953300,9472.1
1/7/09,9362.9,9472.1,9100.2,9121.3,222084700,9121.3
1/8/09,9075.5,9224.1,9016.7,9221.6,204077400,9221.6
1/9/09,9237.8,9267.5,9053.2,9085.2,199519300,9085.2
1/12/09,8952.5,9085.2,8751.6,8793.3,210802000,8793.3
1/13/09,8826.3,8986.2,8793.3,8961.5,203532000,8961.5
1/14/09,8863.8,8961.5,8608.6,8688.4,285195000,8688.4
1/15/09,8730.8,8879.6,8471,8879.6,333600300,8879.6
1/16/09,9082.1,9082.1,8734.4,8920.4,210110800,8920.4
1/19/09,8864.3,8920.4,8807.7,8841.5,95880600,8841.5
1/20/09,8867.9,8869.3,8486.3,8504.9,271032200,8504.9
1/21/09,8574.5,8763.5,8392.1,8757.9,245971100,8757.9
1/22/09,8619.2,8757.9,8472.5,8486.6,210894900,8486.6
1/23/09,8428.5,8687.8,8387.6,8628,272410200,8628
1/26/09,8700.1,8821.9,8539.4,8656.5,196544700,8656.5
1/27/09,8692.1,8762.7,8621.3,8759.6,183251500,8759.6
1/28/09,8900.5,8966.7,8759.6,8906.2,271162200,8906.2
1/29/09,8815.5,8906.2,8740.8,8762.8,231914900,8762.8
1/30/09,8901.5,8901.5,8579.9,8694.9,264801300,8694.9
2/2/09,8603,8694.9,8533.6,8624.8,186573400,8624.8
2/3/09,8643.9,8663,8540.5,8628.6,206606800,8628.6
2/4/09,8700,8814,8628.6,8693.1,282623000,8693.1
2/5/09,8708,8861,8607.5,8861,243661500,8861
2/6/09,8827.1,9102,8824.7,9008,245330000,9008
2/9/09,9055.8,9151.6,8997.4,9047.3,194103000,9047.3
2/10/09,9084.3,9114.5,8771.8,8817.9,232526800,8817.9
2/11/09,8840.3,8919.2,8731.2,8737.9,282015900,8737.9
2/12/09,8698.3,8785.1,8590.5,8778.8,242732600,8778.8
2/13/09,8797,8797,8669.2,8678.1,177555200,8678.1
2/17/09,8630.3,8678.1,8351.9,8378.7,230619200,8378.7
2/18/09,8419.5,8419.5,8139,8176,273964500,8176
2/19/09,8234.1,8296.3,8117.4,8185.4,263957600,8185.4
2/20/09,8103.2,8185.4,7874.9,7950,261802800,7950
2/23/09,8014.4,8032.1,7640.8,7647.7,257605900,7647.7
2/24/09,7674.1,7859.3,7566.3,7859.3,349883400,7859.3
2/25/09,7886,8033.1,7753.9,7932.3,255041100,7932.3
2/26/09,8052.2,8195.9,7932.3,8186.8,306885700,8186.8
2/27/09,8061.5,8188.7,8005.1,8123,268426200,8123
3/2/09,7997.6,8123,7589.7,7687.5,259172400,7687.5
3/3/09,7752.9,7797.7,7501.1,7631.6,259564400,7631.6
3/4/09,7857.5,7866,7631.6,7814.8,292503200,7814.8
3/5/09,7734.3,7814.8,7589.8,7629.2,263630600,7629.2
3/6/09,7686.8,7764.8,7480,7591.5,241503300,7591.5
3/9/09,7527.4,7695.3,7515,7566.9,196927000,7566.9
3/10/09,7699.9,7886.8,7566.9,7880.4,323569200,7880.4
3/11/09,7922.4,8056.8,7858.4,8011,284729100,8011
3/12/09,8027.3,8332.5,7975,8282.3,273301100,8282.3
3/13/09,8359.4,8359.4,8183.8,8303.4,218644100,8303.4
3/16/09,8289.9,8550.8,8278.9,8386.7,234874600,8386.7
3/17/09,8434.2,8559.6,8304.6,8559.6,234226500,8559.6
3/18/09,8461,8669.8,8287.7,8629.1,274610700,8629.1
3/19/09,8797.4,8845.8,8629.1,8690.5,310970500,8690.5
3/20/09,8708.1,8737.8,8506.3,8506.3,338244400,8506.3
3/23/09,8765.5,8958.5,8506.3,8958.5,287218400,8958.5
3/24/09,8825.7,8958.5,8766.7,8849.4,268014100,8849.4
3/25/09,8890.7,8981.8,8692.6,8797.4,298050900,8797.4
3/26/09,8939.8,9018.5,8797.4,8995.5,279141200,8995.5
3/27/09,8894.8,8995.5,8807.2,8821.1,240942900,8821.1
3/30/09,8605.4,8821.1,8453.1,8596.2,236756000,8596.2
3/31/09,8673.4,8780.6,8596.2,8720.4,222846500,8720.4
4/1/09,8647.6,8941.8,8617.3,8941.8,228013900,8941.8
4/2/09,9093.5,9139.5,8941.8,9073.1,306829000,9073.1
4/3/09,9107.1,9140.1,8987.7,9065.8,248886300,9065.8
4/6/09,8963.8,9065.8,8919,9016.2,230342000,9016.2
4/7/09,8940.3,9016.2,8820.2,8824.8,206404900,8824.8
4/8/09,8819.6,8969.3,8782.7,8969.3,187002800,8969.3
4/9/09,9110,9187.1,8969.3,9187.1,234965700,9187.1
4/13/09,9142.2,9310.9,9114.9,9285.6,190854500,9285.6
4/14/09,9292.6,9330.6,9185.9,9231.6,266511700,9231.6
4/15/09,9196.8,9251.4,9118.8,9246.1,201106700,9246.1
4/16/09,9293.2,9356.5,9184.7,9343.4,244882500,9343.4
4/17/09,9365.3,9483.6,9343.4,9437.7,237748900,9437.7
4/20/09,9324.4,9437.7,9125.3,9126.2,238680800,9126.2
4/21/09,9034.8,9254.2,9014.1,9247.2,247191100,9247.2
4/22/09,9223.6,9411.5,9189.6,9279.2,211917700,9279.2
4/23/09,9341.5,9413,9279.2,9409.5,250466500,9409.5
4/24/09,9483.4,9566.7,9409.5,9549.5,245772000,9549.5
4/27/09,9345.9,9549.5,9345.9,9394.8,196360800,9394.8
4/28/09,9268.8,9394.8,9268.8,9348,219941200,9348
4/29/09,9429.5,9476.5,9348,9416.3,205905500,9416.3
4/30/09,9454.2,9568.3,9321.4,9324.8,257407600,9324.8
5/1/09,9369.2,9527.7,9324.8,9497,195208200,9497
5/4/09,9604.6,9870.4,9497,9870.4,244645600,9870.4
5/5/09,9869.3,9918.9,9783.7,9880.7,231632800,9880.7
5/6/09,9992.2,10158.2,9880.7,10143.4,295074900,10143.4
5/7/09,10332.1,10340.8,9922,9967,301150900,9967
5/8/09,10118.3,10256,9967,10238,242237400,10238
5/11/09,10069.5,10238,9995.8,10094.1,294925500,10094.1
5/12/09,10184,10193.1,9970.3,10077.7,248317400,10077.7
5/13/09,9958.6,10077.7,9695.6,9709.5,258717200,9709.5
5/14/09,9700.2,9938,9683.1,9849.2,228312700,9849.2
5/15/09,9877,9947.1,9750.9,9762.8,164836400,9762.8
5/19/09,10037.7,10139.6,9762.8,10101,219886500,10101
5/20/09,10191.2,10365.4,10101,10232.4,259143900,10232.4
5/21/09,10090.6,10232.4,9935.2,9949.6,207258800,9949.6
5/22/09,10014.9,10065.8,9941.8,9993.4,217204800,9993.4
5/25/09,10004.8,10073.2,9993.4,10069.5,67191500,10069.5
5/26/09,9989.6,10286.8,9971.6,10285.9,215721100,10285.9
5/27/09,10313.6,10335.2,10142.2,10142.2,242733000,10142.2
5/28/09,10270.5,10413.9,10142.2,10392.4,268210000,10392.4
5/29/09,10473.4,10493.1,10320,10370.1,303617500,10370.1
6/1/09,10530.8,10637.7,10370.1,10604.1,263260900,10604.1
6/2/09,10566.2,10634.4,10515.1,10588.8,240680700,10588.8
6/3/09,10484.9,10588.8,10235.4,10290.1,256640000,10290.1
6/4/09,10410.2,10500.1,10290.1,10477.2,204008600,10477.2
6/5/09,10544.4,10581.6,10413.5,10569.3,224646500,10569.3
6/8/09,10466.7,10569.3,10380.8,10549.1,186309300,10549.1
6/9/09,10597.5,10605,10502.9,10547.9,225292700,10547.9
6/10/09,10673.5,10674.1,10523.2,10598,250903100,10598
6/11/09,10568.3,10726,10554.4,10714.1,228186800,10714.1
6/12/09,10648.5,10714.1,10613,10645,179018900,10645
6/15/09,10581.8,10645,10341.8,10394.8,189470900,10394.8
6/16/09,10554.2,10561.1,10292.6,10307.4,218200200,10307.4
6/17/09,10278.8,10307.4,10056.3,10066.1,227915600,10066.1
6/18/09,10066.2,10142.6,10005.4,10121.5,219819800,10121.5
6/19/09,10204.5,10288,10121.5,10288,321336500,10288
6/22/09,10105.7,10288,9830.2,9834.2,224230800,9834.2
6/23/09,9865.4,9912.2,9727.3,9896.7,224765200,9896.7
6/24/09,10004.5,10138.1,9896.7,10100.9,209751400,10100.9
6/25/09,10106.3,10366.7,10078.3,10355.8,221355100,10355.8
6/26/09,10315,10423.6,10269,10389.8,164447600,10389.8
6/29/09,10455.4,10516.9,10389.8,10476.8,138130400,10476.8
6/30/09,10471.2,10528.5,10308,10374.9,180972900,10374.9
7/2/09,10290.5,10374.9,10217.1,10245.9,166628100,10245.9
7/3/09,10228.7,10294.2,10228.7,10283.1,56694800,10283.1
7/6/09,10115,10283.1,9927.2,10027.4,169508300,10027.4
7/7/09,10029.2,10078.6,9836.8,9844.3,193190700,9844.3
7/8/09,9794.1,9867.9,9535.5,9653.5,241770000,9653.5
7/9/09,9718.5,9820.5,9647.1,9773.9,182280600,9773.9
7/10/09,9698.7,9773.9,9630,9747.1,140866300,9747.1
7/13/09,9733.7,9891.9,9588.4,9891.9,171589400,9891.9
7/14/09,9968,9993.8,9881,9986.2,161042900,9986.2
7/15/09,10123.2,10244.3,9986.2,10215.5,212357300,10215.5
7/16/09,10178.8,10335.5,10163.5,10304.4,146062700,10304.4
7/17/09,10324.4,10404.3,10251.7,10369.4,152722600,10369.4
7/20/09,10478.5,10561.7,10369.4,10540.7,176186300,10540.7
7/21/09,10592.3,10597.7,10423.1,10515.3,194317800,10515.3
7/22/09,10422.7,10545.3,10404.9,10432.3,166250200,10432.3
7/23/09,10425.9,10675.7,10425.9,10675.7,206705900,10675.7
7/24/09,10665.5,10717.8,10574.1,10687.9,152617700,10687.9
7/27/09,10727.1,10806.5,10687.9,10757.4,170871800,10757.4
7/28/09,10613.5,10757.4,10521.3,10570.5,196886700,10570.5
7/29/09,10482.7,10570.5,10384.6,10455.3,163716900,10455.3
7/30/09,10601.7,10687.6,10455.3,10676.7,188619700,10676.7
7/31/09,10632.5,10841.5,10626.4,10787.2,164082900,10787.2
8/4/09,10943.3,11018.1,10787.2,11018.1,213627000,11018.1
8/5/09,11014.2,11065.4,10952.6,11046.9,229501900,11046.9
8/6/09,11042,11065.2,10793.4,10793.4,251846000,10793.4
8/7/09,10896,10964.1,10793.4,10885.3,183307800,10885.3
8/10/09,10833.3,10885.3,10767.7,10793.7,153939500,10793.7
8/11/09,10760.2,10795.6,10607.6,10629.5,156988700,10629.5
8/12/09,10596.7,10742.1,10587.7,10659.9,156095800,10659.9
8/13/09,10789.5,10849.5,10659.9,10825.6,200784200,10825.6
8/14/09,10832,10848,10713.2,10848,145783200,10848
8/17/09,10577,10848,10480.2,10531.6,151826900,10531.6
8/18/09,10601.2,10680.4,10531.6,10673.8,141815900,10673.8
8/19/09,10536.3,10737.5,10519,10686.8,181317900,10686.8
8/20/09,10707.7,10763.7,10686.8,10700.5,159800300,10700.5
8/21/09,10825.6,10836.9,10700.5,10831.2,176228600,10831.2
8/24/09,10865.4,10903.3,10747.2,10790,158907000,10790
8/25/09,10872.1,10963,10790,10920.5,186167000,10920.5
8/26/09,10861.2,10960.6,10838.5,10912.2,172419700,10912.2
8/27/09,10986.4,10986.4,10807.9,10934,177967200,10934
8/28/09,10979.8,11011,10893.6,10978,164482800,10978
8/31/09,10866.2,10978,10772.8,10868.2,179470200,10868.2
9/1/09,10840.9,10927,10665.9,10689.8,206259500,10689.8
9/2/09,10656.1,10737,10634.8,10701.3,246015300,10701.3
9/3/09,10768.8,10922,10701.3,10921.5,251783500,10921.5
9/4/09,10901.2,11017.5,10872.5,11017.5,148070400,11017.5
9/8/09,11147.9,11176.3,11017.5,11105.3,210673800,11105.3
9/9/09,11082,11113.8,10966.2,11000.2,243696600,11000.2
9/10/09,11011.7,11155,11000.2,11155,213760700,11155
9/11/09,11216.3,11283.3,11155,11253.2,208118600,11253.2
9/14/09,11174.7,11332,11167.3,11332,167911500,11332
9/15/09,11360.2,11495.8,11332,11495.8,209964700,11495.8
9/16/09,11551.8,11592.4,11495.8,11555.6,256998000,11555.6
9/17/09,11536.4,11613.8,11447,11528.2,223679600,11528.2
9/18/09,11532,11540.2,11446,11446,369937600,11446
9/21/09,11348.1,11446,11329.5,11424.6,173697600,11424.6
9/22/09,11533.7,11602.3,11424.6,11585.7,211364300,11585.7
9/23/09,11596.3,11648.5,11502.7,11517.5,197618700,11517.5
9/24/09,11547.7,11553,11284.2,11285.8,217668900,11285.8
9/25/09,11237.2,11300.2,11174.6,11212.4,159279500,11212.4
9/28/09,11269.4,11390,11212.4,11338.7,166605700,11338.7
9/29/09,11354.6,11403.6,11313.7,11395,194923700,11395
9/30/09,11480.8,11480.8,11251,11395,257238000,11395
10/1/09,11403.3,11403.3,11070.7,11071.8,186535900,11071.8
10/2/09,10922.3,11071.8,10855.2,10958.3,185082100,10958.3
10/5/09,10975.7,11142.3,10932.2,11102.6,184666200,11102.6
10/6/09,11230.2,11358.7,11102.6,11248,238045700,11248
10/7/09,11275.3,11351.6,11194.4,11349.9,197364600,11349.9
10/8/09,11422.6,11513.1,11349.9,11484.5,245385600,11484.5
10/9/09,11432.4,11497.2,11382.5,11436.9,176698300,11436.9
10/13/09,11423.3,11445.1,11299.6,11413.5,199711700,11413.5
10/14/09,11531.5,11539.2,11413.5,11532.8,190889800,11532.8
10/15/09,11459,11532.8,11448.6,11504.5,166225300,11504.5
10/16/09,11459.5,11514.2,11409,11504.8,158645000,11504.8
10/19/09,11566.8,11571.3,11485.1,11538.4,152408000,11538.4
10/20/09,11586.9,11589.9,11496.9,11538.1,154625200,11538.1
10/21/09,11475,11595,11437.6,11442,190196200,11442
10/22/09,11427.4,11533.4,11365.8,11533.4,199417900,11533.4
10/23/09,11564.7,11569.4,11357.8,11382.1,178163000,11382.1
10/26/09,11426.3,11525.8,11210.6,11234.9,169730900,11234.9
10/27/09,11229.6,11247.1,11053.5,11053.5,198483600,11053.5
10/28/09,11000,11053.5,10805.3,10805.3,229661700,10805.3
10/29/09,10916.5,11075.2,10805.3,11075.2,220212000,11075.2
10/30/09,11091.6,11091.6,10767.6,10910.8,219733200,10910.8
11/2/09,10896.7,10963.7,10745.3,10878.3,189351600,10878.3
11/3/09,10777.8,11025.9,10751.7,11025.9,212424400,11025.9
11/4/09,11103.4,11187.9,11025.9,11071.2,223211400,11071.2
11/5/09,11070.2,11180.7,11041.7,11180.7,169603000,11180.7
11/6/09,11100.9,11259.6,11098.7,11250.4,184893800,11250.4
11/9/09,11372.2,11488.3,11250.4,11486.9,195835900,11486.9
11/10/09,11457.5,11486.9,11369,11426.7,177798000,11426.7
11/11/09,11546,11559.7,11419.4,11439.8,161129600,11439.8
11/12/09,11383.3,11456.1,11330.3,11360.8,169073200,11360.8
11/13/09,11348.3,11417.4,11322.1,11407.7,153405300,11407.7
11/16/09,11496.8,11539.8,11407.7,11512.3,194387700,11512.3
11/17/09,11507.8,11631.6,11502.6,11630,161564700,11630
11/18/09,11667.9,11702.2,11604.9,11652.7,200219800,11652.7
11/19/09,11588.4,11652.7,11484.4,11600.3,218465200,11600.3
11/20/09,11524.5,11600.3,11508.8,11579.3,151515800,11579.3
11/23/09,11689.4,11737.8,11579.3,11624,167178300,11624
11/24/09,11644.5,11644.5,11539.6,11539.6,174537900,11539.6
11/25/09,11594,11647.6,11539.6,11636.9,161886700,11636.9
11/26/09,11569.3,11636.9,11428.3,11436.8,69466700,11436.8
11/27/09,11281.1,11539.9,11281.1,11464.4,121024300,11464.4
11/30/09,11476.3,11586.2,11447.2,11447.2,182472000,11447.2
12/1/09,11574.7,11715.5,11447.2,11707.3,223001900,11707.3
12/2/09,11729.3,11802.4,11707.3,11779.7,206687800,11779.7
12/3/09,11775,11816.3,11629,11636.5,177773900,11636.5
12/4/09,11672.1,11700.1,11414.9,11510.8,195124200,11510.8
12/7/09,11467.5,11571.5,11445.5,11489.6,177879700,11489.6
12/8/09,11412,11489.6,11342.5,11368.9,172526000,11368.9
12/9/09,11428.6,11428.6,11248.9,11379.2,186472900,11379.2
12/10/09,11399.7,11464.6,11370,11464.6,167441700,11464.6
12/11/09,11472,11504.3,11387.4,11423.9,158965300,11423.9
12/14/09,11481.6,11549.7,11423.9,11545.7,166925500,11545.7
12/15/09,11532.8,11581.5,11498.8,11541,165290600,11541
12/16/09,11609.2,11691.7,11541,11637,168264900,11637
12/17/09,11570.2,11637,11473.1,11473.1,169450100,11473.1
12/18/09,11510.1,11562,11448,11463.4,336889400,11463.4
12/21/09,11559.6,11596.7,11463.4,11554.7,147844500,11554.7
12/22/09,11539,11628,11522.4,11628,125601300,11628
12/23/09,11625,11688.1,11625,11658.7,118372800,11658.7
12/24/09,11666.2,11754.6,11658.7,11754.6,470600,11754.6
12/29/09,11740.4,11754.6,11691.7,11701.8,775600,11701.8
12/30/09,11687.1,11728.4,11673,11717.5,687400,11717.5
12/31/09,11745.2,11766,11717.5,11746.1,646200,11746.1
1/4/10,11847.3,11872.2,11746.1,11866.9,132670500,11866.9
1/5/10,11900,11935.2,11837.2,11888.1,167798200,11888.1
1/6/10,11912.9,11971.6,11888.1,11944.5,194400800,11944.5
1/7/10,11925,11944.5,11819.5,11887.5,190573600,11887.5
1/8/10,11883.3,11953.8,11863.1,11953.8,167761200,11953.8
1/11/10,12070.7,12070.7,11923.2,11947.1,172295300,11947.1
1/12/10,11866.6,11947.1,11766.5,11820.2,1147400,11820.2
1/13/10,11802.8,11865.2,11738.6,11853.6,172419900,11853.6
1/14/10,11873.6,11888.3,11776.4,11804.4,161042700,11804.4
1/15/10,11782.6,11804.4,11684.2,11685.4,148632900,11685.4
1/18/10,11711.1,11754.1,11685.4,11750.5,632200,11750.5
1/19/10,11746.2,11765.5,11710.4,11763.4,144213400,11763.4
1/20/10,11699.1,11763.4,11581.6,11679.3,193857300,11679.3
1/21/10,11557.2,11679.3,11461.3,11469.1,197664900,11469.1
1/22/10,11400,11481,11318.3,11343.4,1940800,11343.4
1/25/10,11384.7,11423.3,11343.4,11354.5,134679900,11354.5
1/26/10,11349.3,11421.5,11271.4,11361.2,165123100,11361.2
1/27/10,11324.7,11367.4,11259,11344.1,196445400,11344.1
1/28/10,11279.6,11389.2,11162.1,11274.2,181342100,11274.2
1/29/10,11142.8,11324.2,11084.3,11094.3,183158600,11094.3
2/1/10,11147.5,11317.5,11094.3,11317.5,151740700,11317.5
2/2/10,11366,11430.3,11297.6,11408.3,201381600,11408.3
2/3/10,11395.6,11454.6,11348.7,11390.5,177829900,11390.5
2/4/10,11163.6,11390.5,11120.1,11128.8,213830700,11128.8
2/5/10,11123.7,11223.1,10990.4,11223.1,213138200,11223.1
2/8/10,11135.1,11277.6,11099.5,11115.3,151081000,11115.3
2/9/10,11210,11314.4,11115.3,11274.2,166711900,11274.2
2/10/10,11280.3,11321.4,11212.4,11286.3,153652200,11286.3
2/11/10,11300.1,11438,11232.9,11435.5,202980700,11435.5
2/12/10,11349.2,11469.8,11335.7,11469.8,175657700,11469.8
2/16/10,11545.5,11601.5,11469.8,11586.4,156177800,11586.4
2/17/10,11605.6,11697,11586.4,11635.5,166419800,11635.5
2/18/10,11629.7,11712.3,11618.6,11694.8,144869600,11694.8
2/19/10,11692,11758.2,11679.6,11709.3,138424500,11709.3
2/22/10,11745.1,11763.3,11634.8,11634.8,119081200,11634.8
2/23/10,11606.6,11634.8,11481.6,11526.7,149779200,11526.7
2/24/10,11526.8,11584.4,11492.8,11521.8,124588100,11521.8
2/25/10,11457.4,11637.4,11421,11631.4,177113500,11631.4
2/26/10,11654.8,11664.4,11591,11629.6,159871000,11629.6
3/1/10,11682.8,11732.1,11629.6,11728.1,138624800,11728.1
3/2/10,11751.6,11843.7,11728.1,11828.3,161257900,11828.3
3/3/10,11842.2,11876.5,11811.4,11852.8,163136300,11852.8
3/4/10,11866.8,11876.7,11792.3,11825,175292000,11825
3/5/10,11878.4,11975.1,11825,11975.1,170065800,11975.1
3/8/10,12026.3,12039.5,11958.5,11963.8,143493100,11963.8
3/9/10,11923.1,11965.1,11893.4,11918.7,177582200,11918.7
3/10/10,11931.8,11994.6,11916.5,11961.1,199895800,11961.1
3/11/10,11935.8,11981.8,11909.5,11979.7,142983100,11979.7
3/12/10,12019.8,12047.6,11954.4,12013.8,177279900,12013.8
3/15/10,11988.4,12016.8,11908,12008.8,128560300,12008.8
3/16/10,12048.8,12097.7,12008.8,12089.4,155497800,12089.4
3/17/10,12122.5,12122.5,12085.3,12100.7,158066500,12100.7
3/18/10,12091.1,12129.3,12008.1,12040,155656200,12040
3/19/10,12032,12047.4,11926,11948,342072200,11948
3/22/10,11876.6,11991.5,11844,11967.2,211048700,11967.2
3/23/10,11988,12048,11967.2,12044.5,193096400,12044.5
3/24/10,12008.7,12044.5,11962.7,11963,206398700,11963
3/25/10,12010.1,12048.7,11957.7,11958.1,208243200,11958.1
3/26/10,11992,12040.6,11909.1,11957.4,197405200,11957.4
3/29/10,11999.5,12034.9,11957.4,12029.7,159040900,12029.7
3/30/10,12042.2,12061.7,12022.8,12044.2,153305600,12044.2
3/31/10,12063.3,12080.5,11983.3,12037.7,192925500,12037.7
4/1/10,12069.9,12157.3,12037.7,12151.1,190576800,12151.1
4/5/10,12190.8,12203.4,12151.1,12186.3,146615800,12186.3
4/6/10,12135.6,12200.1,12120.3,12156.7,163854800,12156.7
4/7/10,12137.1,12160,12059.3,12110.9,210588900,12110.9
4/8/10,12060.7,12139,11975.9,12113.5,179570400,12113.5
4/9/10,12150.5,12211.1,12113.5,12176.8,163373500,12176.8
4/12/10,12167.5,12214.4,12139.2,12148.7,163197100,12148.7
4/13/10,12091.5,12148.7,12025.4,12101.5,145607200,12101.5
4/14/10,12141.7,12211.6,12095.9,12204.4,177248500,12204.4
4/15/10,12178.6,12249.5,12168.7,12211.5,164368500,12211.5
4/16/10,12190.6,12211.5,12019.9,12070.7,209408300,12070.7
4/19/10,11974.7,12103,11954,12103,185354900,12103
4/20/10,12122,12159.9,12103,12113.5,179248400,12113.5
4/21/10,12135.3,12158.2,12070.7,12134.6,182199700,12134.6
4/22/10,12053.3,12160.9,11985.3,12160.9,201924700,12160.9
4/23/10,12167.8,12248.4,12126.8,12239.6,192225700,12239.6
4/26/10,12254.2,12297.9,12234.7,12281,155928300,12281
4/27/10,12255.5,12321.8,12143.2,12146.7,221201200,12146.7
4/28/10,12165,12173.3,12075.8,12076.9,222609000,12076.9
4/29/10,12110.7,12227,12076.9,12200.3,223547300,12200.3
4/30/10,12247.4,12308.1,12184.3,12210.7,246932700,12210.7
5/3/10,12274,12294.6,12165.8,12196.5,179449500,12196.5
5/4/10,12164.9,12196.5,11954.5,12030.9,256142700,12030.9
5/5/10,11862.4,12030.9,11754.3,11875.1,284613800,11875.1
5/6/10,11845.8,11949,11422.7,11842.4,365163000,11842.4
5/7/10,11749.9,11842.4,11557,11692.4,281577500,11692.4
5/10/10,12011.8,12024.5,11692.4,11947.9,205450400,11947.9
5/11/10,11931.7,12093.5,11916.2,12000.6,255876200,12000.6
5/12/10,12102.6,12205,12000.6,12196,237159700,12196
5/13/10,12170.9,12210.4,12059.1,12116.6,205673700,12116.6
5/14/10,12088,12116.6,11891,12015,210463800,12015
5/17/10,11999.8,12015,11695.6,11813,230554000,11813
5/18/10,11891.1,11959.7,11760.8,11764.5,227515300,11764.5
5/19/10,11700.5,11787.2,11514.1,11665.8,260917700,11665.8
5/20/10,11495,11665.8,11381.4,11406,287930300,11406
5/21/10,11244.5,11539.1,11180,11521.3,212582900,11521.3
5/25/10,11270.7,11522.3,11263.2,11518.1,253635700,11518.1
5/26/10,11699.7,11723.9,11518.1,11543.9,295819700,11543.9
5/27/10,11608.6,11755.1,11543.9,11749.1,235526800,11749.1
5/28/10,11778.9,11799.6,11640.8,11671.4,174609700,11671.4
5/31/10,11765.5,11765.5,11671.4,11763,586800,11763
6/1/10,11702.2,11778.8,11566.8,11572,247640200,11572
6/2/10,11619.2,11780.7,11569.3,11780.7,277593000,11780.7
6/3/10,11824.2,11842.3,11692,11811.9,227712300,11811.9
6/4/10,11661.9,11811.9,11548.9,11569.6,212460600,11569.6
6/7/10,11570.4,11616.7,11493.6,11504.7,201112300,11504.7
6/8/10,11522.2,11559.5,11402.5,11517.2,230881400,11517.2
6/9/10,11575,11613.1,11436.4,11450.6,208969000,11450.6
6/10/10,11514.8,11637.8,11450.6,11635.8,177325200,11635.8
6/11/10,11591.4,11693.7,11586.3,11666.9,150092300,11666.9
6/14/10,11730.1,11781.2,11653,11667.3,164946000,11667.3
6/15/10,11702.1,11907.5,11670.5,11907.5,188665900,11907.5
6/16/10,11873.9,11938.6,11864.9,11921,166225900,11921
6/17/10,11968.4,11981.4,11908.9,11946,177607500,11946
6/18/10,11990.2,12017.9,11927.6,11927.6,355137900,11927.6
6/21/10,12042.8,12077,11905.7,11936.1,192616100,11936.1
6/22/10,11910.6,11952.9,11796.4,11797.9,158052000,11797.9
6/23/10,11784.1,11849.8,11730,11807.5,164066000,11807.5
6/24/10,11774.9,11805.8,11661.1,11670.2,131022200,11670.2
6/25/10,11692.9,11774.4,11619.4,11707.8,150615000,11707.8
6/28/10,11715.3,11718.9,11602.2,11607,142217200,11607
6/29/10,11508.1,11594.6,11244,11263.8,237759600,11263.8
6/30/10,11266.5,11415.3,11258.4,11294.4,198625600,11294.4
7/2/10,11245.3,11311,11146.8,11196.1,149305300,11196.1
7/5/10,11163,11192.4,11065.5,11092.5,542800,11092.5
7/6/10,11195.3,11269.9,11093.9,11200.2,218609700,11200.2
7/7/10,11227.7,11397.3,11201.3,11397.3,315669300,11397.3
7/8/10,11482.6,11482.6,11330.6,11433.4,222372400,11433.4
7/9/10,11430.7,11570.5,11393.9,11570.5,159365000,11570.5
7/12/10,11567.4,11600.8,11497.3,11565.8,146214600,11565.8
7/13/10,11678.4,11695.6,11573.3,11672.8,196260600,11672.8
7/14/10,11673,11694,11606.8,11620.2,169886300,11620.2
7/15/10,11643.1,11741.8,11552.4,11741.8,191605900,11741.8
7/16/10,11690.2,11741.8,11503.8,11569.7,186759200,11569.7
7/19/10,11542.2,11580.3,11447.8,11543.5,157275100,11543.5
7/20/10,11454.3,11629.9,11446,11629.9,187924900,11629.9
7/21/10,11668.7,11668.7,11465.7,11513.3,166371000,11513.3
7/22/10,11573.2,11668,11513.4,11667.8,182217100,11667.8
7/23/10,11679,11722.6,11622.9,11714.2,147800200,11714.2
7/26/10,11742.4,11768.5,11679.6,11746.1,134590600,11746.1
7/27/10,11803.7,11822.7,11683.8,11716.7,190675700,11716.7
7/28/10,11667.5,11716.3,11659.1,11696.6,174776100,11696.6
7/29/10,11746.8,11771.8,11634.1,11728.6,205437800,11728.6
7/30/10,11667.9,11746.8,11603.8,11713.4,153668100,11713.4
8/3/10,11829.3,11872.9,11713.9,11782.6,228189300,11782.6
8/4/10,11843.8,11855.9,11784.8,11845,191089900,11845
8/5/10,11819.2,11845.4,11747.8,11774.8,227178800,11774.8
8/6/10,11752.9,11822.4,11700.1,11800,187277700,11800
8/9/10,11846.7,11878.4,11783.4,11863.6,146656100,11863.6
8/10/10,11778.4,11871.3,11749.5,11838.3,166176900,11838.3
8/11/10,11736.4,11833.9,11565,11582.2,187670900,11582.2
8/12/10,11513.2,11579.7,11480.5,11523.6,243569900,11523.6
8/13/10,11505.2,11548.6,11491.1,11528.3,164371900,11528.3
8/16/10,11527.7,11558.8,11493.6,11552.8,152054900,11552.8
8/17/10,11677.3,11744.8,11552.6,11728.6,207051300,11728.6
8/18/10,11722.5,11806.5,11646,11781.1,173697900,11781.1
8/19/10,11775.3,11801.2,11669.3,11710.2,187373900,11710.2
8/20/10,11672.5,11736.2,11594.7,11722.1,160721100,11722.1
8/23/10,11751.5,11774.4,11712.3,11718.6,162052800,11718.6
8/24/10,11610.8,11706.9,11553.4,11557.3,193425200,11557.3
8/25/10,11515.1,11648.1,11469.3,11648.1,202774300,11648.1
8/26/10,11667.3,11707.1,11618.7,11653.2,190937900,11653.2
8/27/10,11700.4,11887.8,11638,11879.7,178412300,11879.7
8/30/10,11873.1,11952.6,11865.8,11895.5,137653900,11895.5
8/31/10,11894.3,11990.8,11845.2,11913.9,231320800,11913.9
9/1/10,11978.3,12016.1,11914.2,12003.8,236076600,12003.8
9/2/10,12040.3,12111.9,12003.7,12111.1,215058400,12111.1
9/3/10,12136.6,12197.9,12109,12144.9,199106600,12144.9
9/7/10,12148,12148,12070.6,12102,147623700,12102
9/8/10,12102.4,12160.7,12040.2,12042.3,191014200,12042.3
9/9/10,12106.4,12116,11997.7,12033.5,185537700,12033.5
9/10/10,12023.5,12097.1,12021.8,12097.1,213188400,12097.1
9/13/10,12147.3,12157,12101.4,12149.9,189965700,12149.9
9/14/10,12151.1,12251.5,12147,12193,207852800,12193
9/15/10,12160.1,12191.9,12081.6,12144.8,184877100,12144.8
9/16/10,12146,12180.2,12106.5,12173.3,198796300,12173.3
9/17/10,12262.3,12262.3,12140.8,12164.6,437462400,12164.6
9/20/10,12190.5,12281.4,12166.7,12234.5,191041100,12234.5
9/21/10,12256.8,12256.8,12129.8,12170.6,255126700,12170.6
9/22/10,12209.3,12253.2,12139.8,12147.3,186610300,12147.3
9/23/10,12098.7,12159.6,12055.5,12153,1141200,12153
9/24/10,12168,12219.2,12103.6,12204.9,200783500,12204.9
9/27/10,12211.1,12246.4,12189.6,12190.6,166245500,12190.6
9/28/10,12179,12279.7,12123.8,12278.9,219391900,12278.9
9/29/10,12255.5,12382.8,12237.3,12382.8,216326900,12382.8
9/30/10,12404.2,12406.4,12257.8,12368.7,271240200,12368.7
10/1/10,12400.1,12446.8,12363.1,12363.1,208557400,12363.1
10/4/10,12368,12375.2,12262.7,12322.9,157341600,12322.9
10/5/10,12394.4,12509.8,12327.8,12498,246214000,12498
10/6/10,12511.8,12511.8,12447.1,12501.7,207398900,12501.7
10/7/10,12509.3,12523,12375,12445.9,232346200,12445.9
10/8/10,12467,12541,12445.9,12535.6,180405900,12535.6
10/12/10,12530,12581.8,12479.6,12575.6,184262000,12575.6
10/13/10,12638.1,12710.2,12576.7,12673.3,274715000,12673.3
10/14/10,12670.9,12708.4,12588.5,12619.7,208122600,12619.7
10/15/10,12648,12652.8,12549.5,12609.1,181512300,12609.1
10/18/10,12596.2,12672.6,12596.2,12668,148482300,12668
10/19/10,12551.3,12661,12518.5,12570.5,216523300,12570.5
10/20/10,12561.2,12667.7,12557.3,12649.9,179934400,12649.9
10/21/10,12658.5,12674.1,12575.5,12599.2,219438100,12599.2
10/22/10,12621.3,12625.3,12566.3,12601.2,161467600,12601.2
10/25/10,12671.3,12692.6,12609,12663.6,171415200,12663.6
10/26/10,12607,12694.5,12602.8,12684.7,180927800,12684.7
10/27/10,12626.3,12680.5,12508.7,12567.3,213783200,12567.3
10/28/10,12611.1,12621,12504.8,12564.1,190636900,12564.1
10/29/10,12560.3,12681.9,12560.3,12676.2,184429300,12676.2
11/1/10,12725.9,12759.1,12639.8,12664.8,158674900,12664.8
11/2/10,12718.9,12721.5,12660.5,12681.4,159424400,12681.4
11/3/10,12685.4,12703.9,12569.4,12671.1,232230700,12671.1
11/4/10,12831.1,12921.3,12676,12878.8,301956400,12878.8
11/5/10,12894.6,13001.2,12881.2,12925.1,272720600,12925.1
11/8/10,12940.3,13052.5,12924,13052.5,222268000,13052.5
11/9/10,13109.3,13114,12877.5,12916.6,292264000,12916.6
11/10/10,12905,12942.6,12787,12942.6,257640300,12942.6
11/11/10,12925.1,12941.9,12850.8,12934.7,201985700,12934.7
11/12/10,12838.3,12934.2,12661.9,12749.2,259861100,12749.2
11/15/10,12757.5,12820.4,12712.6,12735.4,177636900,12735.4
11/16/10,12663.5,12726.5,12501.8,12602.2,235133100,12602.2
11/17/10,12556.8,12673.4,12542.4,12657.8,177500400,12657.8
11/18/10,12769.6,12903.3,12684.6,12870,215549700,12870
11/19/10,12835.4,12967.5,12813.8,12956.3,175933800,12956.3
11/22/10,12931.8,12964,12850.8,12929,160171300,12929
11/23/10,12858.6,12929,12780.9,12793.8,211518600,12793.8
11/24/10,12843.9,12902,12795.7,12902,191357700,12902
11/25/10,12912.1,12945.8,12902.2,12945.8,73676300,12945.8
11/26/10,12865.9,12917.6,12845.4,12892.7,151957000,12892.7
11/29/10,12888.1,12930.3,12783.4,12895.7,208343300,12895.7
11/30/10,12882.8,13032.5,12882.8,12952.9,330680000,12952.9
12/1/10,13067,13154.4,12952.9,13148.3,269398800,13148.3
12/2/10,13139.7,13190.7,13132,13163.5,252668300,13163.5
12/3/10,13134.8,13196.5,13134.8,13179,300830700,13179
12/6/10,13207.2,13276,13181.3,13276,207717000,13276
12/7/10,13368.8,13368.8,13240.5,13250.7,249669100,13250.7
12/8/10,13211.3,13234.3,13132.4,13152,239692500,13152
12/9/10,13221.8,13225,13144.3,13166.9,201102800,13166.9
12/10/10,13163.3,13253.4,13163.3,13239.5,188781000,13239.5
12/13/10,13290.3,13360.1,13256.6,13295.9,215552300,13295.9
12/14/10,13313.9,13328.4,13241.7,13280.1,210577300,13280.1
12/15/10,13234,13281,13168,13229.1,236636000,13229.1
12/16/10,13205.3,13223.7,13122.9,13181.2,209990400,13181.2
12/17/10,13194.6,13220.5,13094,13201.5,4312200,13201.5
12/20/10,13231.5,13262.8,13193.3,13193.3,1735800,13193.3
12/21/10,13240.8,13365.2,13194.7,13365.2,1590000,13365.2
12/22/10,13380.8,13397.3,13349.7,13380.7,1508000,13380.7
12/23/10,13353.9,13397,13316.6,13371.2,1196200,13371.2
12/24/10,13371.4,13394.4,13366.6,13383.2,182400,13383.2
12/29/10,13413.2,13449.8,13383.2,13449.2,1089400,13449.2
12/30/10,13449.8,13493.6,13400.7,13434.4,957200,13434.4
12/31/10,13416.5,13465.5,13383,13443.2,804400,13443.2
1/4/11,13530.3,13530.3,13326.7,13402.3,2040000,13402.3
1/5/11,13365.3,13400,13301.2,13396,2269400,13396
1/6/11,13407.6,13413.2,13290.9,13311.7,2259200,13311.7
1/7/11,13263.1,13329.6,13233.3,13272.3,2080400,13272.3
1/10/11,13291.6,13295.4,13139.5,13245.1,1793800,13245.1
1/11/11,13341.9,13421.8,13245.1,13401,2485000,13401
1/12/11,13467.4,13497.7,13402.3,13460.2,2703800,13460.2
1/13/11,13492.3,13505.4,13383.5,13401.5,2796000,13401.5
1/14/11,13408.9,13464.1,13376.1,13464.1,2454000,13464.1
1/17/11,13427.1,13473,13424.4,13440.1,931000,13440.1
1/18/11,13486.2,13565.6,13440.7,13559.2,2880000,13559.2
1/19/11,13570.1,13572.3,13411.5,13439,2193800,13439
1/20/11,13362.4,13429.5,13238.9,13331.3,2602600,13331.3
1/21/11,13355.3,13408,13258.6,13258.6,4061400,13258.6
1/24/11,13313.7,13369.3,13264.7,13347.6,1859400,13347.6
1/25/11,13322.4,13347,13192.7,13259.6,2537200,13259.6
1/26/11,13300.3,13477.9,13259.6,13465.8,2522200,13465.8
1/27/11,13473,13497.2,13397.5,13410.2,2149200,13410.2
1/28/11,13406.4,13497.5,13406,13437.6,2346600,13437.6
1/31/11,13449.7,13588.5,13438.4,13552,2313000,13552
2/1/11,13617.7,13714.5,13552.3,13712.6,2537800,13712.6
2/2/11,13729.1,13731.3,13673.1,13680.3,1933200,13680.3
2/3/11,13733,13844.1,13683.5,13841.3,2875600,13841.3
2/4/11,13843.5,13863.1,13778.1,13791.8,2120600,13791.8
2/7/11,13854.1,13872.1,13791.8,13811.9,2407600,13811.9
2/8/11,13841.3,13909.8,13786.4,13892.5,2194600,13892.5
2/9/11,13892.3,13905.4,13774.8,13784.3,2188200,13784.3
2/10/11,13741.6,13848.6,13692.8,13840.6,2102000,13840.6
2/11/11,13823.8,13854,13766.8,13766.8,1904000,13766.8
2/14/11,13835.1,13923.4,13776.6,13910.8,1983400,13910.8
2/15/11,13944.8,13971.8,13910.7,13929.3,2027800,13929.3
2/16/11,13980.1,14092.3,13929.6,14059.2,2201200,14059.2
2/17/11,14068.7,14136.2,14018.6,14136.2,2210400,14136.2
2/18/11,14153.5,14156.4,14094.7,14123.1,2422600,14123.1
2/22/11,14155.6,14160.7,13946.2,13963.7,2478800,13963.7
2/23/11,13983.3,14080.9,13951.2,13956.2,2560800,13956.2
2/24/11,13994.2,14034.6,13810.5,13867.3,2493400,13867.3
2/25/11,13950.4,14052.1,13885.9,14052.1,2520400,14052.1
2/28/11,14083,14159.9,14053.1,14136.5,2876600,14136.5
3/1/11,14167,14213.2,14092.3,14122.8,2377000,14122.8
3/2/11,14123.2,14160.9,14093,14144,2100600,14144
3/3/11,14184,14220.2,14143.9,14214.7,2486200,14214.7
3/4/11,14260.3,14280.6,14214.5,14252.8,2031000,14252.8
3/7/11,14303.3,14329.5,14077.6,14092.3,2113400,14092.3
3/8/11,14130.6,14130.6,13973.6,14013,2224400,14013
3/9/11,14014.2,14031.8,13840.4,13884.7,2358200,13884.7
3/10/11,13746.7,13884.4,13578.3,13638.6,2368000,13638.6
3/11/11,13478,13709.4,13477.4,13674.3,1909400,13674.3
3/14/11,13545,13673.9,13511.2,13619.2,2491600,13619.2
3/15/11,13275.4,13604,13237.9,13547,3334600,13547
3/16/11,13541,13680.9,13430.8,13524.8,3024000,13524.8
3/17/11,13682.8,13755.4,13524.8,13746.2,2428000,13746.2
3/18/11,13819.6,13875.7,13746.3,13789.6,3523000,13789.6
3/21/11,13919,14016.7,13812.3,14013.7,1844200,14013.7
3/22/11,14008.3,14035,13967.4,14000,1830800,14000
3/23/11,14017.3,14100.1,13985.6,14087.2,2095000,14087.2
3/24/11,14084.4,14107,14015.3,14029.4,2062600,14029.4
3/25/11,14014.2,14130.4,14014.2,14039.4,1852000,14039.4
3/28/11,14003.6,14036.5,13888.7,13892.7,1779800,13892.7
3/29/11,13891,13961,13843.4,13930.3,1810600,13930.3
3/30/11,14007.5,14096,13934.5,14083.6,2344800,14083.6
3/31/11,14154.4,14166.6,14083.7,14116.1,2533400,14116.1
4/1/11,14118.2,14181.5,14116.8,14130.2,2400600,14130.2
4/4/11,14212.7,14248.7,14145.5,14218.3,2262000,14218.3
4/5/11,14201.2,14270.5,14187.9,14270.5,2335000,14270.5
4/6/11,14315.4,14315.4,14139.5,14202.7,2342000,14202.7
4/7/11,14181.9,14215.6,14096.9,14107.8,1941200,14107.8
4/8/11,14195,14229.8,14107.8,14208.4,2058800,14208.4
4/11/11,14187.8,14208,13933.1,13996.9,1775200,13996.9
4/12/11,13902.5,13996.2,13720.1,13801.4,2290600,13801.4
4/13/11,13882.4,13947.2,13805.1,13833.6,2319200,13833.6
4/14/11,13807.5,13848.2,13781.8,13821.8,1844200,13821.8
4/15/11,13824.8,13889.5,13798.3,13799.1,1837800,13799.1
4/18/11,13738.8,13798.5,13584.5,13702.3,1838000,13702.3
4/19/11,13688.3,13756.3,13671.7,13736.8,1748200,13736.8
4/20/11,13866.7,13921.3,13738,13897.5,1779600,13897.5
4/21/11,13946.9,13977.5,13898.3,13972,1450200,13972
4/25/11,13983.3,13997.9,13888.3,13907.3,191204700,13907.3
4/26/11,13896.8,13926.2,13871.2,13909.1,193028600,13909.1
4/27/11,13941.1,13943,13770.8,13892.6,244523500,13892.6
4/28/11,13891.6,13936.7,13848.3,13894.4,1754600,13894.4
4/29/11,13872.2,13945.7,13861.4,13944.8,1978200,13944.8
5/2/11,13944.8,14089.1,13893,13934.5,159200,13934.5
5/3/11,13912.2,13931.7,13618.8,13692.4,245800,13692.4
5/4/11,13676.5,13694.3,13499.8,13611.3,2145000,13611.3
5/5/11,13521.7,13606.9,13416,13455.4,2352600,13455.4
5/6/11,13513.2,13615.5,13456.6,13566.6,2089600,13566.6
5/9/11,13628.3,13678.9,13561.4,13677.1,1757400,13677.1
5/10/11,13703,13703,13632.5,13642.1,1681800,13642.1
5/11/11,13597.2,13641.7,13386.9,13419.7,2211200,13419.7
5/12/11,13340.6,13440.8,13264.8,13389.4,2705800,13389.4
5/13/11,13424.7,13439.9,13341.4,13377.2,1719600,13377.2
5/16/11,13360.6,13519.2,13338,13391.3,1846400,13391.3
5/17/11,13368.7,13472.8,13349,13441.1,2253200,13441.1
5/18/11,13513.6,13646.3,13446.3,13607.3,2142800,13607.3
5/19/11,13624.2,13646.8,13566.9,13625.1,2053000,13625.1
5/20/11,13591.4,13682.9,13537.6,13652.3,2028800,13652.3
5/24/11,13631.7,13691.1,13584.5,13595.1,2001200,13595.1
5/25/11,13578.2,13768.2,13578.2,13751.5,1737000,13751.5
5/26/11,13692.9,13775.9,13671,13775.9,2282200,13775.9
5/27/11,13777.5,13856.5,13777.5,13797.6,2540400,13797.6
5/30/11,13810.6,13856.2,13796.2,13829.7,867000,13829.7
5/31/11,13892.1,13901.6,13737.6,13802.9,2754400,13802.9
6/1/11,13806.1,13823.4,13527.9,13527.9,2228400,13527.9
6/2/11,13555.9,13622.7,13457.9,13519.5,1884800,13519.5
6/3/11,13388.9,13532.5,13365.4,13517.9,1825000,13517.9
6/6/11,13517.5,13538.1,13284.6,13318.7,1571000,13318.7
6/7/11,13320.1,13392,13272.9,13282.9,1953600,13282.9
6/8/11,13223.6,13288.7,13161.4,13183.8,2255800,13183.8
6/9/11,13202.5,13266.7,13164.8,13255.7,2060800,13255.7
6/10/11,13179.6,13242.7,13008.8,13084,1641400,13084
6/13/11,13050.2,13085.8,12906.4,12939.7,1726600,12939.7
6/14/11,13004.3,13122.4,12947.7,13097.8,2231800,13097.8
6/15/11,13012.1,13082.3,12938.4,12972,2051600,12972
6/16/11,12964,12994.8,12834.6,12853.1,2096400,12853.1
6/17/11,12852.5,12948.8,12790,12790,3464800,12790
6/20/11,12789,12872.8,12763.5,12857.7,1975800,12857.7
6/21/11,12901.4,13085.4,12860.7,13063.3,2776000,13063.3
6/22/11,13050,13160.9,13041.7,13060.6,2266800,13060.6
6/23/11,12928.2,13060.6,12838.8,12979.6,2103800,12979.6
6/24/11,13017.6,13017.6,12893.8,12908.9,1438800,12908.9
6/27/11,12886,12974.8,12858.4,12966.5,1626400,12966.5
6/28/11,12996.9,13112,12966.5,13105,1792000,13105
6/29/11,13155.7,13233.8,13069.5,13188.9,2002400,13188.9
6/30/11,13219.5,13301.7,13189.6,13300.9,1901600,13300.9
7/4/11,13315.4,13414,13297.7,13386.5,1049600,13386.5
7/5/11,13423.8,13474.1,13395.7,13425.3,2444000,13425.3
7/6/11,13450.9,13455,13371.3,13403.1,2255400,13403.1
7/7/11,13459.6,13474.9,13396.5,13406,1696000,13406
7/8/11,13368.4,13410.7,13335.6,13371.7,1279600,13371.7
7/11/11,13339.5,13370.2,13134.7,13179.8,1550200,13179.8
7/12/11,13101.9,13272.8,13101.9,13234.1,1817000,13234.1
7/13/11,13268.6,13428.5,13243.9,13324.9,2178400,13324.9
7/14/11,13397.7,13399.9,13222,13252.9,1739200,13252.9
7/15/11,13308.2,13337.2,13252.9,13299.5,1557200,13299.5
7/18/11,13291.4,13338.2,13210.1,13254.1,1605000,13254.1
7/19/11,13284.1,13346.4,13261.1,13332.9,2128000,13332.9
7/20/11,13348.9,13374.4,13312.9,13340.8,2236600,13340.8
7/21/11,13371.1,13469.1,13345.1,13434.3,2055200,13434.3
7/22/11,13473.7,13516.2,13439,13494.6,1713600,13494.6
7/25/11,13451.5,13486.3,13413,13436,1626600,13436
7/26/11,13413.9,13429.2,13286.9,13300.6,1788400,13300.6
7/27/11,13261.3,13299.1,13091.6,13107.1,1305600,13107.1
7/28/11,12997.2,13107,12931.2,13047.8,1985800,13047.8
7/29/11,12983.5,13039.1,12858.4,12945.6,1693000,12945.6
8/2/11,13010.6,13010.6,12751.3,12752.3,2045400,12752.3
8/3/11,12742,12816.4,12567.7,12816,2631600,12816
8/4/11,12764.1,12815.2,12322.1,12380.1,3491800,12380.1
8/5/11,12356.7,12400.1,11894.7,12162.2,3472600,12162.2
8/8/11,11747,12159.7,11617.8,11671,3912800,11671
8/9/11,11786.1,12109.3,11663.3,12109.3,4223800,12109.3
8/10/11,12126.2,12307.9,11961.1,12198.9,3279400,12198.9
8/11/11,12183.3,12543.8,12063.8,12539.8,3066800,12539.8
8/12/11,12638.3,12638.3,12501.5,12542.2,1928200,12542.2
8/15/11,12626.8,12710.1,12550.9,12683.6,1851000,12683.6
8/16/11,12623.7,12668.8,12487.3,12530.7,2203400,12530.7
8/17/11,12595.7,12715,12542.3,12579.6,2023000,12579.6
8/18/11,12389,12545.1,12122.4,12186.7,2375600,12186.7
8/19/11,12053.4,12261.7,11988.6,12007.5,2402000,12007.5
8/22/11,12235.9,12235.9,12041.7,12068.4,1901800,12068.4
8/23/11,12111.7,12338.4,12025.9,12338.3,2674400,12338.3
8/24/11,12311.2,12410,12225.9,12343.8,2065800,12343.8
8/25/11,12360.9,12379.3,12221.7,12284.3,1783600,12284.3
8/26/11,12208,12339.8,12067,12327.5,1706200,12327.5
8/29/11,12433.5,12523.9,12340.5,12504.8,1728400,12504.8
8/30/11,12530.2,12664.7,12460.5,12634.7,1967200,12634.7
8/31/11,12690.2,12778.4,12640.4,12768.7,2866800,12768.7
9/1/11,12770.7,12798.5,12689.3,12700.7,2379000,12700.7
9/2/11,12566.2,12700.7,12556.7,12602.4,1803000,12602.4
9/6/11,12406.1,12596.5,12355.9,12518.5,2216200,12518.5
9/7/11,12570.4,12720.6,12514.8,12720.6,1889600,12720.6
9/8/11,12654.1,12745.1,12654.1,12684,1773400,12684
9/9/11,12589.1,12674.6,12361,12387.5,2017600,12387.5
9/12/11,12214,12387.5,12041.6,12148.8,2121000,12148.8
9/13/11,12187.7,12248.6,12139,12205.5,2219400,12205.5
9/14/11,12275.3,12372.9,12165.3,12293.4,2117000,12293.4
9/15/11,12369.8,12428.1,12293.4,12424.8,1981000,12424.8
9/16/11,12436.7,12466.8,12263.7,12263.7,4976000,12263.7
9/19/11,12187.1,12263.8,12117.8,12172,1584400,12172
9/20/11,12203.2,12356.8,12168.5,12209.9,2165200,12209.9
9/21/11,12203.2,12230.8,11948.4,11955,2300400,11955
9/22/11,11653.1,11944.2,11420.3,11562.5,3892000,11562.5
9/23/11,11373.1,11557.6,11355.8,11462.9,2908600,11462.9
9/26/11,11487.1,11707.2,11293.6,11707.2,2614800,11707.2
9/27/11,11940.3,12058,11710.8,11821.1,2778200,11821.1
9/28/11,11868.4,11868.4,11569,11585.9,2296000,11585.9
9/29/11,11721.3,11754.6,11547.7,11686.3,2578200,11686.3
9/30/11,11565.8,11685.1,11535.2,11623.8,2573400,11623.8
10/3/11,11516.9,11623.5,11221.2,11251.8,2302600,11251.8
10/4/11,11049.7,11242.1,10848.2,11177.9,2995600,11177.9
10/5/11,11215.8,11509.2,11135.5,11457.2,2717200,11457.2
10/6/11,11530.6,11782.7,11458.8,11780.1,2603000,11780.1
10/7/11,11816.5,11819.5,11574.1,11588.4,1984600,11588.4
10/11/11,11846.4,11890.2,11596.9,11875.5,3164200,11875.5
10/12/11,11956.7,12094.7,11887.2,12030,2634400,12030
10/13/11,11990.5,12029.9,11830,11911.9,2062400,11911.9
10/14/11,12031.6,12081.7,11926.5,12081.7,2229200,12081.7
10/17/11,12067.7,12084,11891.4,11923,1588400,11923
10/18/11,11867.5,12066.2,11755.8,12053.1,2041800,12053.1
10/19/11,12015.2,12051,11832.2,11849.5,2024800,11849.5
10/20/11,11794.3,11898.4,11697.5,11830.3,1968400,11830.3
10/21/11,11982.7,11993.9,11876.9,11915.9,1284200,11915.9
10/24/11,12005.7,12162.3,11957,12162.3,2315000,12162.3
10/25/11,12173.8,12230.8,12030.1,12109.8,2860800,12109.8
10/26/11,12172.4,12208.1,12052.5,12186.1,2368000,12186.1
10/27/11,12425.3,12526.3,12186.1,12465.4,3305400,12465.4
10/28/11,12427.2,12541.8,12415.5,12519.5,2399200,12519.5
10/31/11,12416.9,12510.8,12252.1,12252.1,2903600,12252.1
11/1/11,11963.2,12244.5,11913.7,12115.1,2950200,12115.1
11/2/11,12210.7,12325.8,12138.8,12241.8,2108600,12241.8
11/3/11,12347.3,12471.4,12237.3,12468.3,2586200,12468.3
11/4/11,12432.6,12470,12308.2,12408.3,1907800,12408.3
11/7/11,12416.2,12485.2,12402.7,12462,2055800,12462
11/8/11,12507,12542.6,12431.5,12488.8,1993800,12488.8
11/9/11,12314.6,12437.2,12156.1,12156.2,2220800,12156.2
11/10/11,12218.8,12260.3,12025.6,12108.9,1918000,12108.9
11/11/11,12198.9,12321.5,12116.4,12276.8,1656400,12276.8
11/14/11,12276.8,12342,12157.7,12224.2,1364200,12224.2
11/15/11,12190,12258,12147.9,12229.3,1823400,12229.3
11/16/11,12189.3,12295.3,12163.3,12174.4,2642200,12174.4
11/17/11,12152.9,12162.7,11878.7,11915.4,2222600,11915.4
11/18/11,11982.4,11994.4,11876.5,11892.4,2088800,11892.4
11/21/11,11751.3,11892.4,11636.1,11784.7,1962600,11784.7
11/22/11,11801.7,11842.4,11730.6,11795.2,1999200,11795.2
11/23/11,11689.6,11780.8,11540.2,11571.7,1899600,11571.7
11/24/11,11596,11604.6,11470.3,11485.3,489000,11485.3
11/25/11,11465.4,11536.8,11420.8,11462.1,1147000,11462.1
11/28/11,11672,11741.3,11462.1,11640.2,1865800,11640.2
11/29/11,11654.4,11766.5,11638.5,11732.5,2224600,11732.5
11/30/11,11966.4,12204.2,11798.6,12204.1,2827000,12204.1
12/1/11,12174.1,12215.2,12088.2,12113.3,2010000,12113.3
12/2/11,12225.4,12229.9,12061.7,12075.1,1958000,12075.1
12/5/11,12152.1,12268.9,12076.2,12119.3,1889800,12119.3
12/6/11,12092.8,12162.3,12010.5,12081.3,2942400,12081.3
12/7/11,12071.9,12167.1,11997.3,12148.7,2349800,12148.7
12/8/11,12067.6,12117.8,11917,11951.8,2364400,11951.8
12/9/11,11964.5,12068.3,11958,12034.8,1689200,12034.8
12/12/11,11905.8,12034.4,11805.8,11907.9,2237400,11907.9
12/13/11,11913.6,11987.5,11688.2,11759.9,2252000,11759.9
12/14/11,11671.2,11750.7,11496.7,11543,2583600,11543
12/15/11,11610,11630.6,11468.7,11504.4,2129200,11504.4
12/16/11,11520.7,11667.3,11508.2,11635.4,4656400,11635.4
12/19/11,11659.8,11666.9,11507.6,11539.7,2005600,11539.7
12/20/11,11627,11753.5,11573.4,11716.9,2780000,11716.9
12/21/11,11718.1,11768.8,11670.2,11753.5,227279900,11753.5
12/22/11,11766.2,11880,11743.9,11876.5,1729600,11876.5
12/23/11,11900.6,11949.1,11884.2,11926.7,1222800,11926.7
12/28/11,11893.4,11917,11709.8,11728.4,982800,11728.4
12/29/11,11703.2,11842.1,11703.2,11841.7,956200,11841.7
12/30/11,11837.5,11959.8,11837.5,11955.1,946800,11955.1
1/3/12,12097.2,12216.8,11955.9,12208.4,1623400,12208.4
1/4/12,12189.7,12234.3,12154,12226.5,1755800,12226.5
1/5/12,12196.2,12253.1,12137.1,12237.4,1615600,12237.4
1/6/12,12241.8,12246,12148.3,12188.6,1447800,12188.6
1/9/12,12195,12210.6,12150.7,12196.7,1499000,12196.7
1/10/12,12320.7,12346.8,12198.3,12270.7,1884000,12270.7
1/11/12,12268.4,12284.7,12228.7,12260.9,1788000,12260.9
1/12/12,12279,12307.5,12227.6,12274.3,2318400,12274.3
1/13/12,12216.7,12268.1,12117,12231.1,1795800,12231.1
1/16/12,12232.6,12272.5,12226.6,12258.6,948000,12258.6
1/17/12,12302.5,12317,12198.9,12232.8,2768600,12232.8
1/18/12,12209.7,12346.7,12209.7,12327.5,2557600,12327.5
1/19/12,12378.8,12417.7,12335.4,12380.7,2618400,12380.7
1/20/12,12361.5,12397.1,12354,12397.1,1917600,12397.1
1/23/12,12433,12530.3,12408,12521.7,2077400,12521.7
1/24/12,12454.5,12509.6,12355.2,12395.2,2422600,12395.2
1/25/12,12375,12539.6,12326.8,12539.2,2943400,12539.2
1/26/12,12591.1,12616,12424.7,12464.3,2408600,12464.3
1/27/12,12430.3,12529,12430.3,12466.5,1875400,12466.5
1/30/12,12371.7,12454.3,12338.3,12436.4,1875600,12436.4
1/31/12,12518.5,12532.7,12366.7,12452.2,2094400,12452.2
2/1/12,12510.7,12542.3,12463.8,12517.7,2130400,12517.7
2/2/12,12515.2,12574.6,12497.9,12553.5,2006000,12553.5
2/3/12,12580.7,12624,12553.5,12577.3,2132800,12577.3
2/6/12,12547.2,12592.1,12521.6,12559.8,1479800,12559.8
2/7/12,12568.9,12568.9,12424.8,12512.4,2038000,12512.4
2/8/12,12543.8,12575.2,12469.5,12521,1812800,12521
2/9/12,12521,12547.4,12461.9,12497.9,2002200,12497.9
2/10/12,12403,12458.4,12328.9,12389.4,1921800,12389.4
2/13/12,12428.4,12458.1,12382.4,12398.7,1933200,12398.7
2/14/12,12381,12399.6,12291.8,12354.5,1828200,12354.5
2/15/12,12390.1,12400,12328.5,12362,1727400,12362
2/16/12,12333.1,12486.8,12326.8,12485.6,2312000,12485.6
2/17/12,12516.8,12516.8,12428.9,12458.3,1879200,12458.3
2/21/12,12538.6,12656.3,12469,12623.4,2407400,12623.4
2/22/12,12639.2,12719.3,12618.5,12701.3,2537200,12701.3
2/23/12,12695.9,12734.3,12657.7,12731.3,2186800,12731.3
2/24/12,12742,12763.8,12710.6,12725.8,1996000,12725.8
2/27/12,12703.3,12723.2,12624.1,12700.4,1500600,12700.4
2/28/12,12695.2,12753,12678.6,12740.5,2099000,12740.5
2/29/12,12757.1,12788.6,12602.5,12644,3200400,12644
3/1/12,12643,12731.5,12643,12723.5,2166800,12723.5
3/2/12,12713.9,12722.5,12621.9,12643.8,1675000,12643.8
3/5/12,12630.3,12644.9,12507.3,12524,1876600,12524
3/6/12,12406.6,12486.8,12249.8,12298.6,2812200,12298.6
3/7/12,12311.2,12367.1,12237.7,12350.2,2128200,12350.2
3/8/12,12430.6,12485.3,12359.2,12461.9,1923800,12461.9
3/9/12,12476.1,12528.3,12457.5,12503.6,2092200,12503.6
3/12/12,12493,12518.6,12408.3,12428,1927800,12428
3/13/12,12424,12538.5,12424,12537.7,2051000,12537.7
3/14/12,12519,12536.9,12354.1,12377.9,2429000,12377.9
3/15/12,12376.5,12530.7,12372.7,12455.8,2758800,12455.8
3/16/12,12467.1,12537.5,12455,12497,4166200,12497
3/19/12,12495,12561.8,12475.5,12479.7,1838600,12479.7
3/20/12,12422.1,12473.9,12336.9,12430.7,2505800,12430.7
3/21/12,12427.2,12462.9,12380.8,12436.5,1945800,12436.5
3/22/12,12354.8,12418.9,12335.4,12361.8,2202600,12361.8
3/23/12,12376.9,12465.7,12364.3,12465.7,1859800,12465.7
3/26/12,12535.6,12583.1,12486.8,12574.8,2202600,12574.8
3/27/12,12595.3,12603.7,12498.8,12512,1923000,12512
3/28/12,12471,12491.8,12354.8,12413.9,2093200,12413.9
3/29/12,12379.6,12413.8,12194.5,12339.4,2469800,12339.4
3/30/12,12391.6,12433.3,12333.1,12392.2,2333800,12392.2
4/2/12,12381.5,12526.5,12373.4,12507.1,2198400,12507.1
4/3/12,12465.3,12498.7,12284.6,12323.6,2340000,12323.6
4/4/12,12191.1,12310.3,12098.6,12178.7,2216000,12178.7
4/5/12,12147.8,12172.1,12051.2,12103.1,1982400,12103.1
4/9/12,12047,12098.2,12004.2,12018.5,1240400,12018.5
4/10/12,12012,12032.7,11869,11935.3,2036800,11935.3
4/11/12,11970.7,12056.8,11940,12026.8,1849200,12026.8
4/12/12,12035.7,12230.5,12023.4,12214.7,2110400,12214.7
4/13/12,12180.5,12214.7,12040.4,12040.4,1742800,12040.4
4/16/12,12076.2,12121.4,12016.2,12037.6,1932400,12037.6
4/17/12,12066,12176.8,12039.7,12136.9,1762000,12136.9
4/18/12,12110.5,12162.6,12077.9,12128.9,1581200,12128.9
4/19/12,12148.2,12227.8,12118.4,12153.7,1682400,12153.7
4/20/12,12197.9,12228,12142.6,12147.3,1493000,12147.3
4/23/12,12025.1,12136.3,11919.1,11989,1712200,11989
4/24/12,11997.4,12034.5,11957.6,11980.1,1429600,11980.1
4/25/12,12057.5,12112.2,11997.3,12111.1,1775400,12111.1
4/26/12,12084.6,12146,12073.8,12145.8,1743400,12145.8
4/27/12,12158,12248.1,12139.7,12237.8,1845200,12237.8
4/30/12,12203.8,12292.7,12156.8,12292.7,1696600,12292.7
5/1/12,12325.7,12364.6,12292.7,12332.8,1924000,12332.8
5/2/12,12272.2,12332.7,12178.1,12230.1,1613400,12230.1
5/3/12,12223.5,12227.4,11981.3,12014.9,1942200,12014.9
5/4/12,11935.7,11985.3,11824.3,11871.2,1830600,11871.2
5/7/12,11805.3,11879,11785.7,11860.7,1626400,11860.7
5/8/12,11786.9,11821.9,11609.5,11704.7,2621400,11704.7
5/9/12,11588.2,11755.8,11555.1,11675,2414600,11675
5/10/12,11759.7,11812.2,11682.7,11736.2,2075400,11736.2
5/11/12,11681.3,11795.7,11646.4,11694.7,1596400,11694.7
5/14/12,11571.7,11689.4,11484.7,11488.5,1828400,11488.5
5/15/12,11494.8,11502.2,11325.7,11343,1874600,11343
5/16/12,11348.2,11474,11298.5,11326.1,2131000,11326.1
5/17/12,11370.3,11421.8,11317.1,11330.7,2553800,11330.7
5/18/12,11415.2,11435.7,11256.7,11280.6,2131600,11280.6
5/22/12,11444.6,11534.2,11283,11451.8,1910200,11451.8
5/23/12,11363.7,11567.2,11260,11564.8,1943600,11564.8
5/24/12,11601,11627.6,11473,11566.1,1848200,11566.1
5/25/12,11569.3,11588.3,11524.7,11576.5,1558600,11576.5
5/28/12,11622.1,11634.8,11523.5,11566.2,826400,11566.2
5/29/12,11611.5,11687.7,11572.5,11609.3,1570400,11609.3
5/30/12,11498.3,11609.3,11422.7,11433.2,1760000,11433.2
5/31/12,11459.2,11518.4,11361.4,11513.2,2404200,11513.2
6/1/12,11413.1,11512.8,11344.4,11361.2,2699200,11361.2
6/4/12,11347,11370.1,11209.5,11335.8,1914400,11335.8
6/5/12,11331.3,11511.6,11325.3,11507.7,1965600,11507.7
6/6/12,11607.1,11687,11517.7,11633.4,2192800,11633.4
6/7/12,11716.3,11727.6,11586,11592.1,1902800,11592.1
6/8/12,11515.3,11575.3,11480.5,11500.6,1400800,11500.6
6/11/12,11592.5,11593.7,11382.4,11401.8,1454200,11401.8
6/12/12,11432.9,11497.3,11385.5,11497.3,2185200,11497.3
6/13/12,11452.6,11580.4,11440.4,11497.9,1909800,11497.9
6/14/12,11520,11520,11423.2,11466.4,1962000,11466.4
6/15/12,11495.8,11540.4,11487.6,11524.9,3502800,11524.9
6/18/12,11490.3,11635.1,11483.7,11601.1,2402200,11601.1
6/19/12,11633,11801.9,11623.7,11788.4,1754800,11788.4
6/20/12,11778,11824.6,11681.2,11759.3,1614600,11759.3
6/21/12,11698.6,11752.9,11405.8,11408.3,1725400,11408.3
6/22/12,11453.5,11472.7,11381.7,11435.5,1371400,11435.5
6/25/12,11373.6,11419.8,11295.1,11330.4,1248000,11330.4
6/26/12,11310.1,11345,11251.8,11334.4,1829000,11334.4
6/27/12,11357.9,11419.4,11326.9,11410.9,1464400,11410.9
6/28/12,11384.4,11424.7,11270.2,11424.7,2229200,11424.7
6/29/12,11621.4,11629.6,11483.8,11596.6,2273800,11596.6
7/3/12,11727.5,11885.3,11596.6,11848.8,1917000,11848.8
7/4/12,11841.3,11936.2,11829.8,11913.9,839400,11913.9
7/5/12,11879.5,11894.8,11816.9,11817,1784400,11817
7/6/12,11727.7,11750.8,11646.8,11660,1539400,11660
7/9/12,11659.6,11692.5,11565,11634.7,1279400,11634.7
7/10/12,11643.5,11706.7,11459.8,11512.2,1549800,11512.2
7/11/12,11496.4,11561.6,11488.8,11544.6,1597800,11544.6
7/12/12,11473.5,11527.2,11366.7,11425.5,1644400,11425.5
7/13/12,11470.2,11525.8,11451.3,11514.5,1489600,11514.5
7/16/12,11511.3,11542.4,11467.6,11521.2,1348800,11521.2
7/17/12,11553.2,11572.2,11479.5,11571.2,1339000,11571.2
7/18/12,11578.5,11615.4,11554.8,11579.2,1314800,11579.2
7/19/12,11620.9,11674.4,11585.4,11665.7,1950200,11665.7
7/20/12,11613.1,11642.7,11586.3,11622.9,1181400,11622.9
7/23/12,11535.4,11609.9,11416.5,11545.5,1988200,11545.5
7/24/12,11555.6,11577.6,11441.7,11467,1582800,11467
7/25/12,11510.6,11519.6,11428.7,11492.5,1606000,11492.5
7/26/12,11528,11655.4,11492.5,11639.8,2146800,11639.8
7/27/12,11695.9,11802.5,11640.2,11766.4,2135800,11766.4
7/30/12,11763.8,11803.8,11724.3,11757.9,1484200,11757.9
7/31/12,11795.8,11797.3,11651.8,11664.7,1593600,11664.7
8/1/12,11693.1,11693.1,11600.9,11618.5,1554600,11618.5
8/2/12,11556.3,11611.2,11475.4,11506.5,1497400,11506.5
8/3/12,11635,11687.7,11512.2,11662.6,1258200,11662.6
8/7/12,11764.2,11874.7,11666.2,11863.5,1518600,11863.5
8/8/12,11861.3,11884.2,11780.2,11781,1661400,11781
8/9/12,11799.5,11882.8,11788.2,11858.1,1454000,11858.1
8/10/12,11842,11890.9,11816.7,11890.9,1314800,11890.9
8/13/12,11898.3,11913.1,11802.9,11838.3,1265600,11838.3
8/14/12,11865.5,11899.5,11838.4,11853.6,1349800,11853.6
8/15/12,11851.9,11914.8,11841.6,11905.4,1596800,11905.4
8/16/12,11939,12032.6,11918.1,12032.6,1420000,12032.6
8/17/12,12054.8,12089.9,12034.9,12089.9,1221000,12089.9
8/20/12,12088.9,12100,12034.2,12076,1066200,12076
8/21/12,12134.2,12196.8,12091.5,12116.9,1648000,12116.9
8/22/12,12102.1,12125.8,12034.1,12119,1374800,12119
8/23/12,12128.8,12128.8,12033.5,12062.5,1554600,12062.5
8/24/12,12039,12130.5,12036.5,12082.2,1078600,12082.2
8/27/12,12097.9,12100.2,12030.6,12048.8,957400,12048.8
8/28/12,12061,12080.5,12005.3,12009.9,1368200,12009.9
8/29/12,12025.2,12034,11952.1,12009.8,1280800,12009.8
8/30/12,11986.9,12007.9,11875,11886.7,1311400,11886.7
8/31/12,11932.3,11985.1,11872.3,11949.3,1594800,11949.3
9/4/12,11978,11978,11904.5,11941.7,1561600,11941.7
9/5/12,11934.1,11994,11931.3,11990.1,1492000,11990.1
9/6/12,12041.1,12144.3,11996.5,12139.7,1655600,12139.7
9/7/12,12194.5,12271,12144.4,12268,1913200,12268
9/10/12,12257.2,12303.8,12213.7,12215.4,1484600,12215.4
9/11/12,12239.2,12264.1,12193.8,12220.5,1557400,12220.5
9/12/12,12262.3,12284.8,12201,12232.6,1673600,12232.6
9/13/12,12234.8,12366,12194.2,12360.2,1890000,12360.2
9/14/12,12446.1,12529.8,12360.2,12499.5,2404800,12499.5
9/17/12,12494.6,12508.7,12432.4,12446.9,1626800,12446.9
9/18/12,12422.8,12450,12391.4,12422.7,1795600,12422.7
9/19/12,12441.7,12462.8,12405.8,12436.2,1885000,12436.2
9/20/12,12372.3,12432.1,12358.4,12409.3,1652200,12409.3
9/21/12,12454,12473.5,12383.6,12383.6,5166600,12383.6
9/24/12,12342.4,12382.4,12296.2,12313.5,1459600,12313.5
9/25/12,12351.4,12382.9,12240.1,12257.2,1865800,12257.2
9/26/12,12163.9,12254.4,12163.9,12232.9,1673000,12232.9
9/27/12,12297.7,12363.3,12241.5,12338.8,1657400,12338.8
9/28/12,12291.2,12336.3,12248.8,12317.5,2010200,12317.5
10/1/12,12372.5,12452.3,12318.2,12370.2,1569600,12370.2
10/2/12,12396.9,12414.4,12340.6,12391.2,1845400,12391.2
10/3/12,12406.4,12411.5,12341.9,12359.5,1535400,12359.5
10/4/12,12403.1,12458.2,12371.6,12447.7,1626000,12447.7
10/5/12,12460.8,12480.8,12388.8,12419,1305800,12419
10/8/12,12419,12419,12419,12419,1611400,12419
10/9/12,12389.5,12415.7,12267,12273.6,1611400,12273.6
10/10/12,12241.1,12278.7,12195.8,12212.4,1389200,12212.4
10/11/12,12263.6,12295.4,12215,12234,1512000,12234
10/12/12,12225.5,12250.4,12170.1,12202,1314000,12202
10/15/12,12181.9,12230,12137.2,12230,1097200,12230
10/16/12,12298.1,12412.2,12232,12407.7,1506200,12407.7
10/17/12,12423.7,12463.3,12396.7,12461.3,1942800,12461.3
10/18/12,12425.5,12494,12425,12466.1,1549600,12466.1
10/19/12,12437.9,12465,12372.9,12416,1635800,12416
10/22/12,12362.7,12430.5,12340.4,12403.5,1554200,12403.5
10/23/12,12261,12391.9,12141.2,12225.8,1657800,12225.8
10/24/12,12258.1,12261,12186.6,12195,1517400,12195
10/25/12,12289.7,12326.7,12195,12300.2,1609400,12300.2
10/26/12,12301.6,12353.2,12290.4,12300.3,1515400,12300.3
10/29/12,12282.1,12318,12250.5,12312.8,777400,12312.8
10/30/12,12302.5,12395.4,12294.6,12377,991000,12377
10/31/12,12416.7,12462.3,12390,12422.9,1855600,12422.9
11/1/12,12408.5,12511.5,12408.5,12499.8,1828600,12499.8
11/2/12,12489.7,12501.6,12373.2,12380.4,1823600,12380.4
11/5/12,12373.5,12417.3,12347.1,12352.8,1313800,12352.8
11/6/12,12380.3,12395.6,12334.1,12361.2,1564600,12361.2
11/7/12,12326.8,12360.9,12201.9,12230.6,1673200,12230.6
11/8/12,12227.8,12252.2,12164.1,12191,1856600,12191
11/9/12,12166.6,12251.5,12151.2,12196.8,1578000,12196.8
11/12/12,12219.8,12239.6,12187,12191.5,1066000,12191.5
11/13/12,12130.3,12212.9,12124.3,12134.7,1363400,12134.7
11/14/12,12139.8,12139.8,11915.1,11929.8,1925000,11929.8
11/15/12,11879.6,11926.4,11761.3,11811.4,2273400,11811.4
11/16/12,11814.4,11877.7,11761.9,11877.7,1601400,11877.7
11/19/12,12003.5,12040.4,11878.2,12040.4,1397200,12040.4
11/20/12,12040.8,12051.7,11986,12046.3,1644200,12046.3
11/21/12,12016.7,12104.7,12016.7,12100.1,1465800,12100.1
11/22/12,12129.3,12171.2,12100.1,12153.1,590400,12153.1
11/23/12,12169.2,12229.8,12142.3,12213.2,993000,12213.2
11/26/12,12199.2,12212.9,12149,12185,1278600,12185
11/27/12,12194.4,12196.5,12106,12111.6,1526600,12111.6
11/28/12,12012.6,12141.4,12004.5,12140.3,1573000,12140.3
11/29/12,12207.9,12227.5,12140.3,12202.8,1631000,12202.8
11/30/12,12203.8,12246.3,12170.3,12239.4,2178400,12239.4
12/3/12,12253.7,12253.7,12151.3,12169.7,1652200,12169.7
12/4/12,12106.2,12169.7,12095.5,12137.2,1622000,12137.2
12/5/12,12155.3,12208.5,12136.4,12157.3,1795400,12157.3
12/6/12,12189.3,12189.3,12132.7,12151.1,1946600,12151.1
12/7/12,12189.4,12208,12144.2,12159.6,2010400,12159.6
12/10/12,12212.1,12236.7,12161.1,12230.5,1828000,12230.5
12/11/12,12242.5,12306.8,12235,12282.4,1918800,12282.4
12/12/12,12305.8,12365.8,12282.6,12353.1,2230200,12353.1
12/13/12,12305.4,12346.2,12262,12289.2,2050600,12289.2
12/14/12,12284.3,12307,12256.5,12296.7,2368600,12296.7
12/17/12,12281.3,12296.9,12233.1,12281.3,2323200,12281.3
12/18/12,12285.9,12353.9,12279.7,12334.3,2200200,12334.3
12/19/12,12356.1,12414.1,12335.4,12403.6,2068400,12403.6
12/20/12,12376,12403.1,12335.4,12388.7,1701400,12388.7
12/21/12,12383.7,12414.8,12313.7,12385.7,3454200,12385.7
12/24/12,12379.3,12400,12350.3,12370.8,568600,12370.8
12/27/12,12325,12373.8,12289.7,12373.8,1104800,12373.8
12/28/12,12317,12371.2,12305,12316.1,844600,12316.1
12/31/12,12296.1,12457.3,12289.7,12433.5,997000,12433.5
1/2/13,12571.8,12588.8,12439.3,12540.8,1496200,12540.8
1/3/13,12539.1,12540.6,12430.4,12470.4,1606600,12470.4
1/4/13,12435.1,12540.8,12435.1,12540.8,1330000,12540.8
1/7/13,12503.2,12540.8,12448.2,12499.5,1526200,12499.5
1/8/13,12490.4,12504.8,12456,12504.8,1688800,12504.8
1/9/13,12508.1,12528.9,12484.8,12522.2,1663600,12522.2
1/10/13,12572,12618.4,12523.6,12599.7,2077200,12599.7
1/11/13,12600.9,12603.2,12545,12602.2,1557200,12602.2
1/14/13,12627.4,12636.7,12582.2,12603.1,2164800,12603.1
1/15/13,12569.2,12642,12569.2,12642,1865800,12642
1/16/13,12602.5,12638.4,12580.3,12608.8,1436400,12608.8
1/17/13,12614.3,12684.1,12608.8,12674.7,1606800,12674.7
1/18/13,12702,12751.2,12675.6,12725.7,1927600,12725.7
1/21/13,12748.1,12798.9,12725.7,12794.3,971800,12794.3
1/22/13,12774.7,12824.6,12758.6,12824.6,1787600,12824.6
1/23/13,12779.7,12828.9,12779.7,12794,1568400,12794
1/24/13,12802.3,12863.5,12794,12823.6,1763400,12823.6
1/25/13,12851.5,12875.3,12808.7,12816.6,1632000,12816.6
1/28/13,12860.4,12860.4,12812.1,12815.9,1544000,12815.9
1/29/13,12817.4,12849.2,12813,12830.6,1704400,12830.6
1/30/13,12846.3,12895.3,12773.6,12794.4,1756800,12794.4
1/31/13,12760.7,12794.4,12682.7,12685.2,2011800,12685.2
2/1/13,12741.2,12783.1,12691.9,12768.8,1636200,12768.8
2/4/13,12683.7,12768.8,12668.8,12717.6,1229600,12717.6
2/5/13,12740.3,12786.8,12717.6,12745.7,1570600,12745.7
2/6/13,12714,12783.7,12714,12761.6,1640000,12761.6
2/7/13,12762.5,12790.1,12737.2,12755.9,1832600,12755.9
2/8/13,12773,12823.5,12756.2,12801.2,1405200,12801.2
2/11/13,12789.2,12800.7,12748.2,12748.2,1338200,12748.2
2/12/13,12746.5,12815.4,12746.5,12789,1668000,12789
2/13/13,12813.5,12814.5,12763.4,12775.3,1769000,12775.3
2/14/13,12769.8,12775,12699.7,12721.8,1808400,12721.8
2/15/13,12686.5,12719.2,12667.7,12686.6,1902600,12686.6
2/19/13,12722.2,12810.2,12686.2,12810.2,1752200,12810.2
2/20/13,12788.4,12809.1,12684.6,12714,2517000,12714
2/21/13,12676.2,12714,12602.5,12640,2344800,12640
2/22/13,12660.4,12707.2,12641.7,12701.6,1435800,12701.6
2/25/13,12760.9,12832.7,12648.9,12650.9,1853600,12650.9
2/26/13,12659.7,12673,12605.8,12660.4,1827800,12660.4
2/27/13,12624.8,12738,12624.8,12732.4,1792800,12732.4
2/28/13,12741,12821.8,12726,12821.8,1960400,12821.8
3/1/13,12798.7,12819.4,12736.1,12773.1,1767000,12773.1
3/4/13,12765.8,12773.1,12705,12707.4,1615200,12707.4
3/5/13,12783.6,12820.1,12707.4,12736,1727400,12736
3/6/13,12793.8,12833.5,12736.3,12832,1817200,12832
3/7/13,12853.5,12869.6,12814.3,12826.5,1789600,12826.5
3/8/13,12833.3,12843.7,12795.3,12835.6,2202600,12835.6
3/11/13,12824.9,12865.3,12812.8,12858.5,1362200,12858.5
3/12/13,12879.9,12904.7,12853.9,12878.6,2110000,12878.6
3/13/13,12873.5,12878.6,12725.8,12744.1,1690600,12744.1
3/14/13,12751.6,12816.8,12736.1,12799.9,2016600,12799.9
3/15/13,12795.2,12866,12790,12830,3448000,12830
3/18/13,12788.8,12830,12759.1,12781.8,1968800,12781.8
3/19/13,12780.8,12826.3,12752.1,12773.9,1745200,12773.9
3/20/13,12816.3,12828.5,12776,12826.5,1900400,12826.5
3/21/13,12826.5,12831.2,12747.5,12747.9,1747200,12747.9
3/22/13,12751.2,12818.4,12745.3,12757.3,1395400,12757.3
3/25/13,12783.7,12788.4,12668.6,12680.7,1859000,12680.7
3/26/13,12686.7,12709.8,12651.3,12706.4,1372800,12706.4
3/27/13,12673.6,12712.4,12622.5,12699.7,1486200,12699.7
3/28/13,12661.3,12764.9,12647.2,12749.9,1695000,12749.9
4/1/13,12751.6,12751.6,12685.5,12695.1,1015200,12695.1
4/2/13,12680,12718.3,12672.1,12682.1,1504400,12682.1
4/3/13,12678.9,12688.6,12390.8,12422.1,2255000,12422.1
4/4/13,12404.8,12422.1,12338.3,12363,1790000,12363
4/5/13,12293.7,12363,12244.2,12331.8,1865000,12331.8
4/8/13,12325.1,12352,12290.3,12344.6,1318400,12344.6
4/9/13,12369.8,12498,12344.8,12484,1707200,12484
4/10/13,12503.1,12555.7,12485.7,12534.9,1952600,12534.9
4/11/13,12523.4,12534.9,12458.6,12481.4,1395200,12481.4
4/12/13,12404.7,12481.4,12300,12337.6,1779800,12337.6
4/15/13,12184.1,12335.9,11998,12004.9,3028000,12004.9
4/16/13,12061.2,12124.8,12002.5,12119.9,1811200,12119.9
4/17/13,12086,12116.1,11916.6,11947.3,2309000,11947.3
4/18/13,12024.2,12036.5,11918.9,11996.3,1945400,11996.3
4/19/13,11987.4,12067.1,11987.2,12065.5,1569000,12065.5
4/22/13,12117.8,12122.8,12026.9,12090.7,1314600,12090.7
4/23/13,12097.5,12127.1,12031.6,12090.9,973800,12090.9
4/24/13,12127.7,12271.3,12090.9,12270.4,1820000,12270.4
4/25/13,12308.6,12370.7,12270.4,12329.5,2220200,12329.5
4/26/13,12306.1,12329.5,12181.2,12220.2,1485800,12220.2
4/29/13,12283.3,12322.9,12220.2,12312.7,1236600,12312.7
4/30/13,12310.7,12460.5,12244.2,12456.5,2159800,12456.5
5/1/13,12408,12454.9,12285.1,12321.3,2093200,12321.3
5/2/13,12326.4,12415.8,12276,12379.6,1778400,12379.6
5/3/13,12459.9,12533.8,12381.3,12438,1582400,12438
5/6/13,12480.2,12505.4,12440.8,12453.9,1430000,12453.9
5/7/13,12443,12489.8,12416.3,12464.1,1862400,12464.1
5/8/13,12480.1,12598.4,12464.1,12585,1925000,12585
5/9/13,12584.7,12601.1,12530,12543.9,2089600,12543.9
5/10/13,12517.2,12589.1,12511.9,12589.1,1708200,12589.1
5/13/13,12573,12586.3,12479.1,12529.5,1615600,12529.5
5/14/13,12529.2,12600.7,12529.2,12577,1700800,12577
5/15/13,12526.1,12575,12439.1,12473.7,1649600,12473.7
5/16/13,12473.4,12563,12463.4,12507.6,1626400,12507.6
5/17/13,12487.3,12636.3,12487.3,12613,1713800,12613
5/21/13,12669.5,12806.5,12613,12742.4,2420000,12742.4
5/22/13,12801.5,12889.3,12735.6,12752.5,2195000,12752.5
5/23/13,12648.8,12748.6,12598.9,12658.1,1593000,12658.1
5/24/13,12617.2,12670.7,12617.2,12667.2,1396600,12667.2
5/27/13,12688.6,12703.1,12662.8,12696.4,547000,12696.4
5/28/13,12755.6,12798.5,12704.7,12750.5,2046600,12750.5
5/29/13,12677.4,12750.5,12658.6,12732.6,1763200,12732.6
5/30/13,12745.2,12767.5,12725.9,12746.5,2034200,12746.5
5/31/13,12691.4,12745.7,12620.1,12650.4,2957600,12650.4
6/3/13,12661.2,12681.2,12570.9,12609.8,1688400,12609.8
6/4/13,12600.5,12636.4,12568.9,12594,1421000,12594
6/5/13,12541,12588.6,12422.4,12443.7,2095000,12443.7
6/6/13,12406.8,12453.8,12327.7,12409.3,1806200,12409.3
6/7/13,12388.5,12413,12310.3,12373.3,1588400,12373.3
6/10/13,12375.6,12400.7,12328.5,12382.7,1227000,12382.7
6/11/13,12301,12375.8,12217.7,12223.6,1728000,12223.6
6/12/13,12246.1,12246.1,12092.5,12109.9,1800000,12109.9
6/13/13,12064.4,12291.2,12032.4,12277.1,1684000,12277.1
6/14/13,12271,12298.3,12178.2,12187.4,1725200,12187.4
6/17/13,12249.3,12325.8,12189.8,12288.9,1432800,12288.9
6/18/13,12299.2,12389.1,12288.3,12367.5,1638200,12367.5
6/19/13,12347.7,12365.5,12237.7,12268.3,1759800,12268.3
6/20/13,12100.1,12268.3,11940.5,11968.6,2973200,11968.6
6/21/13,12019.1,12067.5,11935.7,11995.7,3785200,11995.7
6/24/13,11909,11994.7,11759,11836.9,1811200,11836.9
6/25/13,11893.7,12007.7,11838.5,12005.4,1821400,12005.4
6/26/13,11990.5,12005.4,11934.7,11951.9,1896000,11951.9
6/27/13,12003.9,12053.6,11951.9,12005.8,1993400,12005.8
6/28/13,11995.9,12181,11992.9,12129.1,2090800,12129.1
7/2/13,12178,12217.4,12113.8,12178.4,1824600,12178.4
7/3/13,12175.5,12179.1,12055.6,12145.7,1293600,12145.7
7/4/13,12174.9,12217.2,12138.4,12166.7,415800,12166.7
7/5/13,12160.2,12170.9,12073.6,12134.9,144084300,12134.9
7/8/13,12188.1,12219.8,12134.9,12208.9,1392800,12208.9
7/9/13,12247,12298.7,12203.5,12297.1,1429600,12297.1
7/10/13,12311.6,12315.5,12250.1,12306.9,1469400,12306.9
7/11/13,12420.1,12496.3,12306.9,12493.3,2251000,12493.3
7/12/13,12516.3,12519.7,12436.8,12462.2,1238800,12462.2
7/15/13,12515.9,12569.9,12462.2,12528.3,1377800,12528.3
7/16/13,12569,12569,12490.6,12516.9,1466400,12516.9
7/17/13,12536.3,12598,12519,12568.8,1627800,12568.8
7/18/13,12593.8,12680.2,12568.3,12628.8,1695200,12628.8
7/19/13,12628.3,12693.9,12625,12685.1,1666200,12685.1
7/22/13,12685.1,12761.4,12685.1,12758.4,1581400,12758.4
7/23/13,12759.1,12772.1,12710.4,12745.4,1679600,12745.4
7/24/13,12745.4,12766.9,12632.7,12672.3,1833400,12672.3
7/25/13,12672.4,12705,12637.3,12669.1,1665400,12669.1
7/26/13,12666.9,12676.8,12614.6,12647.9,1299400,12647.9
7/29/13,12647.9,12688.4,12618,12669,1153400,12669
7/30/13,12669,12669,12555.8,12581.8,176272400,12581.8
7/31/13,12581.8,12631.7,12486.6,12486.6,203824200,12486.6
8/1/13,12486.6,12623.4,12486.6,12594,1657200,12594
8/2/13,12594,12627.6,12579,12603.3,124497400,12603.3
8/6/13,12603.3,12603.3,12419,12469.3,173302700,12469.3
8/7/13,12469.3,12469.3,12400.1,12412.7,149940700,12412.7
8/8/13,12412.7,12564.1,12412.7,12552.9,174198900,12552.9
8/9/13,12552.9,12557.3,12502.2,12542.1,154693700,12542.1
8/12/13,12542.2,12594.3,12542.2,12594.3,155373100,12594.3
8/13/13,12594.3,12655.8,12594.3,12642.2,158472400,12642.2
8/14/13,12642.2,12664.2,12614.4,12639.3,195460500,12639.3
8/15/13,12639,12704.5,12562,12704.5,212846300,12704.5
8/16/13,12704.5,12800,12704.5,12736.9,152862300,12736.9
8/19/13,12735.5,12735.5,12578.8,12588,127044300,12588
8/20/13,12588,12707.5,12573.5,12670.1,143285800,12670.1
8/21/13,12670.1,12670.1,12542.8,12573.1,159390300,12573.1
8/22/13,12573.1,12700.2,12573.1,12674.4,147391600,12674.4
8/23/13,12674.3,12776.1,12674.3,12762.3,1314000,12762.3
8/26/13,12762.3,12812.6,12751.9,12760.3,127814600,12760.3
8/27/13,12760.3,12760.3,12567.2,12591.2,1686800,12591.2
8/28/13,12591.2,12677.5,12582.6,12607.2,150204900,12607.2
8/29/13,12607.2,12742.7,12607.2,12704.7,1538000,12704.7
8/30/13,12704.6,12746.5,12653,12653.9,1340400,12653.9
9/3/13,12654.3,12828.1,12654.3,12740.5,1332400,12740.5
9/4/13,12740.5,12758.9,12692.1,12757.8,124533100,12757.8
9/5/13,12757.8,12851.7,12757.8,12845.1,161151900,12845.1
9/6/13,12845.1,12888.7,12796.7,12820.9,1386000,12820.9
9/9/13,12820.9,12861.4,12820.9,12854.6,116086200,12854.6
9/10/13,12854.6,12854.6,12793.7,12824.5,1529800,12824.5
9/11/13,12824.5,12840.4,12764.5,12825.4,139019400,12825.4
9/12/13,12825.4,12825.4,12693.9,12701,144151300,12701
9/13/13,12701.1,12761.1,12701.1,12723.4,1340600,12723.4
9/16/13,12723.4,12847.8,12723.4,12816.9,1906200,12816.9
9/17/13,12816.9,12847.2,12812.2,12834.1,128785200,12834.1
9/18/13,12834.1,12958.9,12794.9,12931.4,218093300,12931.4
9/19/13,12931.4,12964.9,12892.8,12926.8,164904300,12926.8
9/20/13,12926.7,12942.7,12806.5,12806.5,458819700,12806.5
9/23/13,12806.5,12828.4,12798.3,12811.2,151447800,12811.2
9/24/13,12809.6,12878.7,12784.1,12848.9,149410500,12848.9
9/25/13,12848.9,12913.6,12832.5,12836.7,160862300,12836.7
9/26/13,12836.7,12905.1,12836.7,12841.6,128192200,12841.6
9/27/13,12841.6,12865.9,12818.1,12844.1,130691300,12844.1
9/30/13,12843.2,12858.6,12734.7,12787.2,172227500,12787.2
10/1/13,12787.2,12866.9,12753.4,12847.4,166036300,12847.4
10/2/13,12847.4,12853.3,12790.1,12839,149800900,12839
10/3/13,12839,12844.9,12700.4,12735.1,137555300,12735.1
10/4/13,12735.1,12787.1,12730,12758.7,129490600,12758.7
10/7/13,12758.7,12814.7,12704.6,12788.3,123590300,12788.3
10/8/13,12788.3,12824.2,12682.9,12692.4,140463900,12692.4
10/9/13,12692.4,12763.5,12678,12730.3,151681000,12730.3
10/10/13,12730.3,12934.6,12730.3,12894.4,163858200,12894.4
10/11/13,12894.4,12924.9,12874.1,12892.1,115807100,12892.1
10/15/13,12892.1,12934.5,12839.3,12931.5,128012800,12931.5
10/16/13,12931.5,12957.2,12912.2,12957.2,119941300,12957.2
10/17/13,12956.9,13042.1,12951.3,13036.4,148061500,13036.4
10/18/13,13035.9,13156.8,13035.9,13136.1,155385800,13136.1
