1/3/07,2429.72,2454.62,2394.66,2423.16,2435280000,2423.16
1/4/07,2423.82,2460.51,2413.75,2453.43,2104210000,2453.43
1/5/07,2445.07,2445.07,2420.59,2434.25,2060360000,2434.25
1/8/07,2435.25,2445.63,2421.13,2438.2,1905620000,2438.2
1/9/07,2443.26,2449.87,2423.56,2443.83,2144160000,2443.83
1/10/07,2434.04,2461.34,2427.9,2459.33,2274210000,2459.33
1/11/07,2464.89,2489.46,2463.39,2484.85,2436270000,2484.85
1/12/07,2481.72,2502.82,2481.54,2502.82,2175810000,2502.82
1/16/07,2504.56,2508.93,2493.92,2497.78,2139550000,2497.78
1/17/07,2487.89,2496.93,2475.83,2479.42,2273880000,2479.42
1/18/07,2475.33,2475.8,2438.11,2443.21,2456180000,2443.21
1/19/07,2437.63,2453.79,2435.68,2451.31,2037890000,2451.31
1/22/07,2454.5,2454.66,2422.92,2431.07,1900860000,2431.07
1/23/07,2428.26,2447.03,2425.98,2431.41,2001100000,2431.41
1/24/07,2443.01,2466.28,2440.82,2466.28,2202040000,2466.28
1/25/07,2469.27,2470.51,2430.56,2434.24,2202280000,2434.24
1/26/07,2441.1,2443.44,2418.61,2435.49,2067080000,2435.49
1/29/07,2434.64,2451.83,2431.31,2441.09,1915400000,2441.09
1/30/07,2446.66,2451,2437.42,2448.64,1769600000,2448.64
1/31/07,2443.33,2471.2,2433.76,2463.93,2186710000,2463.93
2/1/07,2474.08,2481.38,2458.71,2468.38,2170040000,2468.38
2/2/07,2474.19,2478.41,2466.56,2475.88,1876770000,2475.88
2/5/07,2475.03,2481.57,2466.18,2470.6,1875310000,2470.6
2/6/07,2475.78,2478.24,2454.6,2471.49,2113710000,2471.49
2/7/07,2483.73,2495.27,2475.57,2490.5,2198410000,2490.5
2/8/07,2484.5,2492.41,2477.71,2488.67,1995880000,2488.67
2/9/07,2491.65,2496.52,2453.44,2459.82,2186590000,2459.82
2/12/07,2460.63,2460.63,2444.68,2450.38,1840250000,2450.38
2/13/07,2455.25,2464.56,2452.17,2459.88,1821390000,2459.88
2/14/07,2468.04,2494.51,2468.04,2488.38,2173580000,2488.38
2/15/07,2489.84,2498.37,2485.51,2497.1,1949670000,2497.1
2/16/07,2491.48,2497.92,2482.66,2496.31,1887430000,2496.31
2/20/07,2491.75,2514.22,2479.92,2513.04,2165590000,2513.04
2/21/07,2503.54,2518.42,2500.96,2518.42,2012450000,2518.42
2/22/07,2523.36,2531.42,2509.06,2524.94,1850960000,2524.94
2/23/07,2522.53,2522.84,2506.95,2515.1,2012220000,2515.1
2/26/07,2525.04,2525.98,2492.54,2504.52,1912480000,2504.52
2/27/07,2468.74,2470.92,2402.36,2407.86,3037380000,2407.86
2/28/07,2411.89,2431.86,2395.35,2416.15,2620450000,2416.15
3/1/07,2377.18,2419.15,2359.44,2404.21,2710750000,2404.21
3/2/07,2389.86,2401.26,2368,2368,2352790000,2368
3/5/07,2368,2377.84,2340.4,2340.68,2291680000,2340.68
3/6/07,2363.15,2390.14,2361.27,2385.14,2121430000,2385.14
3/7/07,2382.65,2388.78,2371.92,2374.64,1959330000,2374.64
3/8/07,2396.55,2402.2,2382,2387.73,1989910000,2387.73
3/9/07,2403.13,2404.8,2375.57,2387.55,1875050000,2387.55
3/12/07,2385.14,2404.02,2384.39,2402.29,1637980000,2402.29
3/13/07,2388.86,2395.98,2350.57,2350.57,2235000000,2350.57
3/14/07,2350.94,2371.74,2331.57,2371.74,2255630000,2371.74
3/15/07,2371.02,2382.62,2367.74,2378.7,1690430000,2378.7
3/16/07,2376.82,2385.32,2364.36,2372.66,2031650000,2372.66
3/19/07,2384.66,2399.8,2381.55,2394.41,1650970000,2394.41
3/20/07,2394.82,2412.64,2393.19,2408.21,1761940000,2408.21
3/21/07,2415.54,2455.92,2405.39,2455.92,2158740000,2455.92
3/22/07,2457.06,2457.37,2442.51,2451.74,1887290000,2451.74
3/23/07,2451.83,2459.96,2447.81,2448.93,1634470000,2448.93
3/26/07,2451.6,2455.63,2428,2455.63,1817870000,2455.63
3/27/07,2448.92,2450.03,2435.19,2437.43,1708060000,2437.43
3/28/07,2427.19,2434.32,2413.09,2417.1,1868310000,2417.1
3/29/07,2432.5,2433.04,2396.83,2417.88,1926070000,2417.88
3/30/07,2419.91,2432.2,2403.01,2421.64,1998550000,2421.64
4/2/07,2425.36,2427.94,2409.04,2422.26,1784170000,2422.26
4/3/07,2432.3,2456.17,2432.3,2450.33,1932030000,2450.33
4/4/07,2451.94,2461.49,2448.69,2458.69,1933300000,2458.69
4/5/07,2457.65,2471.34,2455.6,2471.34,1537800000,2471.34
4/9/07,2478.02,2478.68,2464.57,2469.18,1714880000,2469.18
4/10/07,2468.13,2479.46,2468.03,2477.61,1834530000,2477.61
4/11/07,2477.76,2478.51,2452.05,2459.31,1957970000,2459.31
4/12/07,2455.72,2480.41,2448.71,2480.32,1905500000,2480.32
4/13/07,2479.69,2491.94,2468.23,2491.94,1834320000,2491.94
4/16/07,2500.55,2519.03,2500.55,2518.33,1779410000,2518.33
4/17/07,2519.12,2522.07,2510.6,2516.95,1900920000,2516.95
4/18/07,2507.34,2518.21,2499.65,2510.5,2046760000,2510.5
4/19/07,2497.22,2515.95,2490.34,2505.35,2112920000,2505.35
4/20/07,2525.23,2532.24,2515.24,2526.39,2084270000,2526.39
4/23/07,2525.77,2531.4,2518.47,2523.67,1928530000,2523.67
4/24/07,2528.39,2529.48,2509.26,2524.54,2220610000,2524.54
4/25/07,2533.54,2551.39,2523.84,2547.89,2644120000,2547.89
4/26/07,2551.49,2560.64,2544.12,2554.46,2406090000,2554.46
4/27/07,2554.48,2562.99,2550.1,2557.21,2078160000,2557.21
4/30/07,2558.05,2558.75,2525.09,2525.09,2080710000,2525.09
5/1/07,2529.95,2532.37,2510.57,2531.53,2351750000,2531.53
5/2/07,2531.96,2562.78,2531.96,2557.84,2073150000,2557.84
5/3/07,2560.85,2569.8,2555.84,2565.46,2137140000,2565.46
5/4/07,2574.5,2577.96,2561.73,2572.15,2214130000,2572.15
5/7/07,2572.64,2580.06,2569.22,2570.95,1652300000,2570.95
5/8/07,2563.18,2571.75,2551.15,2571.75,1897750000,2571.75
5/9/07,2557.63,2579.98,2555.71,2576.34,2104220000,2576.34
5/10/07,2564.8,2570.73,2533.12,2533.74,2237610000,2533.74
5/11/07,2541.66,2562.45,2539.67,2562.22,1725550000,2562.22
5/14/07,2564.05,2568.93,2537.92,2546.44,1941450000,2546.44
5/15/07,2544.67,2557.78,2523.83,2525.29,2187760000,2525.29
5/16/07,2532.71,2547.42,2519.35,2547.42,2061050000,2547.42
5/17/07,2544.32,2547.71,2535.47,2539.38,1924890000,2539.38
5/18/07,2548.07,2559.03,2540.67,2558.45,1996930000,2558.45
5/21/07,2560.93,2587.87,2560.85,2578.79,1974220000,2578.79
5/22/07,2580.04,2593.03,2573.95,2588.02,1943950000,2588.02
5/23/07,2592.62,2600.94,2576.23,2577.05,2011060000,2577.05
5/24/07,2577.21,2585.73,2531.28,2537.92,2350850000,2537.92
5/25/07,2547.41,2560.03,2544.46,2557.19,1559700000,2557.19
5/29/07,2561.04,2576.36,2558.4,2572.06,1651000000,2572.06
5/30/07,2556.17,2592.59,2551.68,2592.59,1969150000,2592.59
5/31/07,2599.47,2607.9,2594.29,2604.52,2286850000,2604.52
6/1/07,2614.01,2626.4,2608.69,2613.92,1880030000,2613.92
6/4/07,2606.05,2619.75,2604.85,2618.29,1947220000,2618.29
6/5/07,2611.16,2613.31,2595.01,2611.23,2182810000,2611.23
6/6/07,2599.56,2599.56,2578.81,2587.18,2163430000,2587.18
6/7/07,2577.37,2585.73,2541.38,2541.38,2716240000,2541.38
6/8/07,2541.14,2573.74,2534.97,2573.54,1908130000,2573.54
6/11/07,2569.64,2584.82,2566.84,2572.15,1614980000,2572.15
6/12/07,2560.41,2576.89,2547.99,2549.77,2047210000,2549.77
6/13/07,2558.47,2582.31,2556.72,2582.31,2086610000,2582.31
6/14/07,2584.14,2604.76,2583.93,2599.41,1936220000,2599.41
6/15/07,2625.33,2630.51,2620.72,2626.71,2420750000,2626.71
6/18/07,2631.34,2631.45,2617.66,2626.6,1717120000,2626.6
6/19/07,2620.31,2631.3,2612.42,2626.76,1871880000,2626.76
6/20/07,2632.2,2634.6,2599.63,2599.96,2793260000,2599.96
6/21/07,2597.65,2618.54,2586.05,2616.96,2562640000,2616.96
6/22/07,2610.36,2612.75,2583.24,2588.96,3240350000,2588.96
6/25/07,2590.59,2605.87,2568.5,2577.08,2039010000,2577.08
6/26/07,2589.22,2590.89,2566.34,2574.16,2100330000,2574.16
6/27/07,2563.83,2605.92,2560.45,2605.35,2020260000,2605.35
6/28/07,2606.14,2624.6,2604.6,2608.37,1923410000,2608.37
6/29/07,2619.94,2626.56,2590.09,2603.23,2168420000,2603.23
7/2/07,2617.39,2632.3,2614.84,2632.3,1853840000,2632.3
7/3/07,2636.71,2644.95,2635,2644.95,1089120000,2644.95
7/5/07,2646.3,2658.01,2637.78,2656.65,1694530000,2656.65
7/6/07,2656.3,2667.97,2649.05,2666.51,1597110000,2666.51
7/9/07,2668.99,2672.59,2660.65,2670.02,1895200000,2670.02
7/10/07,2657.87,2662.55,2637.66,2639.16,2229340000,2639.16
7/11/07,2637.12,2652.34,2631.89,2651.79,2014260000,2651.79
7/12/07,2662.76,2701.73,2662.52,2701.73,2166350000,2701.73
7/13/07,2696.96,2707.64,2694.09,2707,1729190000,2707
7/16/07,2703.4,2712.13,2693.71,2697.33,1751060000,2697.33
7/17/07,2702.1,2719.94,2701.56,2712.29,2158690000,2712.29
7/18/07,2695.28,2699.87,2674.26,2699.49,2257380000,2699.49
7/19/07,2716.66,2724.74,2710.84,2720.04,2177500000,2720.04
7/20/07,2709.99,2710.32,2674.64,2687.6,2335920000,2687.6
7/23/07,2698.49,2705.03,2688.41,2690.58,2034080000,2690.58
7/24/07,2673.7,2682.4,2634.03,2639.86,2463270000,2639.86
7/25/07,2660.19,2665.81,2628.15,2648.17,2482250000,2648.17
7/26/07,2620.75,2632.46,2563.81,2599.34,3392140000,2599.34
7/27/07,2599.87,2608.99,2562.06,2562.24,2705290000,2562.24
7/30/07,2568.14,2592,2552.31,2583.28,2291710000,2583.28
7/31/07,2606.32,2607.45,2545.9,2546.27,2789130000,2546.27
8/1/07,2538.5,2557.11,2515.81,2553.87,2912270000,2553.87
8/2/07,2557.59,2579.28,2553.14,2575.98,2456970000,2575.98
8/3/07,2572.92,2575.58,2511.12,2511.25,2504430000,2511.25
8/6/07,2524.87,2547.33,2491.96,2547.33,2815560000,2547.33
8/7/07,2532.78,2577.81,2523.44,2561.6,2704030000,2561.6
8/8/07,2582.6,2627.75,2582.6,2612.98,3542890000,2612.98
8/9/07,2573.03,2615.93,2556.49,2556.49,3593450000,2556.49
8/10/07,2529.54,2569.25,2503.16,2544.89,3202570000,2544.89
8/13/07,2566.6,2572.51,2541.35,2542.24,2154750000,2542.24
8/14/07,2549.26,2552.49,2499.12,2499.12,1982860000,2499.12
8/15/07,2492.76,2520.39,2457.89,2458.83,2259870000,2458.83
8/16/07,2440.91,2460.5,2386.69,2451.07,3279620000,2451.07
8/17/07,2510.38,2524.96,2466.36,2505.03,2580340000,2505.03
8/20/07,2511.07,2516.31,2487.44,2508.59,1656440000,2508.59
8/21/07,2502.31,2529.66,2500.66,2521.3,1677080000,2521.3
8/22/07,2542.99,2554.9,2533.74,2552.8,1787060000,2552.8
8/23/07,2562.41,2565.35,2530.57,2541.7,1622880000,2541.7
8/24/07,2539.65,2576.69,2534.64,2576.69,1624860000,2576.69
8/27/07,2570.41,2573.83,2557.48,2561.25,1314030000,2561.25
8/28/07,2546.39,2548.06,2500.55,2500.64,1562800000,2500.64
8/29/07,2518.82,2563.16,2512.6,2563.16,1649720000,2563.16
8/30/07,2545.08,2587.86,2542.48,2565.3,1704910000,2565.3
8/31/07,2596.19,2603.11,2579.79,2596.36,1536640000,2596.36
9/4/07,2596.38,2644.45,2596.38,2630.24,1863090000,2630.24
9/5/07,2618.28,2621.54,2596.7,2605.95,1921820000,2605.95
9/6/07,2615.74,2620.89,2595.52,2614.32,1795220000,2614.32
9/7/07,2581.48,2584.28,2556.59,2565.7,1906520000,2565.7
9/10/07,2581.78,2588.88,2536.93,2559.11,1771430000,2559.11
9/11/07,2573.28,2598.94,2572.86,2597.47,1743730000,2597.47
9/12/07,2592.83,2612.18,2590.38,2592.07,1888570000,2592.07
9/13/07,2607.13,2612.7,2589.41,2601.06,1666510000,2601.06
9/14/07,2582.15,2603.63,2577.73,2602.18,1586580000,2602.18
9/17/07,2594.04,2596.09,2575.36,2581.66,1407780000,2581.66
9/18/07,2592.96,2651.66,2583.14,2651.66,2083620000,2651.66
9/19/07,2665.89,2683.02,2654.9,2666.48,2183810000,2666.48
9/20/07,2659.58,2669.43,2648.07,2654.29,1751460000,2654.29
9/21/07,2670.75,2678.69,2666.32,2671.22,2268300000,2671.22
9/24/07,2676.42,2692.16,2660.52,2667.95,1848950000,2667.95
9/25/07,2658.53,2683.92,2656.33,2683.45,1910890000,2683.45
9/26/07,2696.53,2709.23,2689.59,2699.03,1984010000,2699.03
9/27/07,2711.82,2712.79,2702.02,2709.59,1745070000,2709.59
9/28/07,2709.65,2716.75,2692.02,2701.5,1929890000,2701.5
10/1/07,2704.25,2743.53,2704.25,2740.99,1914080000,2740.99
10/2/07,2740.65,2747.11,2732.69,2747.11,1740460000,2747.11
10/3/07,2734.32,2746.14,2721.23,2729.43,1851090000,2729.43
10/4/07,2735.39,2735.52,2718.05,2733.57,1695520000,2733.57
10/5/07,2754.68,2784.93,2749.85,2780.32,2012860000,2780.32
10/8/07,2777.72,2787.37,2771.6,2787.37,1496610000,2787.37
10/9/07,2793.95,2806.41,2784.52,2803.91,1865120000,2803.91
10/10/07,2805.44,2813.67,2795.98,2811.61,1916630000,2811.61
10/11/07,2824.55,2834,2757.76,2772.2,2508690000,2772.2
10/12/07,2779.79,2806.18,2778.29,2805.68,1957790000,2805.68
10/15/07,2809.17,2811.66,2764.68,2780.05,1967120000,2780.05
10/16/07,2770.03,2781.8,2759.43,2763.91,2038520000,2763.91
10/17/07,2801.66,2803.96,2755.26,2792.67,2400080000,2792.67
10/18/07,2778.31,2803.26,2770.11,2799.31,1973010000,2799.31
10/19/07,2799.32,2799.32,2725.16,2725.16,2371650000,2725.16
10/22/07,2705.86,2755.47,2698.14,2753.93,1958710000,2753.93
10/23/07,2775.52,2799.26,2758.53,2799.26,2335770000,2799.26
10/24/07,2775.33,2781.96,2720.3,2774.76,2739680000,2774.76
10/25/07,2777.59,2787.29,2733.08,2750.86,2753360000,2750.86
10/26/07,2806.52,2810.31,2776.53,2804.19,2583680000,2804.19
10/29/07,2815.16,2825.37,2805.25,2817.44,2014730000,2817.44
10/30/07,2807.32,2828.82,2803.67,2816.71,2121930000,2816.71
10/31/07,2827.8,2861.51,2815.67,2859.12,2534530000,2859.12
11/1/07,2835,2835.63,2793.17,2794.83,2528410000,2794.83
11/2/07,2812.79,2817.03,2773.82,2810.38,2426050000,2810.38
11/5/07,2782.8,2807.51,2771.91,2795.18,2092590000,2795.18
11/6/07,2809.81,2825.47,2780.22,2825.18,2482160000,2825.18
11/7/07,2798.45,2810.19,2748.31,2748.76,2491180000,2748.76
11/8/07,2748.4,2753.05,2648.03,2696,3461810000,2696
11/9/07,2648.96,2668.79,2624.43,2627.94,2955790000,2627.94
11/12/07,2619.41,2643,2583,2584.13,2820740000,2584.13
11/13/07,2613.37,2673.65,2613.37,2673.65,2662780000,2673.65
11/14/07,2698.03,2698.35,2636.32,2644.32,2420260000,2644.32
11/15/07,2636.27,2652.65,2601.39,2618.51,2289480000,2618.51
11/16/07,2631.81,2640.03,2596.59,2637.24,2515680000,2637.24
11/19/07,2622.44,2628.15,2583.26,2593.38,2188010000,2593.38
11/20/07,2603.53,2633.82,2554.32,2596.81,2607370000,2596.81
11/21/07,2570.53,2597.17,2542.7,2562.15,2034730000,2562.15
11/23/07,2578.99,2601.55,2567.58,2596.6,804330000,2596.6
11/26/07,2599.82,2613.69,2539.81,2540.99,2019400000,2540.99
11/27/07,2557.98,2585.93,2546.37,2580.8,2166930000,2580.8
11/28/07,2607.33,2667.93,2606.86,2662.91,2518580000,2662.91
11/29/07,2653.36,2675.21,2648.49,2668.13,2157170000,2668.13
11/30/07,2693.61,2696.24,2642.25,2660.96,2571340000,2660.96
12/3/07,2654.91,2667.82,2636.96,2637.13,1994710000,2637.13
12/4/07,2620.34,2636.01,2613.83,2619.83,2044740000,2619.83
12/5/07,2648.96,2671.72,2647.41,2666.36,2258840000,2666.36
12/6/07,2665.87,2709.1,2664.71,2709.03,1970680000,2709.03
12/7/07,2710.33,2711.96,2695.96,2706.16,1855070000,2706.16
12/10/07,2710.73,2727.84,2706.59,2718.95,1776540000,2718.95
12/11/07,2723.09,2734.82,2650.22,2652.35,2195200000,2652.35
12/12/07,2703.26,2712.59,2638.82,2671.14,2311900000,2671.14
12/13/07,2651.45,2670.33,2641.57,2668.49,2143760000,2668.49
12/14/07,2647.68,2671.88,2634.75,2635.74,1902390000,2635.74
12/17/07,2623.23,2626.37,2574.46,2574.46,1873110000,2574.46
12/18/07,2597.59,2604.38,2553.99,2596.03,1982590000,2596.03
12/19/07,2593.33,2609.73,2583.32,2601.01,1835920000,2601.01
12/20/07,2628.12,2640.88,2605.21,2640.86,1960470000,2640.86
12/21/07,2676.85,2691.99,2671.59,2691.99,2508800000,2691.99
12/24/07,2694.35,2715.77,2694.35,2713.5,778620000,2713.5
12/26/07,2702.82,2727.55,2698.48,2724.41,1241830000,2724.41
12/27/07,2715.02,2717.12,2675.89,2676.79,2324820000,2676.79
12/28/07,2693.36,2697.77,2661.79,2674.46,1338850000,2674.46
12/31/07,2663.78,2668.61,2646.09,2652.28,1454550000,2652.28
1/2/08,2653.91,2661.5,2597.81,2609.63,2076690000,2609.63
1/3/08,2611.96,2624.27,2592.18,2602.68,1970200000,2602.68
1/4/08,2571.08,2571.08,2502.68,2504.65,2516310000,2504.65
1/7/08,2514.15,2521.62,2471.23,2499.46,2600100000,2499.46
1/8/08,2506.97,2527.42,2440.51,2440.51,2566480000,2440.51
1/9/08,2443.85,2474.55,2407.39,2474.55,2821160000,2474.55
1/10/08,2452.12,2503.55,2446.8,2488.52,2640400000,2488.52
1/11/08,2471.86,2473.95,2428.85,2439.94,2355490000,2439.94
1/14/08,2470.87,2483.13,2455.34,2478.3,2134230000,2478.3
1/15/08,2449.04,2455.29,2412.47,2417.59,2390120000,2417.59
1/16/08,2390.56,2429.58,2361.22,2394.59,3397330000,2394.59
1/17/08,2405.74,2416.51,2343.65,2346.9,2785930000,2346.9
1/18/08,2365.56,2384.21,2323.29,2340.02,2991360000,2340.02
1/22/08,2221.2,2318.6,2221.2,2292.27,3161430000,2292.27
1/23/08,2226.77,2320.13,2202.54,2316.41,3650250000,2316.41
1/24/08,2328.86,2361.89,2326.37,2360.92,2928900000,2360.92
1/25/08,2402.8,2408.22,2322.56,2326.2,2599410000,2326.2
1/28/08,2324.85,2349.91,2306.64,2349.91,2033860000,2349.91
1/29/08,2360.43,2362.11,2332,2358.06,2160040000,2358.06
1/30/08,2346.36,2396,2343.88,2349,2618850000,2349
1/31/08,2317.11,2403.46,2313.52,2389.86,2813420000,2389.86
2/1/08,2392.58,2419.23,2374.5,2413.36,3060180000,2413.36
2/4/08,2413.42,2413.42,2382.09,2382.85,2050940000,2382.85
2/5/08,2344.81,2359.43,2309.57,2309.57,2501820000,2309.57
2/6/08,2327.18,2338.27,2277.27,2278.75,2362020000,2278.75
2/7/08,2259.62,2318.52,2252.65,2293.03,2946360000,2293.03
2/8/08,2290.5,2318.67,2280.27,2304.85,2229330000,2304.85
2/11/08,2310.75,2326.23,2294.42,2320.06,2072270000,2320.06
2/12/08,2333.31,2349.55,2305.83,2320.04,2183530000,2320.04
2/13/08,2347.22,2373.93,2338.91,2373.93,2174670000,2373.93
2/14/08,2376.22,2376.22,2328.59,2332.54,2267580000,2332.54
2/15/08,2320.58,2329.17,2305.81,2321.8,1999540000,2321.8
2/19/08,2348.98,2352.79,2300.1,2306.2,1988690000,2306.2
2/20/08,2292.82,2331.7,2291.24,2327.1,2258180000,2327.1
2/21/08,2344.08,2353.79,2294.77,2299.78,2277540000,2299.78
2/22/08,2306.61,2308.76,2265.36,2303.35,2324450000,2303.35
2/25/08,2303.41,2333.71,2294.38,2327.48,2152880000,2327.48
2/26/08,2314.42,2361.1,2311.32,2344.99,2263650000,2344.99
2/27/08,2329.16,2363.52,2326.34,2353.78,2216540000,2353.78
2/28/08,2342.56,2352.88,2324.47,2331.57,2032040000,2331.57
2/29/08,2309.06,2311.23,2264.97,2271.48,2405360000,2271.48
3/3/08,2271.26,2275.75,2240.3,2258.6,2145070000,2258.6
3/4/08,2244.21,2266.37,2221.09,2260.28,2669980000,2260.28
3/5/08,2266.49,2290.01,2254.2,2272.81,2209090000,2272.81
3/6/08,2265.67,2272.2,2219.33,2220.5,2165090000,2220.5
3/7/08,2204.48,2242.5,2186.93,2212.49,2386980000,2212.49
3/10/08,2211.14,2216.89,2168.67,2169.34,2101010000,2169.34
3/11/08,2209.65,2255.76,2192.5,2255.76,2526040000,2255.76
3/12/08,2259.97,2282.61,2241.38,2243.87,2077140000,2243.87
3/13/08,2219.28,2272.55,2199.38,2263.61,2419220000,2263.61
3/14/08,2271.21,2277.11,2191.75,2212.49,2547310000,2212.49
3/17/08,2166.94,2200.53,2155.42,2177.01,2338210000,2177.01
3/18/08,2215.61,2268.26,2206.81,2268.26,2411630000,2268.26
3/19/08,2272.12,2280.9,2209.96,2209.96,2265420000,2209.96
3/20/08,2220.5,2258.11,2208.12,2258.11,2764480000,2258.11
3/24/08,2268.2,2336.7,2268.2,2326.75,2312600000,2326.75
3/25/08,2329.16,2346.78,2312.06,2341.05,2099060000,2341.05
3/26/08,2328.62,2331.18,2306.49,2324.36,1915210000,2324.36
3/27/08,2315.04,2315.91,2280.47,2280.83,2038770000,2280.83
3/28/08,2291.32,2304.71,2256.87,2261.18,1785770000,2261.18
3/31/08,2265.15,2289.7,2260.59,2279.1,1788360000,2279.1
4/1/08,2306.51,2362.75,2305.4,2362.75,2160120000,2362.75
4/2/08,2363.42,2381.21,2347.78,2361.4,1996680000,2361.4
4/3/08,2347.91,2373.99,2339.38,2363.3,1993480000,2363.3
4/4/08,2366.91,2391.93,2351.76,2370.98,1977560000,2370.98
4/7/08,2386.62,2390.04,2359.54,2364.83,1730020000,2364.83
4/8/08,2353.58,2359.4,2337.84,2348.76,1635290000,2348.76
4/9/08,2351.94,2353.54,2311.45,2322.12,1922050000,2322.12
4/10/08,2326.78,2363.91,2324.39,2351.7,2159000000,2351.7
4/11/08,2327.7,2328.45,2286.19,2290.24,1902540000,2290.24
4/14/08,2287.02,2296.73,2274.91,2275.82,1626710000,2275.82
4/15/08,2287.43,2291.12,2266.29,2286.04,1884750000,2286.04
4/16/08,2313.42,2352.21,2313.42,2350.11,2128770000,2350.11
4/17/08,2347.32,2348.31,2327.66,2341.83,1779300000,2341.83
4/18/08,2394.52,2412.78,2383.24,2402.97,2190920000,2402.97
4/21/08,2393.07,2410.97,2389.82,2408.04,1601280000,2408.04
4/22/08,2397.12,2397.17,2361.67,2376.94,1941680000,2376.94
4/23/08,2391.64,2412.53,2382.77,2405.21,2181580000,2405.21
4/24/08,2408.25,2447.28,2383.76,2428.92,2337160000,2428.92
4/25/08,2424.68,2427.09,2391.15,2422.93,1956260000,2422.93
4/28/08,2422.63,2437,2416.9,2424.4,1724680000,2424.4
4/29/08,2420,2435.38,2412.1,2426.1,1769030000,2426.1
4/30/08,2434.2,2451.19,2406.37,2412.8,2127390000,2412.8
5/1/08,2416.49,2480.71,2416.49,2480.71,2344770000,2480.71
5/2/08,2499.14,2499.14,2461.46,2476.99,2279510000,2476.99
5/5/08,2475.31,2486.05,2458.12,2464.12,2085110000,2464.12
5/6/08,2455.11,2488.83,2445.37,2483.31,2097260000,2483.31
5/7/08,2483.03,2496.65,2435.76,2438.49,2238810000,2438.49
5/8/08,2450.01,2462.51,2436.61,2451.24,2031770000,2451.24
5/9/08,2432.55,2455.33,2429.03,2445.52,1711510000,2445.52
5/12/08,2454.65,2490.22,2446.36,2488.49,1769330000,2488.49
5/13/08,2491.02,2498.07,2472.58,2495.12,1895250000,2495.12
5/14/08,2503.28,2528.4,2493.58,2496.7,2129270000,2496.7
5/15/08,2496.44,2535.19,2492.95,2533.73,2176320000,2533.73
5/16/08,2537.41,2537.41,2504.18,2528.85,2286090000,2528.85
5/19/08,2530.82,2551.47,2505.6,2516.09,2269590000,2516.09
5/20/08,2505.86,2506.19,2479.37,2492.26,1991010000,2492.26
5/21/08,2497.39,2508.9,2444.99,2448.27,2166450000,2448.27
5/22/08,2454.74,2474.53,2448.84,2464.58,1932080000,2464.58
5/23/08,2454.14,2456,2430.36,2444.67,1734070000,2444.67
5/27/08,2450.52,2482.08,2448.58,2481.24,1742710000,2481.24
5/28/08,2491.5,2493.38,2465.59,2486.7,1792750000,2486.7
5/29/08,2486.09,2522.14,2485.92,2508.32,1956100000,2508.32
5/30/08,2519.14,2530.16,2510.65,2522.66,2153350000,2522.66
6/2/08,2514.82,2516.37,2471.41,2491.53,1972760000,2491.53
6/3/08,2500.5,2513.89,2460.56,2480.48,2148040000,2480.48
6/4/08,2473.03,2518.71,2471.52,2503.14,2153510000,2503.14
6/5/08,2509.49,2549.94,2504.57,2549.94,2254760000,2549.94
6/6/08,2528.52,2529.97,2474.56,2474.56,2192240000,2474.56
6/9/08,2483.22,2485,2429.3,2459.46,2084630000,2459.46
6/10/08,2436.75,2466.28,2432.47,2448.94,2081430000,2448.94
6/11/08,2444.94,2446.28,2394.01,2394.01,2065810000,2394.01
6/12/08,2414.46,2432.88,2388.49,2404.35,2276640000,2404.35
6/13/08,2423.05,2454.5,2417.01,2454.5,2106050000,2454.5
6/16/08,2443.13,2479.95,2441.24,2474.78,1871720000,2474.78
6/17/08,2481.2,2483.19,2456.78,2457.73,1798050000,2457.73
6/18/08,2444.96,2449.18,2422.96,2429.71,2030700000,2429.71
6/19/08,2427.17,2469.15,2412.37,2462.06,2294540000,2462.06
6/20/08,2441.96,2441.96,2394.26,2406.09,2570320000,2406.09
6/23/08,2416.55,2419.69,2384.56,2385.74,1916230000,2385.74
6/24/08,2375.8,2394.86,2352.1,2368.28,2195920000,2368.28
6/25/08,2376.82,2421.25,2376.29,2401.26,2153970000,2401.26
6/26/08,2365.86,2366.16,2321.37,2321.37,2300840000,2321.37
6/27/08,2319.62,2329.94,2290.59,2315.63,3403540000,2315.63
6/30/08,2312.42,2325.49,2292.98,2292.98,2096400000,2292.98
7/1/08,2274.24,2306.91,2255.79,2304.97,2653890000,2304.97
7/2/08,2311.57,2317.2,2251.3,2251.46,2376300000,2251.46
7/3/08,2261.74,2262.96,2227.8,2245.38,1423670000,2245.38
7/7/08,2263.69,2276.54,2214.16,2243.32,2363990000,2243.32
7/8/08,2244.9,2294.44,2233.99,2294.44,2462380000,2294.44
7/9/08,2290.63,2296.03,2234.59,2234.89,2285560000,2234.89
7/10/08,2239.95,2267.67,2223.04,2257.85,2300880000,2257.85
7/11/08,2233.38,2265.86,2203.25,2239.08,2340180000,2239.08
7/14/08,2262.86,2266.44,2207,2212.87,1997990000,2212.87
7/15/08,2197.18,2249.12,2167.29,2215.71,2798410000,2215.71
7/16/08,2219.27,2284.85,2205.71,2284.85,2425020000,2284.85
7/17/08,2296.57,2320.77,2274.27,2312.3,2570670000,2312.3
7/18/08,2286.92,2293.18,2269.55,2282.78,2225800000,2282.78
7/21/08,2290.75,2300.32,2270.28,2279.53,1859410000,2279.53
7/22/08,2256.32,2303.96,2252.84,2303.96,2510310000,2303.96
7/23/08,2305.11,2350.09,2300.2,2325.88,2730180000,2325.88
7/24/08,2329.21,2329.21,2278.91,2280.11,2499920000,2280.11
7/25/08,2294.69,2312.6,2282.63,2310.53,2045130000,2310.53
7/28/08,2307.19,2317.75,2258.62,2264.22,1931230000,2264.22
7/29/08,2274.61,2320.18,2274.37,2319.62,2274090000,2319.62
7/30/08,2329.01,2342.88,2299.98,2329.72,2280940000,2329.72
7/31/08,2311.33,2353.39,2309.64,2325.55,2316510000,2325.55
8/1/08,2326.83,2328.95,2286.41,2310.96,2312140000,2310.96
8/4/08,2309.75,2309.75,2280.93,2285.56,2010200000,2285.56
8/5/08,2308.14,2349.83,2303.63,2349.83,2324730000,2349.83
8/6/08,2349.17,2385.77,2333.53,2378.37,2228710000,2378.37
8/7/08,2362.79,2386.44,2351.32,2355.73,2189120000,2355.73
8/8/08,2356.84,2416.4,2352.04,2414.1,2189630000,2414.1
8/11/08,2407.55,2461.65,2402.53,2439.95,2272240000,2439.95
8/12/08,2434.26,2447.16,2421.09,2430.61,2052610000,2430.61
8/13/08,2424.32,2443.44,2404.03,2428.62,1995490000,2428.62
8/14/08,2414.41,2461.15,2414.41,2453.67,1835830000,2453.67
8/15/08,2463.1,2473.2,2441.05,2452.52,1742180000,2452.52
8/18/08,2456.96,2456.96,2404.41,2416.98,1632610000,2416.98
8/19/08,2404.95,2410.96,2376.67,2384.36,1716280000,2384.36
8/20/08,2396.58,2408.68,2372.34,2389.08,1746470000,2389.08
8/21/08,2371.54,2387.72,2360.39,2380.38,1562430000,2380.38
8/22/08,2390.34,2417.63,2390.34,2414.71,1365910000,2414.71
8/25/08,2399.73,2399.73,2362.2,2365.59,2366920000,2365.59
8/26/08,2364.31,2377.04,2345.79,2361.97,1256980000,2361.97
8/27/08,2362.86,2395.02,2358.93,2382.46,1540700000,2382.46
8/28/08,2390.11,2412.84,2388.55,2411.64,1582680000,2411.64
8/29/08,2388.67,2393.49,2360.91,2367.52,1559030000,2367.52
9/2/08,2402.11,2413.11,2338.37,2349.24,2010580000,2349.24
9/3/08,2346.81,2357.43,2320.91,2333.73,2062140000,2333.73
9/4/08,2315.18,2317.32,2259.04,2259.04,2332320000,2259.04
9/5/08,2241.62,2264.35,2216.99,2255.88,2261030000,2255.88
9/8/08,2296.18,2303.89,2236.97,2269.76,2566300000,2269.76
9/9/08,2269.93,2285.54,2209.81,2209.81,2590590000,2209.81
9/10/08,2232.21,2247.63,2209.59,2228.7,2250360000,2228.7
9/11/08,2199.03,2259.25,2191.53,2258.22,2269670000,2258.22
9/12/08,2239.25,2268.83,2228,2261.27,1973590000,2261.27
9/15/08,2202.28,2244.88,2179.91,2179.91,2697820000,2179.91
9/16/08,2149.65,2214.29,2145.17,2207.9,3187630000,2207.9
9/17/08,2177.58,2183.25,2098.85,2098.85,3102010000,2098.85
9/18/08,2137.42,2201.71,2070.22,2199.1,3867290000,2199.1
9/19/08,2303.9,2318.43,2239.73,2273.9,3898230000,2273.9
9/22/08,2265.77,2266.45,2178.98,2178.98,1881160000,2178.98
9/23/08,2190.71,2209.62,2151.77,2153.33,1974180000,2153.33
9/24/08,2167.55,2179.93,2147.36,2155.68,1818170000,2155.68
9/25/08,2172.26,2210.74,2167.06,2186.57,1846330000,2186.57
9/26/08,2144.06,2187.53,2136.85,2183.34,1949200000,2183.34
9/29/08,2147.16,2152.69,1983.73,1983.73,2808100000,1983.73
9/30/08,2033.69,2094.31,2015.93,2091.88,2376240000,2091.88
10/1/08,2075.1,2083.2,2046.06,2069.4,1899330000,2069.4
10/2/08,2052.51,2056.43,1975,1976.72,2173750000,1976.72
10/3/08,2005.92,2046.81,1947.19,1947.39,2501480000,1947.39
10/6/08,1898.63,1905.01,1777.02,1862.96,3502250000,1862.96
10/7/08,1867.97,1886.35,1754.88,1754.88,2825810000,1754.88
10/8/08,1710.96,1806.89,1706.86,1740.33,3516070000,1740.33
10/9/08,1766.25,1787.41,1634.88,1645.12,2622310000,1645.12
10/10/08,1590.77,1690.77,1542.45,1649.51,4164090000,1649.51
10/13/08,1734.6,1844.25,1715.74,1844.25,2665690000,1844.25
10/14/08,1894.87,1896.95,1752.89,1779.01,2912850000,1779.01
10/15/08,1754.62,1761.23,1628.33,1628.33,2540180000,1628.33
10/16/08,1644.55,1717.72,1565.72,1717.71,3331040000,1717.71
10/17/08,1678.78,1782.58,1670.28,1711.29,2711030000,1711.29
10/20/08,1735.13,1770.05,1698.01,1770.03,2021750000,1770.03
10/21/08,1741.84,1768.54,1695.12,1696.68,2099810000,1696.68
10/22/08,1671.23,1678.71,1587.22,1615.75,2560810000,1615.75
10/23/08,1621.11,1645.5,1533.55,1603.91,3104700000,1603.91
10/24/08,1493.79,1584.27,1493.79,1552.03,2691940000,1552.03
10/27/08,1528.12,1574.54,1503.81,1505.9,2224430000,1505.9
10/28/08,1552.24,1649.47,1504.13,1649.47,2777540000,1649.47
10/29/08,1643.98,1705.51,1622.01,1657.21,2748720000,1657.21
10/30/08,1698.43,1712.56,1658.45,1698.52,2504420000,1698.52
10/31/08,1684.71,1742.54,1673.32,1720.95,2437120000,1720.95
11/3/08,1718.89,1738.53,1713.39,1726.33,1770880000,1726.33
11/4/08,1761.09,1785.84,1739.81,1780.12,2306350000,1780.12
11/5/08,1757.01,1764.43,1679.19,1681.64,2092410000,1681.64
11/6/08,1659.57,1676.92,1603.87,1608.7,2367880000,1608.7
11/7/08,1629.69,1654.25,1615.51,1647.4,1886230000,1647.4
11/10/08,1680.67,1680.67,1603.33,1616.74,1674900000,1616.74
11/11/08,1598.59,1612.42,1563.95,1580.9,1909080000,1580.9
11/12/08,1555.17,1562.78,1499.21,1499.21,2120870000,1499.21
11/13/08,1503.06,1596.7,1428.54,1596.7,3009550000,1596.7
11/14/08,1560.59,1587.76,1513.09,1516.85,2243750000,1516.85
11/17/08,1494.74,1526.96,1481.7,1482.05,1831540000,1482.05
11/18/08,1488.93,1498.42,1429.92,1483.27,2349230000,1483.27
11/19/08,1479.13,1493.05,1386.42,1386.42,2372880000,1386.42
11/20/08,1373.77,1414.43,1314.9,1316.12,3147650000,1316.12
11/21/08,1346.77,1384.35,1295.48,1384.35,3071280000,1384.35
11/24/08,1409.72,1480.41,1397.19,1472.02,2553620000,1472.02
11/25/08,1472.02,1486.22,1430.4,1464.73,2457510000,1464.73
11/26/08,1441.21,1532.1,1441.21,1532.1,1980020000,1532.1
11/28/08,1517.95,1535.57,1512.41,1535.57,787580000,1535.57
12/1/08,1496.09,1496.24,1398.07,1398.07,1904470000,1398.07
12/2/08,1423.85,1450.83,1399.88,1449.8,2056730000,1449.8
12/3/08,1416.03,1493.06,1414.04,1492.38,2240150000,1492.38
12/4/08,1465.77,1500.95,1426.41,1445.56,2020110000,1445.56
12/5/08,1426.93,1510.39,1404.8,1509.31,2177720000,1509.31
12/8/08,1541.44,1583.81,1536.71,1571.74,2290810000,1571.74
12/9/08,1546.54,1602.92,1538.25,1547.34,2246470000,1547.34
12/10/08,1563.66,1584.16,1542.08,1565.48,1955600000,1565.48
12/11/08,1548.47,1568.61,1501.7,1507.88,2018190000,1507.88
12/12/08,1482.55,1543.04,1478.03,1540.72,1869900000,1540.72
12/15/08,1544.16,1544.16,1491.36,1508.34,1677890000,1508.34
12/16/08,1526.06,1589.89,1526,1589.89,2180960000,1589.89
12/17/08,1568.88,1598.33,1560.05,1579.31,2111370000,1579.31
12/18/08,1583.17,1591.7,1535.38,1552.37,2092320000,1552.37
12/19/08,1572.75,1593.35,1557.05,1564.32,2651440000,1564.32
12/22/08,1562.17,1563.79,1503.66,1532.35,1629320000,1532.35
12/23/08,1539.37,1548.44,1512.54,1521.54,1331050000,1521.54
12/24/08,1525.15,1527.23,1516.15,1524.9,490990000,1524.9
12/26/08,1531.2,1532.13,1518.97,1530.24,592760000,1530.24
12/29/08,1529.54,1530.92,1493.45,1510.32,1186240000,1510.32
12/30/08,1521.18,1550.7,1517.26,1550.7,1374180000,1550.7
12/31/08,1550.87,1586.81,1548.88,1577.03,1521220000,1577.03
1/2/09,1578.87,1636.03,1571.98,1632.21,1438410000,1632.21
1/5/09,1621.48,1640.46,1604.63,1628.03,1816580000,1628.03
1/6/09,1642.37,1665.63,1636.25,1652.38,2137640000,1652.38
1/7/09,1621.63,1625.37,1588.2,1599.06,2020170000,1599.06
1/8/09,1590.25,1617.01,1584.28,1617.01,1968160000,1617.01
1/9/09,1617.05,1617.26,1569.87,1571.59,1907390000,1571.59
1/12/09,1573.45,1573.46,1528,1538.79,1763590000,1538.79
1/13/09,1537.42,1557.95,1527.47,1546.46,1965570000,1546.46
1/14/09,1521.71,1528.65,1485.26,1489.64,1919980000,1489.64
1/15/09,1489.46,1521.58,1456.72,1511.84,2507870000,1511.84
1/16/09,1532.47,1538.82,1490.35,1529.33,2235070000,1529.33
1/20/09,1520.76,1521.85,1440.86,1440.86,1989610000,1440.86
1/21/09,1466.4,1507.52,1444.9,1507.07,2120080000,1507.07
1/22/09,1470.85,1492.47,1444.08,1465.49,2286190000,1465.49
1/23/09,1440.78,1495.27,1434.08,1477.29,2210840000,1477.29
1/26/09,1479.98,1514.38,1470.81,1489.46,1815400000,1489.46
1/27/09,1494.12,1513.21,1488.81,1504.9,1784110000,1504.9
1/28/09,1530.48,1568.33,1530.03,1558.34,2122250000,1558.34
1/29/09,1537.47,1537.84,1505.7,1507.84,1932100000,1507.84
1/30/09,1519.46,1523.45,1472.51,1476.42,2054590000,1476.42
2/2/09,1460.85,1502.72,1460.51,1494.43,1987080000,1494.43
2/3/09,1499.59,1521.21,1479.42,1516.3,2049840000,1516.3
2/4/09,1517.19,1549.64,1508.87,1515.05,2197050000,1515.05
2/5/09,1498.59,1554.37,1495.52,1546.24,2511750000,1546.24
2/6/09,1547,1594.26,1545.85,1591.71,2389530000,1591.71
2/9/09,1590.74,1598.23,1576.1,1591.56,1906940000,1591.56
2/10/09,1578.02,1598.5,1520.56,1524.73,2443370000,1524.73
2/11/09,1531.58,1542.84,1509.35,1530.5,2236450000,1530.5
2/12/09,1510.17,1542.51,1495.34,1541.71,2428250000,1541.71
2/13/09,1539.72,1552.57,1530.05,1534.36,1990190000,1534.36
2/17/09,1489.12,1492.82,1467.79,1470.66,2335370000,1470.66
2/18/09,1480.65,1487.92,1454.46,1467.97,2029710000,1467.97
2/19/09,1478.55,1485.14,1442.53,1442.82,1991000000,1442.82
2/20/09,1427.03,1454.39,1416.96,1441.23,2526040000,1441.23
2/23/09,1452.58,1452.58,1386.68,1387.72,1977740000,1387.72
2/24/09,1399.37,1445.07,1395.11,1441.83,2339660000,1441.83
2/25/09,1428.76,1453.66,1404.54,1425.43,2345380000,1425.43
2/26/09,1436.85,1444.83,1391.47,1391.47,2301990000,1391.47
2/27/09,1376.56,1401.97,1372.42,1377.84,2393280000,1377.84
3/2/09,1356.13,1372,1322.13,1322.85,2033110000,1322.85
3/3/09,1341.42,1346.88,1312.98,1321.01,2338880000,1321.01
3/4/09,1340.38,1370.29,1333.88,1353.74,2305180000,1353.74
3/5/09,1332.38,1342.86,1298.33,1299.59,2325840000,1299.59
3/6/09,1310.59,1320.51,1268.54,1293.85,2443820000,1293.85
3/9/09,1284.84,1316.15,1265.52,1268.64,2037130000,1268.64
3/10/09,1288.95,1358.28,1288.95,1358.28,2359730000,1358.28
3/11/09,1364.8,1385.29,1352.6,1371.64,2169050000,1371.64
3/12/09,1367.78,1427.55,1355.05,1426.1,2392770000,1426.1
3/13/09,1427.03,1433.98,1408.26,1431.5,2022170000,1431.5
3/16/09,1445.27,1445.27,1402.48,1404.02,2099460000,1404.02
3/17/09,1409.67,1462.11,1405.32,1462.11,2073230000,1462.11
3/18/09,1454.44,1507.4,1448.67,1491.22,2764950000,1491.22
3/19/09,1509.06,1509.06,1475.49,1483.48,2323510000,1483.48
3/20/09,1488.15,1501.78,1448.78,1457.27,2394470000,1457.27
3/23/09,1491.26,1555.77,1482.15,1555.77,2172590000,1555.77
3/24/09,1535.68,1546.21,1515.63,1516.52,2009530000,1516.52
3/25/09,1527.59,1554.25,1487.94,1528.95,2431180000,1528.95
3/26/09,1549.4,1587,1545.21,1587,2535050000,1587
3/27/09,1564.12,1569.21,1543.43,1545.2,2071670000,1545.2
3/30/09,1516.79,1517.06,1484.98,1501.8,2020200000,1501.8
3/31/09,1518.7,1554.47,1518.01,1528.59,2157410000,1528.59
4/1/09,1504.87,1553.03,1498.54,1551.6,2256580000,1551.6
4/2/09,1579.97,1623.34,1576.82,1602.63,2833600000,1602.63
4/3/09,1609.05,1621.87,1593.05,1621.87,2113380000,1621.87
4/6/09,1602.24,1607.6,1580.65,1606.71,1998090000,1606.71
4/7/09,1585.58,1588,1559.46,1561.61,1854700000,1561.61
4/8/09,1576.93,1595.97,1567.22,1590.66,1837900000,1590.66
4/9/09,1618.83,1652.54,1616.25,1652.54,2165450000,1652.54
4/13/09,1641.61,1660.83,1630.54,1653.31,1824530000,1653.31
4/14/09,1637.5,1651.28,1618.04,1625.72,2253650000,1625.72
4/15/09,1613.56,1627.72,1599.11,1626.8,2042600000,1626.8
4/16/09,1645.52,1676.17,1628.08,1670.44,2390620000,1670.44
4/17/09,1665.6,1682.24,1653.84,1673.07,2418440000,1673.07
4/20/09,1641.35,1643.32,1606.86,1608.21,3061850000,1608.21
4/21/09,1599.03,1643.85,1598.93,1643.85,2422990000,1643.85
4/22/09,1630.14,1679.82,1624.73,1646.12,2657480000,1646.12
4/23/09,1651.47,1654.85,1625.88,1652.21,2463500000,1652.21
4/24/09,1666.43,1702.87,1657.49,1694.29,2547150000,1694.29
4/27/09,1672.87,1700.53,1670.49,1679.41,2203700000,1679.41
4/28/09,1668.26,1690.06,1661.4,1673.81,2080410000,1673.81
4/29/09,1688.66,1726.69,1687.29,1711.94,2385720000,1711.94
4/30/09,1732.47,1753.61,1710.07,1717.3,2871300000,1717.3
5/1/09,1719.29,1728.1,1703.52,1719.2,2165930000,1719.2
5/4/09,1733.71,1763.56,1729.31,1763.56,2524800000,1763.56
5/5/09,1757.26,1759.42,1735.37,1754.12,2538290000,1754.12
5/6/09,1768.69,1770.29,1730.97,1759.1,2966510000,1759.1
5/7/09,1772.1,1773.13,1702.54,1716.24,3299360000,1716.24
5/8/09,1733.5,1747.41,1711.01,1739,3206310000,1739
5/11/09,1713.65,1747.97,1705.87,1731.24,2543450000,1731.24
5/12/09,1742.86,1743.52,1695.87,1715.92,2475150000,1715.92
5/13/09,1696.8,1697.76,1664.19,1664.19,2356410000,1664.19
5/14/09,1672.48,1701.22,1667.94,1689.21,2162620000,1689.21
5/15/09,1687.49,1703.45,1676.56,1680.14,2057500000,1680.14
5/18/09,1696.82,1732.36,1689.55,1732.36,2023250000,1732.36
5/19/09,1727,1750.05,1719.92,1734.54,2076390000,1734.54
5/20/09,1743.6,1767.47,1722.32,1727.84,2261780000,1727.84
5/21/09,1709.83,1719.58,1677.77,1695.25,2206610000,1695.25
5/22/09,1702.06,1711.98,1682.24,1692.01,1619520000,1692.01
5/26/09,1677.72,1751.47,1677.54,1750.43,2095650000,1750.43
5/27/09,1745.56,1768.22,1728.96,1731.08,2118100000,1731.08
5/28/09,1744.23,1754.95,1714.48,1751.79,2189090000,1751.79
5/29/09,1756.26,1774.33,1742.99,1774.33,2465310000,1774.33
6/1/09,1796.09,1833.18,1792.8,1828.68,2600340000,1828.68
6/2/09,1821.22,1846.65,1815.83,1836.8,2611690000,1836.8
6/3/09,1825.6,1828.09,1806.51,1825.92,2246950000,1825.92
6/4/09,1829.84,1850.04,1825.62,1850.02,2468840000,1850.02
6/5/09,1864.02,1865.95,1834.63,1849.42,2310590000,1849.42
6/8/09,1836.87,1857.8,1818.59,1842.4,1972980000,1842.4
6/9/09,1850.48,1869.52,1846.26,1860.13,2140370000,1860.13
6/10/09,1872.01,1872.7,1827.61,1853.08,2347870000,1853.08
6/11/09,1854.75,1879.92,1854.75,1862.37,2463860000,1862.37
6/12/09,1852.43,1858.8,1833.39,1858.8,2013560000,1858.8
6/15/09,1837.94,1838.33,1803.07,1816.38,2154700000,1816.38
6/16/09,1825.2,1831.18,1795.55,1796.18,2227700000,1796.18
6/17/09,1799.22,1824.2,1785.34,1808.06,2523180000,1808.06
6/18/09,1809.04,1816.6,1795.74,1807.72,2067830000,1807.72
6/19/09,1824.99,1837.58,1817.07,1827.47,2864420000,1827.47
6/22/09,1809.53,1810.58,1765.85,1766.19,2318970000,1766.19
6/23/09,1771.42,1777.58,1753.78,1764.92,2152480000,1764.92
6/24/09,1780.88,1807.08,1780.25,1792.34,2150570000,1792.34
6/25/09,1783.19,1829.67,1779.18,1829.54,2227980000,1829.54
6/26/09,1819.16,1840.98,1816.84,1838.22,3989940000,1838.22
6/29/09,1842.09,1854.09,1825.03,1844.06,1981450000,1844.06
6/30/09,1845.47,1854.69,1824.95,1835.04,2044980000,1835.04
7/1/09,1846.12,1861.62,1843.79,1845.72,1971050000,1845.72
7/2/09,1823.69,1823.91,1795.95,1796.52,1923070000,1796.52
7/6/09,1783.5,1793.42,1770.11,1787.4,1970530000,1787.4
7/7/09,1787.44,1788.97,1745.38,1746.17,2027240000,1746.17
7/8/09,1756,1757.67,1727.05,1747.17,2467520000,1747.17
7/9/09,1756.97,1763.63,1747.44,1752.55,1868280000,1752.55
7/10/09,1744.61,1764.11,1738.26,1756.03,1658010000,1756.03
7/13/09,1761.03,1793.21,1736.95,1793.21,1899410000,1793.21
7/14/09,1790.7,1800.73,1782.85,1799.73,1856910000,1799.73
7/15/09,1827.61,1863.29,1824.31,1862.9,2543340000,1862.9
7/16/09,1856.05,1887.89,1854.7,1885.03,2072730000,1885.03
7/17/09,1880.31,1887.34,1873.81,1886.61,1876760000,1886.61
7/20/09,1896.99,1909.89,1890,1909.29,2046350000,1909.29
7/21/09,1917.39,1917.46,1892.17,1916.2,2205230000,1916.2
7/22/09,1908.83,1934.61,1907.25,1926.38,2306340000,1926.38
7/23/09,1924.96,1979.34,1924.77,1973.6,3021430000,1973.6
7/24/09,1943.23,1966.26,1937.64,1965.96,2232920000,1965.96
7/27/09,1964.62,1971.38,1946.95,1967.89,2141690000,1967.89
7/28/09,1957.26,1978.43,1947.89,1975.51,2206850000,1975.51
7/29/09,1965.32,1970.65,1953.36,1967.76,2072650000,1967.76
7/30/09,1986.21,2009.81,1980.08,1984.3,2525670000,1984.3
7/31/09,1980.72,1995.05,1977.65,1978.5,2190380000,1978.5
8/3/09,1998.35,2008.61,1985.88,2008.61,2155720000,2008.61
8/4/09,1996.38,2015.59,1993.74,2011.31,2235010000,2011.31
8/5/09,2014.45,2014.45,1980.68,1993.05,2353550000,1993.05
8/6/09,1999.21,2004.37,1967.68,1973.16,2408400000,1973.16
8/7/09,1997,2012.33,1984.5,2000.25,2323980000,2000.25
8/10/09,1991.44,1999.55,1979.39,1992.24,1844700000,1992.24
8/11/09,1985.06,1986.85,1962.08,1969.73,1915530000,1969.73
8/12/09,1970.95,2015.26,1970.25,1998.72,2140190000,1998.72
8/13/09,2009.27,2013.43,1986.87,2009.35,2084370000,2009.35
8/14/09,2005.79,2006.73,1969.68,1985.52,1923410000,1985.52
8/17/09,1949.23,1949.23,1929.64,1930.84,1924190000,1930.84
8/18/09,1940.55,1958.71,1935.33,1955.92,1749420000,1955.92
8/19/09,1933.39,1972.32,1931.91,1969.24,1977750000,1969.24
8/20/09,1967.57,1992.22,1965.69,1989.22,1958470000,1989.22
8/21/09,2000.15,2021.86,1994.33,2020.9,2259140000,2020.9
8/24/09,2026.11,2036.03,2012,2017.98,2046370000,2017.98
8/25/09,2025.59,2040.59,2019.17,2024.23,1936980000,2024.23
8/26/09,2021.3,2034.31,2013.52,2024.43,2037560000,2024.43
8/27/09,2021.31,2029.27,1993.03,2027.73,2140540000,2027.73
8/28/09,2050.53,2059.48,2017.42,2028.77,2340180000,2028.77
8/31/09,2011.14,2013.65,1997.53,2009.06,2256210000,2009.06
9/1/09,2001.3,2034.78,1965.48,1968.89,2778570000,1968.89
9/2/09,1960.07,1976.35,1958.51,1967.07,1974330000,1967.07
9/3/09,1975.85,1983.37,1958.04,1983.2,1853450000,1983.2
9/4/09,1986.98,2018.92,1982.05,2018.78,1722150000,2018.78
9/8/09,2034.74,2038.63,2023.03,2037.77,2037180000,2037.77
9/9/09,2038.92,2066.34,2033.47,2060.39,2493930000,2060.39
9/10/09,2059.48,2084.02,2055.49,2084.02,2451330000,2084.02
9/11/09,2083.34,2088.93,2070.02,2080.9,2318050000,2080.9
9/14/09,2066.15,2091.78,2065.8,2091.78,2157600000,2091.78
9/15/09,2090.33,2106.93,2086.16,2102.64,2372990000,2102.64
9/16/09,2110.06,2133.15,2102.86,2133.15,2707080000,2133.15
9/17/09,2129.42,2140.6,2118.5,2126.75,2615780000,2126.75
9/18/09,2134.85,2138.82,2120.7,2132.86,3023010000,2132.86
9/21/09,2121.34,2142.41,2118.48,2138.04,2408860000,2138.04
9/22/09,2150.02,2150.68,2137.39,2146.3,2490480000,2146.3
9/23/09,2152.43,2167.7,2130.34,2131.42,2683250000,2131.42
9/24/09,2140.06,2142.49,2097.1,2107.61,2607280000,2107.61
9/25/09,2095.84,2106.99,2085.35,2090.92,2363930000,2090.92
9/28/09,2101.92,2140.04,2101.43,2130.74,1890030000,2130.74
9/29/09,2131.67,2141.4,2116.63,2124.04,2062970000,2124.04
9/30/09,2131.3,2137.87,2092.3,2122.42,2640660000,2122.42
10/1/09,2111.77,2112.9,2057.48,2057.48,2708170000,2057.48
10/2/09,2040.84,2064.15,2040.73,2048.11,2448110000,2048.11
10/5/09,2056.52,2074.78,2049.04,2068.15,2156250000,2068.15
10/6/09,2080.4,2111.13,2079.49,2103.57,2413450000,2103.57
10/7/09,2099.06,2110.33,2095.94,2110.33,2220910000,2110.33
10/8/09,2124.69,2139.65,2116.06,2123.93,2366950000,2123.93
10/9/09,2120,2139.62,2118.04,2139.28,1936850000,2139.28
10/12/09,2145.63,2155.92,2128.39,2139.14,1784280000,2139.14
10/13/09,2138.7,2146.35,2128.44,2139.89,2020110000,2139.89
10/14/09,2165.83,2173.95,2157.48,2172.23,2348620000,2172.23
10/15/09,2164.33,2173.29,2158.29,2173.29,2140090000,2173.29
10/16/09,2164.73,2164.73,2142.88,2156.8,2209950000,2156.8
10/19/09,2162.41,2180.11,2150.42,2176.32,1970440000,2176.32
10/20/09,2180.43,2181.16,2151.77,2163.47,2110580000,2163.47
10/21/09,2160.78,2190.64,2148.41,2150.73,2565680000,2150.73
10/22/09,2146.72,2169.17,2130.7,2165.29,2265230000,2165.29
10/23/09,2186.64,2190.48,2149.35,2154.47,2441920000,2154.47
10/26/09,2158.81,2183.61,2136.92,2141.85,2316210000,2141.85
10/27/09,2144.15,2148.88,2110.91,2116.09,2384620000,2116.09
10/28/09,2103.36,2111.84,2057.4,2059.61,2769570000,2059.61
10/29/09,2077.04,2101.33,2071.3,2097.55,2301370000,2097.55
10/30/09,2091.56,2095.09,2040.21,2045.11,2610280000,2045.11
11/2/09,2047.42,2069.49,2024.27,2049.2,2408320000,2049.2
11/3/09,2034.09,2057.32,2031.25,2057.32,2061050000,2057.32
11/4/09,2067.56,2081.1,2053,2055.52,2217520000,2055.52
11/5/09,2078.83,2105.32,2075.61,2105.32,2209690000,2105.32
11/6/09,2089.49,2117.62,2088.24,2112.44,1829150000,2112.44
11/9/09,2128.46,2154.06,2128.15,2154.06,2004700000,2154.06
11/10/09,2147.24,2160.64,2141.27,2151.08,1997240000,2151.08
11/11/09,2166.53,2177.91,2155.25,2166.9,1851790000,2166.9
11/12/09,2166.98,2179.19,2145.83,2149.02,2212370000,2149.02
11/13/09,2156.68,2172.05,2145.92,2167.88,1876220000,2167.88
11/16/09,2177.31,2205.32,2177,2197.85,2105020000,2197.85
11/17/09,2190.12,2203.78,2185.55,2203.78,1887240000,2203.78
11/18/09,2199.87,2200.15,2180.17,2193.14,1990220000,2193.14
11/19/09,2176.37,2176.51,2141.59,2156.82,2208700000,2156.82
11/20/09,2145.07,2150.08,2137.06,2146.04,1962760000,2146.04
11/23/09,2168.95,2189.5,2168.77,2176.01,1840170000,2176.01
11/24/09,2174.69,2175.15,2155.22,2169.18,1858490000,2169.18
11/25/09,2174,2178.62,2170.06,2176.05,1398610000,2176.05
11/27/09,2115.96,2155.41,2113.99,2138.44,971990000,2138.44
11/30/09,2135.93,2146.93,2120.7,2144.6,1986050000,2144.6
12/1/09,2162.23,2182.24,2162.23,2175.81,2151300000,2175.81
12/2/09,2178.51,2198.55,2177.82,2185.03,2068920000,2185.03
12/3/09,2190.42,2203.75,2172.04,2173.14,2001660000,2173.14
12/4/09,2203.75,2214.39,2169.66,2194.35,2305950000,2194.35
12/7/09,2191.35,2201.42,2183.13,2189.61,1878980000,2189.61
12/8/09,2174.72,2187.19,2160.43,2172.99,1981800000,2172.99
12/9/09,2170.02,2185.7,2155.96,2183.73,1906210000,2183.73
12/10/09,2194.9,2202.84,2187.08,2190.86,1946370000,2190.86
12/11/09,2200.96,2202.4,2179.51,2190.31,1754430000,2190.31
12/14/09,2202.31,2212.56,2193.2,2212.1,1841890000,2212.1
12/15/09,2203.54,2217.63,2197.76,2201.05,1946960000,2201.05
12/16/09,2210.35,2220.46,2203.33,2206.91,2022440000,2206.91
12/17/09,2193.5,2198.51,2178.05,2180.05,1904840000,2180.05
12/18/09,2197.57,2213.18,2190.69,2211.69,2848410000,2211.69
12/21/09,2224.04,2242.22,2224.04,2237.66,1808830000,2237.66
12/22/09,2242.61,2253.73,2241.33,2252.67,1724200000,2252.67
12/23/09,2257.21,2271.33,2253.67,2269.64,1582900000,2269.64
12/24/09,2273.95,2285.89,2273.4,2285.69,632650000,2285.69
12/28/09,2290.04,2295.8,2280.56,2291.08,1232130000,2291.08
12/29/09,2293.94,2294.75,2286.57,2288.4,1177710000,2288.4
12/30/09,2284.56,2293.02,2280.16,2291.28,1312670000,2291.28
12/31/09,2292.92,2293.59,2269.11,2269.15,1237820000,2269.15
1/4/10,2294.41,2311.15,2294.41,2308.42,1931380000,2308.42
1/5/10,2307.27,2313.73,2295.62,2308.71,2367860000,2308.71
1/6/10,2307.71,2314.07,2295.68,2301.09,2253340000,2301.09
1/7/10,2298.09,2301.3,2285.22,2300.05,2270050000,2300.05
1/8/10,2292.24,2317.6,2290.61,2317.17,2145390000,2317.17
1/11/10,2324.78,2326.28,2302.21,2312.41,2077890000,2312.41
1/12/10,2297.28,2298.85,2272.7,2282.31,2368320000,2282.31
1/13/10,2289.46,2313.03,2274.12,2307.9,2318350000,2307.9
1/14/10,2303.31,2322.56,2303.29,2316.74,2254170000,2316.74
1/15/10,2316.98,2322.54,2279.2,2287.99,2637770000,2287.99
1/19/10,2291.02,2320.4,2290.68,2320.4,2045290000,2320.4
1/20/10,2304.31,2304.47,2268.68,2291.25,2351890000,2291.25
1/21/10,2298.23,2308.98,2259.82,2265.7,2877800000,2265.7
1/22/10,2255.76,2262.27,2200.37,2205.29,2817620000,2205.29
1/25/10,2220.29,2223.22,2201.17,2210.8,2134350000,2210.8
1/26/10,2203.44,2227.89,2195.44,2203.73,2361260000,2203.73
1/27/10,2200.3,2225.67,2192.59,2221.41,2492880000,2221.41
1/28/10,2220.31,2220.87,2166.9,2179,2829640000,2179
1/29/10,2198.26,2202.84,2140.34,2147.35,3090580000,2147.35
2/1/10,2155.81,2171.2,2152.26,2171.2,2234140000,2171.2
2/2/10,2171.66,2193.66,2161.47,2190.06,2468470000,2190.06
2/3/10,2181.01,2194.53,2176.75,2190.91,2303350000,2190.91
2/4/10,2176.39,2178.25,2125.43,2125.43,2801390000,2125.43
2/5/10,2131.92,2142.27,2100.17,2141.12,2811100000,2141.12
2/8/10,2140.1,2152.64,2125.11,2126.05,2036280000,2126.05
2/9/10,2153.1,2166.16,2132.58,2150.87,2296420000,2150.87
2/10/10,2147.46,2156.36,2131.08,2147.87,2059940000,2147.87
2/11/10,2145.09,2179.54,2134.14,2177.41,2141260000,2177.41
2/12/10,2157.69,2184.57,2151.99,2183.53,2236180000,2183.53
2/16/10,2200.38,2214.19,2189.18,2214.19,2072850000,2214.19
2/17/10,2222.87,2226.32,2212.78,2226.29,2103530000,2226.29
2/18/10,2223.22,2243.5,2221.14,2241.71,2076820000,2241.71
2/19/10,2233.33,2249.8,2228.93,2243.87,2166660000,2243.87
2/22/10,2250.92,2251.68,2235.65,2242.03,1976290000,2242.03
2/23/10,2238.01,2239.8,2205.7,2213.44,2310910000,2213.44
2/24/10,2222.4,2241.69,2221.28,2235.9,2155810000,2235.9
2/25/10,2208.62,2236.21,2198.73,2234.22,2300530000,2234.22
2/26/10,2234.44,2242.83,2222.23,2238.26,2283430000,2238.26
3/1/10,2247.4,2274.02,2247.33,2273.57,2504940000,2273.57
3/2/10,2279.07,2292.49,2275.35,2280.79,2831870000,2280.79
3/3/10,2284.82,2293.32,2275.25,2280.68,2603510000,2280.68
3/4/10,2282.57,2293.16,2273.63,2292.31,2186020000,2292.31
3/5/10,2304.01,2327.03,2301.1,2326.35,2411880000,2326.35
3/8/10,2326.25,2335.43,2326.11,2332.21,2312310000,2332.21
3/9/10,2325.78,2353.07,2325.74,2340.68,2620360000,2340.68
3/10/10,2340.95,2361.66,2340.69,2358.95,2554740000,2358.95
3/11/10,2351.11,2368.46,2347.53,2368.46,2256790000,2368.46
3/12/10,2376.07,2376.28,2358.08,2367.66,2098780000,2367.66
3/15/10,2361.92,2367.4,2345.99,2362.21,1956170000,2362.21
3/16/10,2367.32,2378.84,2360.67,2378.01,2201880000,2378.01
3/17/10,2381.65,2400.09,2381.47,2389.09,2281410000,2389.09
3/18/10,2387.54,2393.87,2383.26,2391.28,2173060000,2391.28
3/19/10,2391.2,2396.92,2364.53,2374.41,3055760000,2374.41
3/22/10,2360.35,2401.21,2358,2395.4,2448130000,2395.4
3/23/10,2397.9,2416.51,2390.04,2415.24,2465230000,2415.24
3/24/10,2406.72,2408.64,2396.92,2398.76,2436100000,2398.76
3/25/10,2415.24,2432.25,2397.36,2397.41,2704870000,2397.41
3/26/10,2406.73,2412.92,2384.69,2395.13,2367930000,2395.13
3/29/10,2403.77,2411.18,2398.4,2404.36,1967850000,2404.36
3/30/10,2406.69,2417.36,2395.8,2410.69,2147270000,2410.69
3/31/10,2402.98,2415.44,2395.34,2397.96,2368690000,2397.96
4/1/10,2411.68,2423.43,2383.77,2402.58,2340270000,2402.58
4/5/10,2409.48,2429.61,2403.88,2429.53,2130340000,2429.53
4/6/10,2420.33,2443.5,2417.77,2436.81,2220390000,2436.81
4/7/10,2433.1,2442.27,2418.73,2431.16,2984850000,2431.16
4/8/10,2423.99,2441.12,2413.74,2436.81,2428900000,2436.81
4/9/10,2441.31,2454.12,2432.93,2454.05,2215530000,2454.05
4/12/10,2455.4,2463.17,2450.15,2457.87,2161650000,2457.87
4/13/10,2454.95,2467.94,2445.26,2465.99,2665420000,2465.99
4/14/10,2481.8,2504.86,2480.43,2504.86,3143270000,2504.86
4/15/10,2503.41,2517.82,2502.51,2515.69,2840660000,2515.69
4/16/10,2505.38,2510.06,2467.68,2481.26,2960950000,2481.26
4/19/10,2477.8,2487.67,2451.72,2480.11,2223650000,2480.11
4/20/10,2492.72,2501.25,2480.7,2500.31,2157100000,2500.31
4/21/10,2506.61,2510.5,2490.19,2504.61,2715900000,2504.61
4/22/10,2483.52,2521.02,2468.26,2519.07,2800840000,2519.07
4/23/10,2514.85,2530.15,2507.6,2530.15,2517010000,2530.15
4/26/10,2529.85,2535.28,2521.51,2522.95,2491040000,2522.95
4/27/10,2512.58,2525.7,2466.53,2471.47,2864810000,2471.47
4/28/10,2483.03,2484.15,2456.63,2471.73,2755190000,2471.73
4/29/10,2487.33,2513.69,2483.5,2511.92,3069640000,2511.92
4/30/10,2509.99,2514.37,2461.09,2461.19,2841130000,2461.19
5/3/10,2472.32,2503,2472.32,2498.74,2398370000,2498.74
5/4/10,2465.55,2465.55,2411.28,2424.25,3052590000,2424.25
5/5/10,2395.21,2421.05,2382.07,2402.29,3041480000,2402.29
5/6/10,2391.21,2407.79,2185.75,2319.64,4553600000,2319.64
5/7/10,2308.71,2330.65,2228.06,2265.64,4227720000,2265.64
5/10/10,2365.97,2379.87,2349.4,2374.67,2871800000,2374.67
5/11/10,2347.7,2405.26,2345.5,2375.31,2548840000,2375.31
5/12/10,2388.64,2426.47,2384.69,2425.02,2351900000,2425.02
5/13/10,2416.36,2434.29,2387.59,2394.36,2375250000,2394.36
5/14/10,2373.88,2374.53,2323.63,2346.85,2653020000,2346.85
5/17/10,2352.77,2364.65,2304.28,2354.23,2434480000,2354.23
5/18/10,2372.84,2374.91,2309.22,2317.26,2490310000,2317.26
5/19/10,2307.78,2324.99,2270.62,2298.37,2646160000,2298.37
5/20/10,2245.56,2253.04,2203.5,2204.01,3420420000,2204.01
5/21/10,2169.58,2243,2165.79,2229.04,3389670000,2229.04
5/24/10,2220.6,2244.67,2212.37,2213.55,2150020000,2213.55
5/25/10,2157.45,2211.94,2140.53,2210.95,2946380000,2210.95
5/26/10,2226.24,2257.33,2190.44,2195.88,3077300000,2195.88
5/27/10,2244.82,2278.37,2239.72,2277.68,2408220000,2277.68
5/28/10,2275.19,2277.1,2241.52,2257.04,2165590000,2257.04
6/1/10,2244.79,2277.39,2220.89,2222.33,2167810000,2222.33
6/2/10,2234.59,2281.07,2221.07,2281.07,2190140000,2281.07
6/3/10,2285.76,2307.47,2274.88,2303.03,2249050000,2303.03
6/4/10,2257.05,2278.58,2212.3,2219.17,2342480000,2219.17
6/7/10,2226.6,2232.89,2172.25,2173.9,2256670000,2173.9
6/8/10,2176.07,2183.1,2139.46,2170.57,2696580000,2170.57
6/9/10,2184.78,2208.65,2152.67,2158.85,2325060000,2158.85
6/10/10,2188.71,2219.65,2185.98,2218.71,2187840000,2218.71
6/11/10,2199.4,2243.6,2196.91,2243.6,1877120000,2243.6
6/14/10,2263.66,2278.96,2242,2243.96,1951910000,2243.96
6/15/10,2256.48,2307.98,2256.44,2305.88,2289060000,2305.88
6/16/10,2293.56,2317.75,2290.26,2305.93,1936400000,2305.93
6/17/10,2316.59,2318.27,2288.59,2307.16,1821680000,2307.16
6/18/10,2308.94,2321.99,2301.48,2309.8,2037230000,2309.8
6/21/10,2341.11,2341.11,2277.73,2289.09,1910700000,2289.09
6/22/10,2296.83,2313.72,2259.59,2261.8,1934450000,2261.8
6/23/10,2264.41,2271.74,2236.99,2254.23,1929450000,2254.23
6/24/10,2246.2,2247.42,2213.5,2217.42,2064360000,2217.42
6/25/10,2224.73,2240.88,2205.92,2223.48,3540350000,2223.48
6/28/10,2227.43,2241.64,2208.37,2220.65,1876740000,2220.65
6/29/10,2183.92,2185.3,2122.67,2135.18,2827090000,2135.18
6/30/10,2134.03,2153.36,2105.26,2109.24,2221560000,2109.24
7/1/10,2110.75,2117.94,2061.14,2101.36,2717070000,2101.36
7/2/10,2105.5,2110.66,2077.71,2091.79,1672320000,2091.79
7/6/10,2122.28,2136.3,2077.77,2093.88,2173030000,2093.88
7/7/10,2099.66,2159.79,2098.11,2159.47,2199500000,2159.47
7/8/10,2174.96,2181.3,2150.19,2175.4,2034030000,2175.4
7/9/10,2174.2,2196.95,2170.76,2196.45,1592610000,2196.45
7/12/10,2194.12,2213.39,2183.52,2198.36,1767970000,2198.36
7/13/10,2221.25,2248.16,2212.97,2242.03,2278480000,2242.03
7/14/10,2246.99,2260.33,2235.15,2249.84,2213010000,2249.84
7/15/10,2247.76,2253.33,2218.92,2249.08,2011600000,2249.08
7/16/10,2231.71,2236.66,2177.51,2179.05,2195150000,2179.05
7/19/10,2185.81,2201.29,2171.2,2198.23,1735090000,2198.23
7/20/10,2165.35,2222.61,2159.95,2222.49,1933270000,2222.49
7/21/10,2236.13,2236.37,2183.22,2187.33,2222030000,2187.33
7/22/10,2216.04,2251.42,2216.04,2245.89,2213220000,2245.89
7/23/10,2234.34,2269.47,2227.5,2269.47,2410600000,2269.47
7/26/10,2271.62,2296.43,2262.96,2296.43,2164280000,2296.43
7/27/10,2306.62,2307.6,2280.72,2288.25,2065390000,2288.25
7/28/10,2284.62,2292.24,2257.76,2264.56,1848520000,2264.56
7/29/10,2279.07,2282.94,2228.52,2251.69,2324590000,2251.69
7/30/10,2227.29,2264.81,2218.61,2254.7,2138610000,2254.7
8/2/10,2283.32,2299.24,2274.27,2295.36,1953200000,2295.36
8/3/10,2291.75,2295.03,2272.33,2283.52,1997030000,2283.52
8/4/10,2291.09,2305.07,2283.21,2303.57,2021980000,2303.57
8/5/10,2291.22,2298.86,2281.68,2293.06,1774300000,2293.06
8/6/10,2267.42,2291.15,2253.92,2288.47,1876630000,2288.47
8/9/10,2298.81,2309.43,2289.03,2305.69,1614580000,2305.69
8/10/10,2280.06,2290.51,2261.5,2277.17,2039590000,2277.17
8/11/10,2236.93,2236.93,2204.94,2208.63,2274460000,2208.63
8/12/10,2164.64,2197.97,2163.07,2190.27,2189680000,2190.27
8/13/10,2183.09,2190.27,2173.48,2173.48,1605040000,2173.48
8/16/10,2161.31,2193.84,2155.66,2181.87,1627620000,2181.87
8/17/10,2197.09,2225.08,2193.42,2209.44,1736870000,2209.44
8/18/10,2205.3,2228.9,2196.11,2215.7,1654560000,2215.7
8/19/10,2204.8,2211.73,2168.74,2178.95,2094800000,2178.95
8/20/10,2172.26,2182.67,2159.54,2179.76,1898500000,2179.76
8/23/10,2188.34,2200.52,2159.44,2159.63,1665900000,2159.63
8/24/10,2131,2144.2,2113.71,2123.76,2141650000,2123.76
8/25/10,2109.15,2148.35,2102.26,2141.54,2019480000,2141.54
8/26/10,2148.49,2154.32,2116.82,2118.69,1804510000,2118.69
8/27/10,2134.16,2154.99,2099.29,2153.63,2134550000,2153.63
8/30/10,2145.76,2154.47,2119.93,2119.97,1585200000,2119.97
8/31/10,2109.76,2128.9,2101.52,2114.03,2084110000,2114.03
9/1/10,2142.75,2177.5,2141.95,2176.84,2133970000,2176.84
9/2/10,2178.99,2200.01,2173.71,2200.01,1680590000,2200.01
9/3/10,2227.96,2235.57,2213.56,2233.75,1647790000,2233.75
9/7/10,2227.26,2231.28,2206.62,2208.89,1685240000,2208.89
9/8/10,2216.07,2237.42,2215.9,2228.87,2018210000,2228.87
9/9/10,2251.09,2251.98,2229.8,2236.2,1706650000,2236.2
9/10/10,2239.08,2246.6,2229.12,2242.48,1692470000,2242.48
9/13/10,2263.8,2289.49,2263.69,2285.71,1937630000,2285.71
9/14/10,2281.31,2302.57,2274.57,2289.77,2079030000,2289.77
9/15/10,2283.17,2304.6,2276.32,2301.32,2067130000,2301.32
9/16/10,2297.51,2304.95,2288.71,2303.25,1809280000,2303.25
9/17/10,2318.42,2320.37,2301.82,2315.61,2432480000,2315.61
9/20/10,2322.8,2358.9,2317.89,2355.83,1989520000,2355.83
9/21/10,2355.27,2366.76,2341.82,2349.35,2125100000,2349.35
9/22/10,2339.91,2355.91,2323.55,2334.55,2170210000,2334.55
9/23/10,2316.71,2353.79,2316.11,2327.08,1923110000,2327.08
9/24/10,2356.26,2381.22,2353.5,2381.22,1993380000,2381.22
9/27/10,2379.73,2386.01,2368.65,2369.77,1873120000,2369.77
9/28/10,2373.13,2383.67,2339.5,2379.59,2125730000,2379.59
9/29/10,2372.37,2382.15,2366.19,2376.56,2077930000,2376.56
9/30/10,2390.96,2400.06,2354.22,2368.62,2418300000,2368.62
10/1/10,2386.82,2389.45,2359.32,2370.75,1932650000,2370.75
10/4/10,2362.25,2370.87,2332.46,2344.52,1901980000,2344.52
10/5/10,2368.52,2402.42,2366.06,2399.83,2203470000,2399.83
10/6/10,2395.16,2399.13,2368.43,2380.66,2103800000,2380.66
10/7/10,2391.63,2392.74,2368.25,2383.67,1846240000,2383.67
10/8/10,2384.76,2406.67,2370.53,2401.91,2000980000,2401.91
10/11/10,2403.46,2413.03,2397.57,2402.33,1539990000,2402.33
10/12/10,2397.7,2421.79,2379.39,2417.92,1960920000,2417.92
10/13/10,2432.55,2452.54,2426.52,2441.23,2294450000,2441.23
10/14/10,2441.21,2445.85,2422.07,2435.38,2014540000,2435.38
10/15/10,2461.7,2468.77,2438.03,2468.77,2232810000,2468.77
10/18/10,2470.12,2480.95,2462.55,2480.66,1724710000,2480.66
10/19/10,2442.21,2462.94,2422.14,2436.95,2241840000,2436.95
10/20/10,2443.2,2469.72,2441.07,2457.39,2016770000,2457.39
10/21/10,2470.72,2482.14,2436.34,2459.67,2135480000,2459.67
10/22/10,2461.6,2479.39,2459.43,2479.39,1648180000,2479.39
10/25/10,2491.62,2507.03,2490.11,2490.85,1746320000,2490.85
10/26/10,2476.51,2503.03,2470.12,2497.29,1914350000,2497.29
10/27/10,2484.09,2505.35,2478.01,2503.26,2013240000,2503.26
10/28/10,2516.16,2516.2,2489.76,2507.37,1998340000,2507.37
10/29/10,2505.99,2517.5,2505.86,2507.41,2068700000,2507.41
11/1/10,2520.45,2532.37,2491.46,2504.84,1904790000,2504.84
11/2/10,2525.94,2534.88,2518.29,2533.52,1914980000,2533.52
11/3/10,2532.83,2541.42,2511.31,2540.27,1990410000,2540.27
11/4/10,2569.27,2579.62,2564.05,2577.34,2492050000,2577.34
11/5/10,2577.63,2582.18,2568.78,2578.98,2092850000,2578.98
11/8/10,2570.86,2583.3,2566.78,2580.05,1799330000,2580.05
11/9/10,2587.08,2592.94,2552.93,2562.98,2157370000,2562.98
11/10/10,2564.31,2578.78,2545.46,2578.78,1998930000,2578.78
11/11/10,2534.24,2559.99,2524.12,2555.52,2559980000,2555.52
11/12/10,2540.47,2552.24,2506.4,2518.21,2191790000,2518.21
11/15/10,2529.02,2534.56,2512.29,2513.82,1852210000,2513.82
11/16/10,2494.21,2503.29,2459.79,2469.84,2234090000,2469.84
11/17/10,2471.27,2486.16,2467.19,2476.01,1816260000,2476.01
11/18/10,2504.41,2526.83,2502.5,2514.4,2046660000,2514.4
11/19/10,2510.79,2520.94,2499.92,2518.12,1839670000,2518.12
11/22/10,2509.39,2532.02,2501.3,2532.02,1850570000,2532.02
11/23/10,2504.21,2510.09,2483.16,2494.95,1892260000,2494.95
11/24/10,2519.89,2545.41,2519.89,2543.12,1634640000,2543.12
11/26/10,2525.91,2541.49,2522.4,2534.56,623980000,2534.56
11/29/10,2522.24,2531.03,2496.83,2525.22,1683260000,2525.22
11/30/10,2497.12,2510.71,2488.61,2498.23,2317480000,2498.23
12/1/10,2535.19,2558.29,2535.19,2549.43,2109940000,2549.43
12/2/10,2553.68,2580.59,2551.82,2579.35,2038130000,2579.35
12/3/10,2569.02,2593.68,2567.88,2591.46,1810400000,2591.46
12/6/10,2591.28,2599.19,2584.09,2594.92,1617030000,2594.92
12/7/10,2623.15,2623.6,2597.45,2598.49,1906290000,2598.49
12/8/10,2604.57,2612.37,2592.89,2609.16,1763460000,2609.16
12/9/10,2623.15,2624.84,2606.24,2616.67,1924980000,2616.67
12/10/10,2623.28,2639.41,2615.42,2637.54,1736730000,2637.54
12/13/10,2645.35,2645.79,2624.56,2624.91,1835330000,2624.91
12/14/10,2631.34,2636.85,2621.05,2627.72,1853270000,2627.72
12/15/10,2625.81,2643.11,2613.15,2617.22,1863980000,2617.22
12/16/10,2620.56,2639.68,2613.72,2637.31,1735290000,2637.31
12/17/10,2643.35,2651.35,2637.08,2642.97,2421830000,2642.97
12/20/10,2651.98,2658.8,2634.56,2649.56,1707950000,2649.56
12/21/10,2658.94,2669.01,2655.95,2667.61,1647550000,2667.61
12/22/10,2669,2675.26,2666.63,2671.48,1614040000,2671.48
12/23/10,2667.42,2671.63,2661.17,2665.6,1270290000,2665.6
12/27/10,2657.09,2670.57,2645.38,2667.27,1097100000,2667.27
12/28/10,2671.85,2673.02,2658.21,2662.88,1130200000,2662.88
12/29/10,2667.18,2671.23,2664.51,2666.93,1122150000,2666.93
12/30/10,2665.68,2671.11,2661.83,2662.98,1074350000,2662.98
12/31/10,2660.58,2662.39,2649.04,2652.87,1026600000,2652.87
1/3/11,2676.65,2704.86,2676.34,2691.52,1919660000,2691.52
1/4/11,2699.86,2700.88,2663.64,2681.25,2015440000,2681.25
1/5/11,2673.91,2702.2,2671.89,2702.2,2060750000,2702.2
1/6/11,2704.38,2712.35,2697.73,2709.89,2095490000,2709.89
1/7/11,2712.75,2715.96,2676.36,2703.17,1976220000,2703.17
1/10/11,2691.47,2712.32,2682.25,2707.8,1868870000,2707.8
1/11/11,2719.6,2722.75,2706.58,2716.83,1893100000,2716.83
1/12/11,2731.45,2737.33,2722.32,2737.33,1873960000,2737.33
1/13/11,2734.93,2742.43,2727.14,2735.29,1923900000,2735.29
1/14/11,2732.48,2755.3,2729.62,2755.3,2020210000,2755.3
1/18/11,2744.8,2766.17,2744.26,2765.85,2020190000,2765.85
1/19/11,2762.81,2764.35,2717.79,2725.36,2130930000,2725.36
1/20/11,2712.4,2714.1,2686.59,2704.29,2323250000,2704.29
1/21/11,2716.92,2722.74,2688.53,2689.54,1916960000,2689.54
1/24/11,2693.03,2719.73,2687.97,2717.55,1871300000,2717.55
1/25/11,2704.25,2719.34,2697.51,2719.25,1936120000,2719.25
1/26/11,2724.52,2746.03,2717.63,2739.5,2031410000,2739.5
1/27/11,2745.16,2763.64,2740.3,2755.28,2020550000,2755.28
1/28/11,2755.28,2755.28,2679.57,2686.89,2371140000,2686.89
1/31/11,2693.3,2706.3,2676.87,2700.08,1952310000,2700.08
2/1/11,2717.61,2755.97,2716.64,2751.19,2255990000,2751.19
2/2/11,2744.68,2758.51,2743.76,2749.56,2024600000,2749.56
2/3/11,2746.74,2757.54,2725.78,2753.88,1941260000,2753.88
2/4/11,2755.85,2769.7,2747.86,2769.3,1956710000,2769.3
2/7/11,2773.26,2796.5,2772.81,2783.99,1768090000,2783.99
2/8/11,2782.41,2797.05,2776.35,2797.05,1803010000,2797.05
2/9/11,2791.13,2798.91,2780.89,2789.07,1930820000,2789.07
2/10/11,2764.76,2791.43,2762.34,2790.45,2497540000,2790.45
2/11/11,2783.16,2810.56,2778.21,2809.44,2066700000,2809.44
2/14/11,2810.19,2819.87,2808.27,2817.18,1964780000,2817.18
2/15/11,2809.02,2813.13,2798.83,2804.35,2006220000,2804.35
2/16/11,2815.09,2828.19,2811.52,2825.56,2276980000,2825.56
2/17/11,2816.12,2835.2,2815.08,2831.58,1939320000,2831.58
2/18/11,2833.35,2840.51,2823.65,2833.95,2109460000,2833.95
2/22/11,2795.44,2808.18,2752.75,2756.42,2262100000,2756.42
2/23/11,2755.2,2761.7,2705.54,2722.99,2479150000,2722.99
2/24/11,2726.59,2745.29,2707.8,2737.9,2065290000,2737.9
2/25/11,2752.16,2781.12,2751.81,2781.05,1867820000,2781.05
2/28/11,2791.28,2798.43,2767.61,2782.27,2009500000,2782.27
3/1/11,2791.08,2791.23,2730.72,2737.41,2212860000,2737.41
3/2/11,2735.05,2763.95,2734.08,2748.07,1986900000,2748.07
3/3/11,2774.48,2802.32,2774.48,2798.74,1990380000,2798.74
3/4/11,2797.64,2798.07,2768.12,2784.67,1897900000,2784.67
3/7/11,2793.19,2794.82,2724.51,2745.63,2189970000,2745.63
3/8/11,2745.23,2775.41,2729.85,2765.77,1835540000,2765.77
3/9/11,2756.34,2761.77,2737.68,2751.72,1996700000,2751.72
3/10/11,2719.29,2721.21,2695.08,2701.02,2363330000,2701.02
3/11/11,2689.65,2724.61,2689.41,2715.61,1851810000,2715.61
3/14/11,2695.66,2715.22,2682.09,2700.97,1782070000,2700.97
3/15/11,2619.4,2680.57,2618.5,2667.33,2359830000,2667.33
3/16/11,2652.92,2669.27,2603.5,2616.82,2596000000,2616.82
3/17/11,2656.08,2660.5,2634.17,2636.05,1994360000,2636.05
3/18/11,2665.54,2665.56,2639.76,2643.67,1986900000,2643.67
3/21/11,2675.47,2699.7,2674.99,2692.09,1751060000,2692.09
3/22/11,2692.13,2695.46,2679.41,2683.87,1657430000,2683.87
3/23/11,2677.56,2704.3,2660.17,2698.3,1769950000,2698.3
3/24/11,2715.88,2740.39,2703.42,2736.42,1954180000,2736.42
3/25/11,2746.34,2762.55,2740.17,2743.06,1857570000,2743.06
3/28/11,2752.33,2754.63,2730.68,2730.68,1669260000,2730.68
3/29/11,2727.83,2756.89,2720.19,2756.89,1631160000,2756.89
3/30/11,2772.36,2779.95,2763.77,2776.79,1818410000,2776.79
3/31/11,2774.23,2783.98,2769.52,2781.07,1896420000,2781.07
4/1/11,2796.67,2802.63,2779.71,2789.6,2090120000,2789.6
4/4/11,2796.26,2799.73,2778.87,2789.19,1705920000,2789.19
4/5/11,2787.78,2806.2,2785.27,2791.19,1954520000,2791.19
4/6/11,2808.11,2815.55,2786.8,2799.82,1996750000,2799.82
4/7/11,2799.59,2813.22,2781.13,2796.14,1806900000,2796.14
4/8/11,2806.29,2808.56,2771.42,2780.42,1650810000,2780.42
4/11/11,2789.49,2792.95,2760.84,2771.51,2053190000,2771.51
4/12/11,2755.89,2760.62,2737.07,2744.79,1818610000,2744.79
4/13/11,2762.69,2772.05,2744.85,2761.52,1744940000,2761.52
4/14/11,2743.12,2762.18,2733.68,2760.22,1717650000,2760.22
4/15/11,2752.87,2769.29,2743.75,2764.65,1785050000,2764.65
4/18/11,2731.22,2737.46,2706.5,2735.38,1786230000,2735.38
4/19/11,2741.35,2746.18,2727.12,2744.97,1675970000,2744.97
4/20/11,2788.84,2802.99,2785.98,2802.51,2094470000,2802.51
4/21/11,2820.77,2820.77,2808.55,2820.16,2094470000,2820.16
4/25/11,2820.28,2826.26,2813.2,2825.88,1480600000,2825.88
4/26/11,2832.48,2856.61,2829,2847.54,2057740000,2847.54
4/27/11,2853.88,2870.8,2842.61,2869.88,2071380000,2869.88
4/28/11,2862.82,2874.59,2859.62,2872.53,1983630000,2872.53
4/29/11,2869.74,2876.83,2863.04,2873.54,2455650000,2873.54
5/2/11,2881.28,2887.75,2859.84,2864.08,2062630000,2864.08
5/3/11,2859.3,2861.95,2825.5,2841.62,2214380000,2841.62
5/4/11,2842.92,2848.16,2808.79,2828.23,2209580000,2828.23
5/5/11,2812.84,2845.85,2804.82,2814.72,2227690000,2814.72
5/6/11,2840.71,2859.25,2818.65,2827.56,2043740000,2827.56
5/9/11,2828.24,2850.39,2823.67,2843.25,1649110000,2843.25
5/10/11,2851.91,2873.64,2850.01,2871.89,2018000000,2871.89
5/11/11,2867.16,2874.61,2829.68,2845.06,2258770000,2845.06
5/12/11,2833.67,2865.86,2819.37,2863.04,2209650000,2863.04
5/13/11,2859.7,2861.51,2827.51,2828.47,1917050000,2828.47
5/16/11,2815.9,2828.14,2779.54,2782.31,2066020000,2782.31
5/17/11,2769.17,2783.61,2759.29,2783.21,2220440000,2783.21
5/18/11,2782.65,2817.15,2780.83,2815,1875150000,2815
5/19/11,2824.05,2828.41,2805.12,2823.31,1753390000,2823.31
5/20/11,2815.96,2821.44,2796.27,2803.32,1780140000,2803.32
5/23/11,2761.96,2770.51,2750.64,2758.9,1795680000,2758.9
5/24/11,2766.7,2767.5,2744.01,2746.16,1875370000,2746.16
5/25/11,2739.99,2771.38,2739.85,2761.38,1894510000,2761.38
5/26/11,2756.31,2787.33,2756.06,2782.92,1904400000,2782.92
5/27/11,2789.02,2801.15,2788.29,2796.86,1641320000,2796.86
5/31/11,2824.25,2835.34,2808.6,2835.3,2450090000,2835.3
6/1/11,2829.39,2834.05,2767.63,2769.19,2254850000,2769.19
6/2/11,2773.76,2784.57,2759.17,2773.31,1919030000,2773.31
6/3/11,2740.49,2762.56,2730.63,2732.78,1936400000,2732.78
6/6/11,2728.31,2736.66,2702.2,2702.56,1878150000,2702.56
6/7/11,2712.79,2723.32,2701.17,2701.56,1847300000,2701.56
6/8/11,2693.69,2698.08,2671.09,2675.38,2089320000,2675.38
6/9/11,2678.52,2696.69,2670.02,2684.87,1704960000,2684.87
6/10/11,2675.1,2676.72,2641.64,2643.73,1972000000,2643.73
6/13/11,2649.3,2657.77,2629.61,2639.69,1847050000,2639.69
6/14/11,2662.73,2685.65,2662.73,2678.72,1701300000,2678.72
6/15/11,2653.17,2669.75,2625.86,2631.46,1982430000,2631.46
6/16/11,2631.98,2642.65,2599.86,2623.7,1958250000,2623.7
6/17/11,2646.29,2648.54,2608.99,2616.48,2393690000,2616.48
6/20/11,2608.05,2636.55,2607.74,2629.66,1625850000,2629.66
6/21/11,2640.33,2688.5,2634.04,2687.26,1882490000,2687.26
6/22/11,2677.18,2693.23,2668.35,2669.19,1617370000,2669.19
6/23/11,2638.6,2688.07,2627.47,2686.75,2060450000,2686.75
6/24/11,2681.1,2682.41,2647.46,2652.89,2842870000,2652.89
6/27/11,2653.07,2697.34,2647.55,2688.28,1710740000,2688.28
6/28/11,2694.26,2729.94,2692.45,2729.31,1682590000,2729.31
6/29/11,2736.76,2746.62,2722.26,2740.49,1804490000,2740.49
6/30/11,2749.37,2776.56,2749.11,2773.52,1859130000,2773.52
7/1/11,2775.08,2818.19,2769.06,2816.03,1646380000,2816.03
7/5/11,2817.87,2828.53,2810,2825.77,1556620000,2825.77
7/6/11,2821.42,2838.85,2812.8,2834.02,1639490000,2834.02
7/7/11,2856.25,2878.94,2853.9,2872.66,1873710000,2872.66
7/8/11,2841.29,2860.02,2831.16,2859.81,1612120000,2859.81
7/11/11,2828.1,2841.12,2795.54,2802.62,1765920000,2802.62
7/12/11,2798.75,2807.57,2780.16,2781.91,2015410000,2781.91
7/13/11,2800.88,2825.86,2789.57,2796.92,1885510000,2796.92
7/14/11,2804.82,2817.38,2755.9,2762.67,1946500000,2762.67
7/15/11,2787.33,2790.16,2768.28,2789.8,1804380000,2789.8
7/18/11,2777.61,2783.76,2743.79,2765.11,1752220000,2765.11
7/19/11,2790.98,2828.65,2790.98,2826.52,1882760000,2826.52
7/20/11,2839.39,2839.65,2808.18,2814.23,1863670000,2814.23
7/21/11,2818.79,2847.41,2807.71,2834.43,2284150000,2834.43
7/22/11,2834.46,2862.72,2830.58,2858.83,1665220000,2858.83
7/25/11,2832.11,2859.4,2828.91,2842.8,1613240000,2842.8
7/26/11,2842.74,2851.72,2832.27,2839.96,1739980000,2839.96
7/27/11,2823.62,2823.86,2761,2764.79,2367470000,2764.79
7/28/11,2765.61,2800.11,2757.85,2766.25,2067020000,2766.25
7/29/11,2736.67,2780.58,2724.99,2756.38,2301210000,2756.38
8/1/11,2791.45,2796.24,2716.3,2744.61,2209790000,2744.61
8/2/11,2728.29,2745.87,2668.68,2669.24,2377250000,2669.24
8/3/11,2673.97,2695.37,2621.67,2693.07,2601310000,2693.07
8/4/11,2648.38,2653.79,2556.38,2556.39,3272990000,2556.39
8/5/11,2580.3,2592.04,2464.87,2532.41,3750150000,2532.41
8/8/11,2447.3,2489.39,2357.69,2357.69,3987990000,2357.69
8/9/11,2402.13,2483.66,2331.65,2482.52,3803050000,2482.52
8/10/11,2425.55,2461.28,2378.08,2381.05,3397010000,2381.05
8/11/11,2415.54,2516.39,2399.56,2492.68,3134140000,2492.68
8/12/11,2507.01,2524.09,2481.5,2507.98,2232470000,2507.98
8/15/11,2522.04,2555.2,2514.52,2555.2,1945850000,2555.2
8/16/11,2526.48,2546.74,2494.55,2523.45,2074370000,2523.45
8/17/11,2527.79,2549.11,2488.09,2511.48,1913320000,2511.48
8/18/11,2436.38,2437.01,2362.97,2380.43,2775580000,2380.43
8/19/11,2353.32,2415.18,2338.66,2341.84,2385300000,2341.84
8/22/11,2396.88,2397.34,2337.28,2345.38,1957230000,2345.38
8/23/11,2360.95,2446.06,2349.08,2446.06,2147270000,2446.06
8/24/11,2437.48,2470.8,2420.48,2467.69,1888640000,2467.69
8/25/11,2470.96,2482.9,2415.24,2419.63,1789230000,2419.63
8/26/11,2408.79,2486.04,2385.27,2479.85,1852130000,2479.85
8/29/11,2510.99,2562.58,2510.13,2562.11,1615510000,2562.11
8/30/11,2547.07,2589.53,2534.68,2576.11,1871800000,2576.11
8/31/11,2589.75,2611.58,2557.74,2579.46,1995490000,2579.46
9/1/11,2583.34,2604.5,2543.56,2546.04,1742440000,2546.04
9/2/11,2497.28,2512.78,2469.35,2480.33,1571530000,2480.33
9/6/11,2417.61,2477.77,2414.31,2473.83,1737170000,2473.83
9/7/11,2511.5,2548.94,2507.52,2548.94,1791480000,2548.94
9/8/11,2533.81,2568.45,2520.8,2529.14,1979990000,2529.14
9/9/11,2508.12,2518.4,2452.93,2467.99,2054190000,2467.99
9/12/11,2442.86,2495.36,2438.4,2495.09,1980350000,2495.09
9/13/11,2502.59,2537.4,2494.07,2532.15,1931390000,2532.15
9/14/11,2548.45,2600.78,2519.8,2572.55,2323770000,2572.55
9/15/11,2595.45,2608.95,2569.78,2607.07,1967730000,2607.07
9/16/11,2607.12,2627.28,2600.96,2622.31,2703730000,2622.31
9/19/11,2584.35,2627.34,2564.46,2612.83,1891770000,2612.83
9/20/11,2623.89,2643.37,2589.52,2590.24,1914990000,2590.24
9/21/11,2601.06,2613.29,2537.46,2538.19,2172030000,2538.19
9/22/11,2466.06,2494.31,2420.23,2455.67,2919330000,2455.67
9/23/11,2438.63,2490.72,2438.28,2483.23,1975200000,2483.23
9/26/11,2496.98,2518.91,2446.12,2516.69,1982710000,2516.69
9/27/11,2560.78,2590.94,2532.65,2546.83,2095620000,2546.83
9/28/11,2557.86,2569.79,2491.07,2491.58,1929310000,2491.58
9/29/11,2535.52,2538.97,2433.58,2480.76,2290370000,2480.76
9/30/11,2444.77,2468.98,2415.07,2415.4,2041370000,2415.4
10/3/11,2401.19,2430.88,2335.23,2335.83,2547690000,2335.83
10/4/11,2312.68,2406.67,2298.89,2404.82,3040940000,2404.82
10/5/11,2398.37,2466.5,2380.96,2460.51,2472400000,2460.51
10/6/11,2459.05,2507.44,2446.72,2506.82,2249140000,2506.82
10/7/11,2509.61,2512.14,2468.6,2479.35,2084900000,2479.35
10/10/11,2522.72,2566.05,2519.78,2566.05,1574750000,2566.05
10/11/11,2554.7,2587.28,2551.94,2583.03,1661400000,2583.03
10/12/11,2606.61,2629.49,2602.31,2604.73,1967190000,2604.73
10/13/11,2595.05,2625.22,2588.71,2620.24,1675220000,2620.24
10/14/11,2655.23,2667.85,2636,2667.85,1664350000,2667.85
10/17/11,2653.32,2658.25,2606.91,2614.92,1675210000,2614.92
10/18/11,2614.05,2667.57,2586.31,2657.43,1931690000,2657.43
10/19/11,2642.89,2651.88,2597.77,2604.04,1980180000,2604.04
10/20/11,2605.42,2606.39,2557.17,2598.62,2040180000,2598.62
10/21/11,2630.3,2646.92,2611.11,2637.46,2019950000,2637.46
10/24/11,2644.83,2703.07,2643.94,2699.44,1884450000,2699.44
10/25/11,2685.86,2685.88,2633.94,2638.42,1777770000,2638.42
10/26/11,2660.42,2666.29,2598.74,2650.67,2118650000,2650.67
10/27/11,2720.59,2753.37,2694.27,2738.63,2810680000,2738.63
10/28/11,2724.03,2742.27,2723.03,2737.15,1838530000,2737.15
10/31/11,2705.89,2716.7,2684.13,2684.41,1772560000,2684.41
11/1/11,2607.31,2638.6,2597.16,2606.96,2294220000,2606.96
11/2/11,2637.56,2648.46,2613.74,2639.98,1921790000,2639.98
11/3/11,2666.21,2699.84,2628.22,2697.97,2106240000,2697.97
11/4/11,2678.16,2693.67,2655.12,2686.15,1930750000,2686.15
11/7/11,2683.38,2697.02,2649.06,2695.25,1712700000,2695.25
11/8/11,2712.08,2730.39,2680.93,2727.49,1850270000,2727.49
11/9/11,2662.56,2672.34,2617.93,2621.65,2144160000,2621.65
11/10/11,2652.01,2652.4,2601.79,2625.15,1892390000,2625.15
11/11/11,2653.53,2684.67,2649.85,2678.75,1602640000,2678.75
11/14/11,2671.11,2682.13,2647.48,2657.22,1401710000,2657.22
11/15/11,2647.91,2695.87,2644,2686.2,1706960000,2686.2
11/16/11,2661.09,2688.86,2637.91,2639.61,1950030000,2639.61
11/17/11,2637.37,2637.48,2576.22,2587.99,2197320000,2587.99
11/18/11,2595.02,2595.84,2567.15,2572.5,1755360000,2572.5
11/21/11,2535.34,2539.87,2500.89,2523.14,2048520000,2523.14
11/22/11,2517.64,2534.4,2499.19,2521.28,1792060000,2521.28
11/23/11,2501.18,2503.38,2460.08,2460.08,1707770000,2460.08
11/25/11,2453.03,2477.03,2441.48,2441.51,691750000,2441.51
11/28/11,2509.63,2531.32,2507.72,2527.34,1626060000,2527.34
11/29/11,2529.11,2542.46,2508.27,2515.51,1623550000,2515.51
11/30/11,2586.39,2620.34,2582.49,2620.34,2440960000,2620.34
12/1/11,2615.67,2636.08,2611.48,2626.2,1826860000,2626.2
12/2/11,2650.8,2659.23,2625.07,2626.93,1662730000,2626.93
12/5/11,2666.47,2674.53,2641.59,2655.76,1686660000,2655.76
12/6/11,2655.02,2663.63,2639.18,2649.56,1491130000,2649.56
12/7/11,2638.61,2660.24,2612.8,2649.21,1658010000,2649.21
12/8/11,2633.3,2645.92,2592.55,2596.38,1845640000,2596.38
12/9/11,2603.18,2653.46,2603.18,2646.85,1664710000,2646.85
12/12/11,2617.32,2617.32,2591.42,2612.26,1572600000,2612.26
12/13/11,2629.67,2639.74,2568.44,2579.27,1752320000,2579.27
12/14/11,2566.21,2568.44,2525.88,2539.31,1793960000,2539.31
12/15/11,2565.93,2565.94,2536.58,2541.01,1748400000,2541.01
12/16/11,2554.62,2585.42,2548,2555.33,2664690000,2555.33
12/19/11,2564.07,2570.65,2518.01,2523.14,1560110000,2523.14
12/20/11,2567.25,2604.52,2566.87,2603.73,1835720000,2603.73
12/21/11,2589.77,2590.61,2544.66,2577.97,1853710000,2577.97
12/22/11,2584.33,2601.99,2581.92,2599.45,1515610000,2599.45
12/23/11,2607.43,2618.84,2599.89,2618.64,960940000,2618.64
12/27/11,2613.51,2633.34,2610.77,2625.2,945590000,2625.2
12/28/11,2626.19,2626.34,2586.85,2589.98,1069930000,2589.98
12/29/11,2596.33,2614.87,2593.04,2613.74,1011380000,2613.74
12/30/11,2610.23,2616.46,2604.6,2605.15,1056790000,2605.15
1/3/12,2657.39,2665.9,2641.98,2648.72,1636850000,2648.72
1/4/12,2639.9,2653.18,2627.23,2648.36,1670530000,2648.36
1/5/12,2642.57,2673.56,2631.23,2669.86,1836410000,2669.86
1/6/12,2671.17,2682.12,2658.83,2674.22,1683090000,2674.22
1/9/12,2682.98,2683.78,2662.96,2676.56,1768080000,2676.56
1/10/12,2704.42,2712.5,2694.33,2702.5,1809500000,2702.5
1/11/12,2695.77,2714.29,2690.73,2710.76,1699660000,2710.76
1/12/12,2716.87,2726.43,2697.32,2724.7,1669550000,2724.7
1/13/12,2707.41,2712.93,2689.58,2710.67,1655960000,2710.67
1/17/12,2736.34,2742.73,2721.03,2728.08,1664210000,2728.08
1/18/12,2731.16,2769.71,2730.05,2769.71,1968940000,2769.71
1/19/12,2779.74,2793.35,2777.17,2788.33,1959950000,2788.33
1/20/12,2776.04,2787.2,2775.87,2786.7,1949660000,2786.7
1/23/12,2786.21,2804.99,2769.82,2784.17,1652940000,2784.17
1/24/12,2771.58,2788.38,2766.34,2786.64,1620690000,2786.64
1/25/12,2803.23,2822.79,2788.95,2818.31,1918040000,2818.31
1/26/12,2828.78,2834.3,2794.78,2805.28,1998970000,2805.28
1/27/12,2797.66,2821.55,2797.24,2816.55,1707350000,2816.55
1/30/12,2790.4,2816.85,2782.44,2811.94,1668970000,2811.94
1/31/12,2825.76,2830.45,2798.77,2813.84,1786550000,2813.84
2/1/12,2830.1,2855.73,2825.19,2848.27,2125720000,2848.27
2/2/12,2854.1,2868.23,2849.4,2859.68,1913430000,2859.68
2/3/12,2888.95,2908.13,2885.84,2905.66,2152890000,2905.66
2/6/12,2892.52,2903.03,2887.33,2901.99,1684490000,2901.99
2/7/12,2895.91,2910.27,2885.17,2904.08,1784580000,2904.08
2/8/12,2906.59,2918.26,2892.71,2915.86,1981150000,2915.86
2/9/12,2922.46,2930.68,2904.51,2927.23,2153090000,2927.23
2/10/12,2902,2910.98,2895.1,2903.88,1787640000,2903.88
2/13/12,2926.21,2933.93,2913.89,2931.39,1619980000,2931.39
2/14/12,2921.7,2932.08,2911.6,2931.83,1881630000,2931.83
2/15/12,2943.42,2958.19,2911.33,2915.83,2038980000,2915.83
2/16/12,2915.67,2961.38,2912.72,2959.85,1945230000,2959.85
2/17/12,2958.22,2962.78,2941.55,2951.78,1973900000,2951.78
2/21/12,2957.3,2965.05,2934.07,2948.57,1821540000,2948.57
2/22/12,2942.77,2950.37,2929.68,2933.17,1706310000,2933.17
2/23/12,2933.16,2958.42,2922.96,2956.98,1768390000,2956.98
2/24/12,2963.13,2970.88,2958.82,2963.75,1643180000,2963.75
2/27/12,2945.87,2976.08,2933.3,2966.16,1763650000,2966.16
2/28/12,2969.25,2988.59,2966.61,2986.76,1812490000,2986.76
2/29/12,2991.67,3000.11,2961.77,2966.89,2170190000,2966.89
3/1/12,2979.11,2996.37,2974.59,2988.97,1903690000,2988.97
3/2/12,2986.08,2995.97,2968,2976.19,1755130000,2976.19
3/5/12,2969.73,2973.93,2940.52,2950.48,1679030000,2950.48
3/6/12,2917.52,2921.77,2900.28,2910.32,1870720000,2910.32
3/7/12,2922.57,2940.28,2920.54,2935.69,1589360000,2935.69
3/8/12,2954.4,2976.05,2945.73,2970.42,1619740000,2970.42
3/9/12,2975.09,2993.98,2973.96,2988.34,1580560000,2988.34
3/12/12,2989.05,2994.1,2973.65,2983.66,1341660000,2983.66
3/13/12,3003.71,3039.89,2996.46,3039.88,1709900000,3039.88
3/14/12,3042.21,3051.37,3024.73,3040.73,1662300000,3040.73
3/15/12,3048.58,3059.81,3037.82,3056.37,1677540000,3056.37
3/16/12,3058.49,3060.82,3047.69,3055.26,2088610000,3055.26
3/19/12,3057.24,3087.1,3050.89,3078.32,1548400000,3078.32
3/20/12,3060.93,3078.72,3050.82,3074.15,1508580000,3074.15
3/21/12,3077.44,3090.08,3069.09,3075.32,1552400000,3075.32
3/22/12,3055,3068.5,3050.7,3063.32,1524800000,3063.32
3/23/12,3066.37,3070.93,3044.67,3067.92,1428940000,3067.92
3/26/12,3090.52,3122.57,3090.05,3122.57,1627520000,3122.57
3/27/12,3124.06,3134.17,3119.03,3120.35,1662460000,3120.35
3/28/12,3123.84,3130.56,3086.93,3104.96,1765680000,3104.96
3/29/12,3087.25,3099.8,3069.81,3095.36,1756160000,3095.36
3/30/12,3110.97,3111.55,3079.05,3091.57,1833130000,3091.57
4/2/12,3085.94,3123.03,3079.78,3119.7,1768210000,3119.7
4/3/12,3119.65,3128.25,3097.41,3113.57,1804950000,3113.57
4/4/12,3085.46,3086.35,3052.58,3068.09,1813150000,3068.09
4/5/12,3061.75,3083.38,3061.14,3080.5,1548040000,3080.5
4/9/12,3037.28,3058.76,3032.22,3047.08,1371140000,3047.08
4/10/12,3044.67,3055.2,2987,2991.22,1953600000,2991.22
4/11/12,3020.15,3030.51,3008.75,3016.46,1540890000,3016.46
4/12/12,3023.11,3059.26,3020.44,3055.55,1480340000,3055.55
4/13/12,3045.08,3045.42,3010.77,3011.33,1483850000,3011.33
4/16/12,3027.57,3027.57,2975.87,2988.4,1594320000,2988.4
4/17/12,3002.02,3052.76,2999.49,3042.82,1555070000,3042.82
4/18/12,3031.82,3045.04,3023.91,3031.45,1599470000,3031.45
4/19/12,3028.2,3058.72,2994.94,3007.56,1991120000,3007.56
4/20/12,3023.73,3034.69,2999.01,3000.45,1935880000,3000.45
4/23/12,2969,2973.38,2946.04,2970.45,1767360000,2970.45
4/24/12,2967.37,2979.08,2950.38,2961.6,1690840000,2961.6
4/25/12,3013.65,3031.41,3010.57,3029.63,1721330000,3029.63
4/26/12,3029.62,3056.77,3027.79,3050.61,1763510000,3050.61
4/27/12,3060.34,3076.44,3043.3,3069.2,1777750000,3069.2
4/30/12,3060.06,3063.66,3043.25,3046.36,1633170000,3046.36
5/1/12,3044.79,3085.4,3041.62,3050.44,1854230000,3050.44
5/2/12,3035.07,3061.47,3028.94,3059.85,1825190000,3059.85
5/3/12,3061.13,3061.38,3016.2,3024.3,1869130000,3024.3
5/4/12,3001.15,3001.48,2956.34,2956.34,1944010000,2956.34
5/7/12,2940.41,2970.2,2939.21,2957.76,1740430000,2957.76
5/8/12,2939.36,2952.65,2900.06,2946.27,2175840000,2946.27
5/9/12,2912.41,2948.77,2900.18,2934.71,2047090000,2934.71
5/10/12,2950.21,2950.21,2923.14,2933.64,2004150000,2933.64
5/11/12,2919.35,2960.38,2918.74,2933.82,1735380000,2933.82
5/14/12,2907.78,2924.89,2898.9,2902.58,1683460000,2902.58
5/15/12,2902.3,2930.68,2889.39,2893.76,1826210000,2893.76
5/16/12,2904.67,2913.9,2872.25,2874.04,1933900000,2874.04
5/17/12,2874.71,2879.22,2813.69,2813.69,2016980000,2813.69
5/18/12,2814.43,2827.28,2774.45,2778.79,2692450000,2778.79
5/21/12,2782.55,2848.83,2774.76,2847.21,1870420000,2847.21
5/22/12,2853.87,2867.34,2823.22,2839.08,1861850000,2839.08
5/23/12,2832.17,2855.35,2795.5,2850.12,1929640000,2850.12
5/24/12,2856.55,2858.24,2817.62,2839.38,1750290000,2839.38
5/25/12,2839.74,2846.31,2829.76,2837.53,1282680000,2837.53
5/29/12,2853.27,2882.83,2846.68,2870.99,221430000,2870.99
5/30/12,2847.27,2847.27,2825.64,2837.36,1671040000,2837.36
5/31/12,2837.37,2842.43,2801.96,2827.34,2180130000,2827.34
6/1/12,2810.13,2810.13,2747.24,2747.48,1966370000,2747.48
6/4/12,2747.61,2769.93,2726.68,2760.01,1755750000,2760.01
6/5/12,2749.35,2781.97,2749.34,2778.11,1625600000,2778.11
6/6/12,2796.23,2844.72,2796.23,2844.72,1761050000,2844.72
6/7/12,2872.05,2873.59,2827.82,2831.02,1655370000,2831.02
6/8/12,2823.82,2860.94,2814.8,2858.42,1390260000,2858.42
6/11/12,2882.49,2882.96,2806.9,2809.73,1480220000,2809.73
6/12/12,2815.84,2843.67,2802.38,2843.07,1594310000,2843.07
6/13/12,2838.12,2853.17,2810.59,2818.61,1602080000,2818.61
6/14/12,2820.63,2842.31,2807.55,2836.33,1633370000,2836.33
6/15/12,2839.4,2874.38,2837.94,2872.8,2020100000,2872.8
6/18/12,2872.49,2903.03,2853.86,2895.33,1586190000,2895.33
6/19/12,2909.87,2940.23,2908.45,2929.76,1835480000,2929.76
6/20/12,2932.96,2942.28,2910,2930.45,1563080000,2930.45
6/21/12,2929.15,2930.93,2857.1,2859.09,1822200000,2859.09
6/22/12,2866.17,2894.35,2863.93,2892.42,3544010000,2892.42
6/25/12,2863.89,2863.89,2829.23,2836.16,1514430000,2836.16
6/26/12,2845.4,2862.15,2832.02,2854.06,1623160000,2854.06
6/27/12,2862.13,2882.4,2860.13,2875.32,1668580000,2875.32
6/28/12,2853.89,2855.74,2818.19,2849.49,1795850000,2849.49
6/29/12,2902.44,2935.13,2895.6,2935.05,2021190000,2935.05
7/2/12,2938.41,2951.23,2925.71,2951.23,1845240000,2951.23
7/3/12,2950.81,2976.08,2948.4,2976.08,1009330000,2976.08
7/5/12,2970.37,2987.94,2958.3,2976.12,1423990000,2976.12
7/6/12,2955.2,2957.5,2921.37,2937.33,1437420000,2937.33
7/9/12,2934.49,2942.99,2919.04,2931.77,1455500000,2931.77
7/10/12,2945.35,2953.47,2891.42,2902.33,1725730000,2902.33
7/11/12,2898.77,2905.51,2866.53,2887.98,1635120000,2887.98
7/12/12,2867.08,2876.32,2837.72,2866.19,1719460000,2866.19
7/13/12,2874.06,2913.28,2873.39,2908.47,1373620000,2908.47
7/16/12,2903.03,2910.2,2888.01,2896.94,1414470000,2896.94
7/17/12,2911.46,2916.61,2871.65,2910.04,1774160000,2910.04
7/18/12,2904.24,2951.3,2902.95,2942.6,1817040000,2942.6
7/19/12,2961.71,2976.22,2952.42,2965.9,1735920000,2965.9
7/20/12,2957.02,2957.02,2925.3,2925.3,1810420000,2925.3
7/23/12,2877.51,2898.05,2852.88,2890.15,1607140000,2890.15
7/24/12,2894.95,2896.56,2847.22,2862.99,1748410000,2862.99
7/25/12,2856.78,2870.22,2839.76,2854.24,1784150000,2854.24
7/26/12,2896.68,2905.57,2876.01,2893.25,1981520000,2893.25
7/27/12,2906.5,2961.87,2900.98,2958.09,2102610000,2958.09
7/30/12,2959.07,2970.3,2939.04,2945.84,1483990000,2945.84
7/31/12,2945.08,2959.62,2938.41,2939.52,1801440000,2939.52
8/1/12,2956.72,2958.28,2917.78,2920.21,1722530000,2920.21
8/2/12,2900.46,2934.65,2890.85,2909.77,1822620000,2909.77
8/3/12,2951.28,2977.41,2945.81,2967.9,1730210000,2967.9
8/6/12,2978.16,3000.24,2974.23,2989.91,1528260000,2989.91
8/7/12,3002.66,3028.61,3002.09,3015.86,1899240000,3015.86
8/8/12,3003.77,3018.9,3002.41,3011.25,1874580000,3011.25
8/9/12,3009.86,3022.69,3007.3,3018.64,1677970000,3018.64
8/10/12,3008.83,3020.86,3003.38,3020.86,1556460000,3020.86
8/13/12,3018.27,3023.03,2999.12,3022.52,1353380000,3022.52
8/14/12,3032.67,3034.16,3009.93,3016.98,1567830000,3016.98
8/15/12,3013.33,3032.06,3013.33,3030.93,1536730000,3030.93
8/16/12,3037.18,3067.44,3033.28,3062.39,1937430000,3062.39
8/17/12,3067.11,3076.72,3060.15,3076.59,1640640000,3076.59
8/20/12,3072.66,3076.21,3059.9,3076.21,1451550000,3076.21
8/21/12,3085.25,3100.54,3058.74,3067.26,1574220000,3067.26
8/22/12,3059.94,3080.73,3053.43,3073.67,1459130000,3073.67
8/23/12,3065.82,3070.34,3045.52,3053.4,1383860000,3053.4
8/24/12,3045.22,3076.8,3042.22,3069.79,1349740000,3069.79
8/27/12,3083.62,3085.81,3068.13,3073.19,1383530000,3073.19
8/28/12,3069.4,3083.19,3063.65,3077.14,1364740000,3077.14
8/29/12,3078.05,3087.24,3067.62,3081.19,1282900000,3081.19
8/30/12,3066.73,3067.54,3045.92,3048.71,1216640000,3048.71
8/31/12,3069.64,3078.52,3040.59,3066.96,1394760000,3066.96
9/4/12,3063.25,3082.26,3040.24,3075.06,1505960000,3075.06
9/5/12,3072.58,3082.75,3062.54,3069.27,1495030000,3069.27
9/6/12,3087.94,3135.81,3087.67,3135.81,1918900000,3135.81
9/7/12,3133.22,3139.61,3128.17,3136.42,1740640000,3136.42
9/10/12,3131.34,3133.89,3102.76,3104.02,1575370000,3104.02
9/11/12,3105.02,3117.86,3099.1,3104.53,1586250000,3104.53
9/12/12,3115.33,3120.12,3098.82,3114.31,1689140000,3114.31
9/13/12,3117.66,3167.63,3112.62,3155.83,1870050000,3155.83
9/14/12,3166.24,3195.67,3164.26,3183.95,1984720000,3183.95
9/17/12,3183.4,3183.4,3168.63,3178.67,1485390000,3178.67
9/18/12,3173.62,3179.37,3169.41,3177.8,1707200000,3177.8
9/19/12,3179.04,3189.35,3170.29,3182.62,1850920000,3182.62
9/20/12,3166.84,3178.45,3156.46,3175.96,1809130000,3175.96
9/21/12,3194.86,3196.93,3178.09,3179.96,2526250000,3179.96
9/24/12,3155.35,3167.74,3150.71,3160.78,1704860000,3160.78
9/25/12,3170.37,3176.3,3117.73,3117.73,1975470000,3117.73
9/26/12,3113.4,3114.54,3080.28,3093.7,1738010000,3093.7
9/27/12,3105.87,3142.02,3098.46,3136.6,1691800000,3136.6
9/28/12,3125.31,3132.51,3109.91,3116.23,1864640000,3116.23
10/1/12,3130.31,3146.99,3103.89,3113.53,1758170000,3113.53
10/2/12,3127.73,3131.64,3101.64,3120.04,1609570000,3120.04
10/3/12,3130.85,3142.36,3115.04,3135.23,1704050000,3135.23
10/4/12,3142.38,3153.48,3132.56,3149.46,1585190000,3149.46
10/5/12,3161.21,3171.46,3130.76,3136.19,1607940000,3136.19
10/8/12,3121.33,3125.49,3107.57,3112.35,1186260000,3112.35
10/9/12,3108.01,3108.01,3062.52,3065.02,1645740000,3065.02
10/10/12,3066.25,3071.57,3046.78,3051.78,1788970000,3051.78
10/11/12,3075.89,3078.08,3047.14,3049.41,1595020000,3049.41
10/12/12,3049.08,3061.77,3039.58,3044.11,1524840000,3044.11
10/15/12,3053.21,3066.31,3037.27,3064.18,1563440000,3064.18
10/16/12,3073.21,3102.97,3070.25,3101.17,1736930000,3101.17
10/17/12,3091.38,3112.45,3088.05,3104.12,1770920000,3104.12
10/18/12,3097.77,3102.56,3065.24,3072.87,2043290000,3072.87
10/19/12,3066.56,3066.56,3000.27,3005.62,2225580000,3005.62
10/22/12,3005.92,3020.61,2995.78,3016.96,1654130000,3016.96
10/23/12,2989.44,3006.59,2974.07,2990.46,1830840000,2990.46
10/24/12,3011.82,3012.95,2978.73,2981.7,1967000000,2981.7
10/25/12,3005.04,3007.71,2975.98,2986.12,1922660000,2986.12
10/26/12,2986.05,2999.14,2961.16,2987.95,1839700000,2987.95
10/31/12,2986.85,2989.7,2964.94,2977.23,1806780000,2977.23
11/1/12,2987.54,3021.94,2984.22,3020.06,1880140000,3020.06
11/2/12,3033.85,3033.85,2981.69,2982.13,1834590000,2982.13
11/5/12,2983.03,3004.87,2975.85,2999.66,1496210000,2999.66
11/6/12,3003.71,3024.44,2998.93,3011.93,1782430000,3011.93
11/7/12,2976.46,2977.81,2926.79,2937.29,2059690000,2937.29
11/8/12,2942.09,2949.7,2895.58,2895.58,1876420000,2895.58
11/9/12,2892.57,2931.11,2889.81,2904.87,1802580000,2904.87
11/12/12,2916.38,2920.01,2896.55,2904.25,1379240000,2904.25
11/13/12,2880.77,2909,2877.06,2883.89,1816260000,2883.89
11/14/12,2896.81,2900.1,2842.86,2846.81,2106590000,2846.81
11/15/12,2847.84,2855.64,2826.75,2836.94,2010300000,2836.94
11/16/12,2838.9,2859.57,2810.8,2853.13,2187730000,2853.13
11/19/12,2886,2916.07,2884.75,2916.07,1767240000,2916.07
11/20/12,2910.73,2919.96,2893.38,2916.68,1588750000,2916.68
11/21/12,2919.14,2928.17,2912.42,2926.55,1430060000,2926.55
11/23/12,2943.62,2967.19,2940.68,2966.85,792750000,2966.85
11/26/12,2961.02,2976.93,2951.73,2976.78,1641710000,2976.78
11/27/12,2974.56,2985.32,2965.13,2967.79,1763320000,2967.79
11/28/12,2952.02,2992.17,2935.88,2991.78,1725550000,2991.78
11/29/12,3005.41,3017.18,2996.3,3012.03,1758440000,3012.03
11/30/12,3013.25,3014.25,2999.72,3010.24,2194240000,3010.24
12/3/12,3029.21,3030.28,2999.57,3002.2,1667330000,3002.2
12/4/12,3000.44,3002.9,2980.93,2996.69,1781760000,2996.69
12/5/12,2993.2,2994.73,2958.26,2973.7,1800820000,2973.7
12/6/12,2967.99,2996.53,2962.02,2989.27,1713460000,2989.27
12/7/12,2999.69,3003.27,2968.82,2978.04,1613570000,2978.04
12/10/12,2973.19,2997.64,2971.56,2986.96,1528430000,2986.96
12/11/12,3005.43,3033.14,3003.82,3022.3,1921860000,3022.3
12/12/12,3033.93,3035.19,3008.49,3013.81,1756220000,3013.81
12/13/12,3007.83,3026.51,2982.63,2992.16,1833990000,2992.16
12/14/12,2976.95,2985.33,2963.8,2971.33,1786980000,2971.33
12/17/12,2975.5,3011.22,2973.54,3010.6,1911420000,3010.6
12/18/12,3020.82,3056.65,3016.4,3054.53,2022130000,3054.53
12/19/12,3059.03,3061.82,3044.36,3044.36,1933270000,3044.36
12/20/12,3050.3,3053.53,3034.15,3050.39,1691190000,3050.39
12/21/12,2998.6,3022.19,2995.13,3021.01,2843090000,3021.01
12/24/12,3013.89,3016.18,3008.53,3012.6,614230000,3012.6
12/26/12,3013.13,3018.65,2983.35,2990.16,1059190000,2990.16
12/27/12,2989.87,2993.66,2951.04,2985.91,1342790000,2985.91
12/28/12,2965.12,2985.47,2959.37,2960.31,1143530000,2960.31
12/31/12,2955.45,3021.41,2953.52,3019.51,1557230000,3019.51
1/2/13,3091.33,3112.65,3083.49,3112.26,2111300000,3112.26
1/3/13,3108.49,3118.18,3092.28,3100.57,1769420000,3100.57
1/4/13,3100.88,3108.44,3090.81,3101.66,1745140000,3101.66
1/7/13,3089.17,3102.35,3083.88,3098.81,1702540000,3098.81
1/8/13,3098.46,3103.39,3076.6,3091.81,1744380000,3091.81
1/9/13,3099.65,3111.22,3096.34,3105.81,1732510000,3105.81
1/10/13,3125.64,3127.72,3098.47,3121.76,1754240000,3121.76
1/11/13,3122.12,3126.59,3114.1,3125.64,1772600000,3125.64
1/14/13,3113.65,3123.48,3104.08,3117.5,1876050000,3117.5
1/15/13,3101.06,3112.29,3093.32,3110.78,1852870000,3110.78
1/16/13,3110.72,3124.65,3106.79,3117.54,1692380000,3117.54
1/17/13,3130.49,3144.05,3125.79,3136,1766510000,3136
1/18/13,3127.91,3134.73,3119.2,3134.71,1860070000,3134.71
1/22/13,3135.63,3143.18,3121.54,3143.18,1790730000,3143.18
1/23/13,3155.82,3161.06,3149.74,3153.67,1698190000,3153.67
1/24/13,3125.67,3153.56,3124.45,3130.38,2046990000,3130.38
1/25/13,3140.65,3156.2,3135.86,3149.71,1920250000,3149.71
1/28/13,3152.17,3161.83,3144.89,3154.3,1935590000,3154.3
1/29/13,3149.62,3156.94,3133.11,3153.66,2050670000,3153.66
1/30/13,3157.43,3164.06,3135.83,3142.31,2014350000,3142.31
1/31/13,3140.67,3154.18,3136.82,3142.13,2190840000,3142.13
2/1/13,3162.94,3183.14,3154.91,3179.1,2012930000,3179.1
2/4/13,3161.72,3169.63,3130.57,3131.17,1874750000,3131.17
2/5/13,3140.9,3178.52,3136.82,3171.58,2150080000,3171.58
2/6/13,3159.38,3174.82,3157.35,3168.48,2002740000,3168.48
2/7/13,3167.44,3170.42,3135.98,3165.13,1955960000,3165.13
2/8/13,3178.06,3196.89,3177.18,3193.87,1816480000,3193.87
2/11/13,3192.53,3194.01,3182.19,3192,1551370000,3192
2/12/13,3190.73,3196.92,3184.84,3186.49,1786800000,3186.49
2/13/13,3195.34,3205.52,3187.06,3196.88,1822450000,3196.88
2/14/13,3182.74,3202.33,3182.39,3198.66,1924900000,3198.66
2/15/13,3202.84,3206.21,3184.03,3192.03,1858670000,3192.03
2/19/13,3197.46,3213.6,3194.92,3213.59,1843840000,3213.59
2/20/13,3211.99,3213.25,3163.95,3164.41,2001800000,3164.41
2/21/13,3154.88,3155.19,3118.62,3131.49,2052630000,3131.49
2/22/13,3149.09,3161.82,3139.55,3161.82,1581500000,3161.82
2/25/13,3180.59,3186.25,3116.25,3116.25,1930990000,3116.25
2/26/13,3126.23,3135.57,3105.36,3129.65,1847750000,3129.65
2/27/13,3129.72,3177.8,3127.27,3162.26,1727260000,3162.26
2/28/13,3161.43,3182.6,3159.72,3160.19,2022530000,3160.19
3/1/13,3143.54,3171.5,3129.4,3169.74,1870250000,3169.74
3/4/13,3159.46,3182.27,3154.79,3182.03,1718290000,3182.03
3/5/13,3200.38,3227.31,3200.27,3224.13,1891510000,3224.13
3/6/13,3233.31,3233.44,3217.67,3222.36,1764020000,3222.36
3/7/13,3224.5,3235.1,3221.47,3232.09,1675640000,3232.09
3/8/13,3245.85,3248.7,3227.89,3244.37,1611700000,3244.37
3/11/13,3237.74,3252.87,3233.67,3252.87,1628500000,3252.87
3/12/13,3244.85,3249.78,3229.92,3242.32,1673740000,3242.32
3/13/13,3243.04,3251.45,3230.62,3245.12,1577280000,3245.12
3/14/13,3253,3258.93,3250.24,3258.93,1651650000,3258.93
3/15/13,3260.46,3260.62,3242.65,3249.07,2305230000,3249.07
3/18/13,3215.71,3249.37,3211.1,3237.59,1550510000,3237.59
3/19/13,3246.7,3252.6,3205.42,3229.1,1690680000,3229.1
3/20/13,3251.91,3257.99,3240.9,3254.19,1599120000,3254.19
3/21/13,3228.17,3237.57,3215.69,3222.6,1692260000,3222.6
3/22/13,3235.3,3247.94,3230.86,3245,1681360000,3245
3/25/13,3255.85,3263.63,3222.48,3235.3,1666010000,3235.3
3/26/13,3249.95,3252.93,3239.92,3252.48,1444500000,3252.48
3/27/13,3230.76,3258.26,3227.02,3256.52,1420130000,3256.52
3/28/13,3257.32,3270.3,3253.21,3267.52,1636800000,3267.52
4/1/13,3268.63,3270.23,3230.57,3239.17,1481360000,3239.17
4/2/13,3252.55,3267.93,3245.41,3254.86,1580800000,3254.86
4/3/13,3257.38,3260.15,3210.39,3218.6,1813910000,3218.6
4/4/13,3219.11,3226.24,3206.02,3224.98,1475720000,3224.98
4/5/13,3174,3206.21,3168.88,3203.86,1594090000,3203.86
4/8/13,3207.15,3222.26,3195.57,3222.25,1323520000,3222.25
4/9/13,3229.81,3249.95,3215.02,3237.86,1498130000,3237.86
4/10/13,3246.06,3299.16,3245.8,3297.25,1769870000,3297.25
4/11/13,3289.59,3306.95,3287.74,3300.16,1829170000,3300.16
4/12/13,3292.39,3296.5,3271.02,3294.95,1471180000,3294.95
4/15/13,3277.58,3283.4,3213.46,3216.49,1779320000,3216.49
4/16/13,3239.05,3265.84,3231.45,3264.63,1515400000,3264.63
4/17/13,3236.25,3236.98,3186.08,3204.67,1902730000,3204.67
4/18/13,3212.24,3212.97,3154.96,3166.36,1766000000,3166.36
4/19/13,3169.32,3210.03,3168.33,3206.06,1738850000,3206.06
4/22/13,3217.4,3241.16,3198.74,3233.55,1628340000,3233.55
4/23/13,3252.8,3275.89,3241.52,3269.33,1684770000,3269.33
4/24/13,3262.21,3277.12,3255.44,3269.65,1738590000,3269.65
4/25/13,3279.82,3301.28,3279.29,3289.99,2012230000,3289.99
4/26/13,3284.07,3287.48,3268.03,3279.26,1721970000,3279.26
4/29/13,3290.31,3315.33,3289.42,3307.02,1594110000,3307.02
4/30/13,3308.05,3328.79,3298.58,3328.79,1984270000,3328.79
5/1/13,3325.35,3330.02,3296.5,3299.13,1884600000,3299.13
5/2/13,3306.15,3344.9,3305.81,3340.62,1757480000,3340.62
5/3/13,3371.41,3388.12,3370.3,3378.63,1745570000,3378.63
5/6/13,3382.33,3396.21,3381.44,3392.97,1500410000,3392.97
5/7/13,3398.84,3402.24,3381.04,3396.63,1709800000,3396.63
5/8/13,3394.89,3413.27,3389.8,3413.27,1756400000,3413.27
5/9/13,3408.94,3428.54,3403.43,3409.17,1826220000,3409.17
5/10/13,3414.84,3436.6,3411.59,3436.58,1689730000,3436.58
5/13/13,3429.53,3447.1,3426.67,3438.79,1615510000,3438.79
5/14/13,3439.72,3468.67,3439.72,3462.61,1820520000,3462.61
5/15/13,3455.67,3475.48,3452.31,3471.62,1843910000,3471.62
5/16/13,3473.16,3485.95,3462.24,3465.24,1945760000,3465.24
5/17/13,3483.41,3499.2,3473.04,3498.97,1828610000,3498.97
5/20/13,3490.46,3509.41,3488.13,3496.43,1745260000,3496.43
5/21/13,3495.46,3512.15,3486.88,3502.12,1776780000,3502.12
5/22/13,3503.48,3532.04,3446.96,3463.3,2179330000,3463.3
5/23/13,3426.07,3467.13,3422.51,3459.42,1820670000,3459.42
5/24/13,3438.28,3459.47,3429.31,3459.14,1449210000,3459.14
5/28/13,3497.9,3514.8,3475.39,3488.89,1748070000,3488.89
5/29/13,3471.67,3479.53,3450.4,3467.52,1794650000,3467.52
5/30/13,3473.21,3503.82,3473.04,3491.3,1737320000,3491.3
5/31/13,3478.22,3500.67,3455.84,3455.91,1968270000,3455.91
6/3/13,3460.76,3465.84,3419.39,3465.37,2054100000,3465.37
6/4/13,3467.02,3482.75,3430.02,3445.26,1871640000,3445.26
6/5/13,3432.85,3446.15,3397.91,3401.48,1813890000,3401.48
6/6/13,3404.41,3424.05,3378.24,3424.05,1802700000,3424.05
6/7/13,3437.84,3471.73,3429.43,3469.22,1646810000,3469.22
6/10/13,3475.68,3484.81,3465.54,3473.77,1556520000,3473.77
6/11/13,3436.62,3466.57,3426.57,3436.95,1560370000,3436.95
6/12/13,3458.14,3459.18,3395.91,3400.43,1630200000,3400.43
6/13/13,3398.54,3451.03,3387.61,3445.36,1584740000,3445.36
6/14/13,3442.31,3448.4,3419.32,3423.56,1458030000,3423.56
6/17/13,3449.97,3468.56,3436.34,3452.13,1581830000,3452.13
6/18/13,3456.29,3488.31,3456.09,3482.18,1675090000,3482.18
6/19/13,3483.59,3485.45,3443.2,3443.2,1649200000,3443.2
6/20/13,3405.14,3412.94,3355.93,3364.64,2041500000,3364.64
6/21/13,3367.81,3377.3,3326.86,3357.25,2921900000,3357.25
6/24/13,3326.38,3344.66,3294.95,3320.76,2030960000,3320.76
6/25/13,3350.59,3358.31,3327.69,3347.89,1657280000,3347.89
6/26/13,3375.7,3383.7,3365.48,3376.22,1671280000,3376.22
6/27/13,3395.79,3412.79,3395.41,3401.86,1689800000,3401.86
6/28/13,3389.3,3422.2,3382.75,3403.25,3630410000,3403.25
7/1/13,3430.48,3454.43,3430.31,3434.49,1586750000,3434.49
7/2/13,3430.69,3453.29,3415.23,3433.4,1685190000,3433.4
7/3/13,3420.27,3455.42,3417.88,3443.67,935980000,3443.67
7/5/13,3468.48,3479.46,3441.78,3479.38,1254400000,3479.38
7/8/13,3493.81,3495.51,3475.39,3484.83,1521720000,3484.83
7/9/13,3501.25,3508.81,3484.79,3504.26,1633520000,3504.26
7/10/13,3502.11,3522.99,3502,3520.76,1567340000,3520.76
7/11/13,3557.79,3579.29,3552.52,3578.3,1744210000,3578.3
7/12/13,3579.58,3600.08,3576.57,3600.08,1615820000,3600.08
7/15/13,3601.09,3609.59,3591.54,3607.49,1449130000,3607.49
7/16/13,3611,3611.35,3589.65,3598.5,1590540000,3598.5
7/17/13,3608.13,3615.79,3600.69,3610,1564340000,3610
7/18/13,3610.03,3624.54,3607.09,3611.28,1719390000,3611.28
7/19/13,3581.9,3589.05,3578.57,3587.61,1785460000,3587.61
7/22/13,3599.87,3601.92,3587.46,3600.39,1507010000,3600.39
7/23/13,3606.7,3606.7,3576.96,3579.27,1620350000,3579.27
7/24/13,3605.26,3606.28,3573.53,3579.6,1856660000,3579.6
7/25/13,3589.46,3606.19,3579.2,3605.19,2203970000,3605.19
7/26/13,3584.85,3613.33,3581.26,3613.16,1796060000,3613.16
7/29/13,3604.29,3618.86,3592.8,3599.14,1545720000,3599.14
7/30/13,3612.36,3629.12,3606.33,3616.47,1763580000,3616.47
7/31/13,3627.66,3649.35,3624.77,3626.37,1942380000,3626.37
8/1/13,3654.18,3678.5,3653.74,3675.74,1863290000,3675.74
8/2/13,3671.11,3689.59,3663.88,3689.59,1683270000,3689.59
8/5/13,3682.67,3694.19,3681.34,3692.95,1471860000,3692.95
8/6/13,3685.39,3690.32,3654.67,3665.77,1444200000,3665.77
8/7/13,3658.53,3663.2,3633.59,3654.01,1659780000,3654.01
8/8/13,3672.21,3675.71,3649.64,3669.12,1702950000,3669.12
8/9/13,3664.27,3677.83,3649.69,3660.11,1546570000,3660.11
8/12/13,3645.78,3673.51,3645.39,3669.95,1422420000,3669.95
8/13/13,3675.37,3691.06,3648.82,3684.44,1644730000,3684.44
8/14/13,3683.97,3686.55,3668.74,3669.27,1589370000,3669.27
8/15/13,3625.36,3626.77,3600.96,3606.12,1742510000,3606.12
8/16/13,3603.78,3621.46,3598.65,3602.78,1520430000,3602.78
8/19/13,3601.88,3623.48,3589.03,3589.09,1381050000,3589.09
8/20/13,3596.77,3625.26,3593.14,3613.59,1308280000,3613.59
8/21/13,3603.68,3630.23,3589.02,3599.79,1438510000,3599.79
8/22/13,3614.14,3639.21,3613.93,3638.71,927400000,3638.71
8/23/13,3659.21,3660.66,3643.86,3657.79,1499890000,3657.79
8/26/13,3661.81,3684.22,3652.26,3657.57,1404230000,3657.57
8/27/13,3616.06,3629.95,3573.57,3578.52,1640040000,3578.52
8/28/13,3579.11,3607.36,3578.8,3593.35,1370650000,3593.35
8/29/13,3587.07,3635.84,3587.07,3620.3,1344900000,3620.3
8/30/13,3621.59,3621.78,3581.05,3589.87,1328320000,3589.87
9/3/13,3622.64,3637.06,3593.62,3612.61,1628810000,3612.61
9/4/13,3619.05,3651.78,3612.22,3649.04,1855980000,3649.04
9/5/13,3652.44,3665.01,3651.17,3658.78,1550180000,3658.78
9/6/13,3672.82,3677.07,3618.77,3660.01,1647310000,3660.01
9/9/13,3675.12,3708.42,3675.12,3706.18,1664290000,3706.18
9/10/13,3724.67,3729.38,3716.44,3729.02,1842570000,3729.02
9/11/13,3710.79,3726.59,3704.22,3725.01,1722380000,3725.01
9/12/13,3724.53,3731.84,3713.08,3715.97,1653860000,3715.97
9/13/13,3723.27,3724.73,3701.88,3722.18,1460190000,3722.18
9/16/13,3755,3756.24,3712.47,3717.85,1542500000,3717.85
9/17/13,3725.31,3747.08,3724.26,3745.7,1338800000,3745.7
9/18/13,3751.29,3790.7,3737.69,3783.64,1828820000,3783.64
9/19/13,3794.7,3798.16,3781.59,3789.38,1775980000,3789.38
9/20/13,3796.28,3798.76,3774.11,3774.73,2711270000,3774.73
9/23/13,3786.84,3787.14,3745.54,3765.29,1728620000,3765.29
9/24/13,3771.6,3789.85,3753.04,3768.25,1810950000,3768.25
9/25/13,3772.59,3782.92,3754.94,3761.1,1821790000,3761.1
9/26/13,3774.95,3795.72,3772.8,3787.43,1817960000,3787.43
9/27/13,3767.89,3788.35,3762.67,3781.59,1699720000,3781.59
9/30/13,3737.6,3780.97,3734.74,3771.48,1895760000,3771.48
10/1/13,3774.18,3817.98,3774.18,3817.98,1843320000,3817.98
10/2/13,3793.11,3819.28,3788.45,3815.02,1792980000,3815.02
10/3/13,3809.9,3816.96,3753.17,3774.34,1884340000,3774.34
10/4/13,3774.72,3812.86,3773.4,3807.75,1549600000,3807.75
10/7/13,3776.64,3800.08,3769.75,3770.38,1475990000,3770.38
10/8/13,3772.22,3772.49,3694.15,3694.83,2087580000,3694.83
10/9/13,3701.62,3702.15,3650.03,3677.78,2242700000,3677.78
10/10/13,3721.58,3764.72,3721.11,3760.75,1902410000,3760.75
10/11/13,3753.22,3794.37,3751.38,3791.87,1750350000,3791.87
10/14/13,3767.49,3816.41,3766.28,3815.28,1455160000,3815.28
10/15/13,3810.72,3824.44,3789.68,3794.01,1745560000,3794.01
10/16/13,3815,3840.48,3814.15,3839.43,1744000000,3839.43
10/17/13,3822.85,3863.49,3821.43,3863.15,1975140000,3863.15
10/18/13,3893.36,3914.93,3882.06,3914.28,1943090000,3914.28
