1/2/07,1438.89,1439.71,1430.06,1435.26,147800,1435.26
1/3/07,1436.42,1437.79,1409.31,1409.35,203200,1409.35
1/4/07,1410.55,1411.12,1388.5,1397.29,241200,1397.29
1/5/07,1398.6,1400.59,1372.36,1385.76,277200,1385.76
1/8/07,1376.76,1384.65,1366.48,1370.81,177600,1370.81
1/9/07,1376.71,1381.99,1367.74,1374.34,216800,1374.34
1/10/07,1372.52,1372.52,1345.08,1355.79,225400,1355.79
1/11/07,1357.57,1375.31,1355.63,1365.31,211800,1365.31
1/12/07,1379,1389,1372.87,1388.37,213800,1388.37
1/15/07,1396.87,1397.64,1385.81,1390.96,163800,1390.96
1/16/07,1392,1393.42,1385.2,1389.71,171400,1389.71
1/17/07,1391.75,1391.75,1369.08,1379.48,205400,1379.48
1/18/07,1378.37,1385.22,1372.93,1383.21,181200,1383.21
1/19/07,1369.09,1372.63,1356.22,1360.56,222600,1360.56
1/22/07,1363.84,1364.67,1348.46,1363.41,191000,1363.41
1/23/07,1353.06,1367.03,1352.5,1363.09,184000,1363.09
1/24/07,1369.96,1383.75,1369.02,1383.06,198000,1383.06
1/25/07,1392.55,1392.55,1379.66,1382.36,157000,1382.36
1/26/07,1372.36,1378.48,1366.1,1371.33,160800,1371.33
1/29/07,1376.48,1378.28,1361.23,1363.1,136400,1363.1
1/30/07,1365,1371.59,1360.42,1370.72,161200,1370.72
1/31/07,1374.76,1374.76,1357.87,1360.23,192400,1360.23
2/1/07,1367.07,1382.9,1362.04,1382.9,168200,1382.9
2/2/07,1386.78,1413.34,1386.06,1413.14,219200,1413.14
2/5/07,1413.77,1420.42,1409.71,1417.95,181600,1417.95
2/6/07,1416.65,1428.91,1414.58,1428.58,188800,1428.58
2/7/07,1430.85,1431.25,1419.48,1426.29,193200,1426.29
2/8/07,1424.99,1431.01,1416.05,1423.58,189000,1423.58
2/9/07,1424.49,1432.29,1422.97,1427.68,227600,1427.68
2/12/07,1416.84,1416.84,1403.75,1414.29,209200,1414.29
2/13/07,1412.72,1424.66,1410.81,1418.44,219200,1418.44
2/14/07,1430.02,1440.51,1430.01,1436.1,214600,1436.1
2/15/07,1450.55,1450.84,1441.79,1443.63,216000,1443.63
2/16/07,1444.46,1448.96,1439.03,1448.81,207200,1448.81
2/20/07,1450.96,1453.25,1443.97,1452.96,220400,1452.96
2/21/07,1455.18,1457.37,1444.84,1451.38,258200,1451.38
2/22/07,1452.71,1471.04,1452.62,1465.41,310200,1465.41
2/23/07,1470.44,1471.04,1459.81,1469.88,310600,1469.88
2/26/07,1466.92,1470.95,1462.19,1470.03,261800,1470.03
2/27/07,1468.28,1468.28,1453.85,1454.6,261600,1454.6
2/28/07,1396.44,1417.34,1393.96,1417.34,324200,1417.34
3/2/07,1407.19,1423.58,1406.63,1414.47,243200,1414.47
3/5/07,1400.8,1404.23,1375.84,1376.15,232600,1376.15
3/6/07,1382.7,1403.75,1382.7,1402.93,239200,1402.93
3/7/07,1415.35,1415.5,1397.83,1410.95,254200,1410.95
3/8/07,1409.02,1433.15,1408.34,1423.89,285800,1423.89
3/9/07,1433.27,1434.7,1415.71,1423.58,227400,1423.58
3/12/07,1429.68,1441.83,1429.68,1441.33,245000,1441.33
3/13/07,1441.6,1442.04,1433.67,1436.05,256400,1436.05
3/14/07,1409.66,1416.8,1405.13,1407.37,259200,1407.37
3/15/07,1418.77,1429.38,1414.98,1426.93,254400,1426.93
3/16/07,1428.63,1431.75,1416.3,1427.88,304200,1427.88
3/19/07,1425.22,1444.76,1420.89,1443.39,280800,1443.39
3/20/07,1449.43,1449.79,1440.42,1444.17,364400,1444.17
3/21/07,1446.07,1452.05,1435.36,1442.85,343000,1442.85
3/22/07,1452.13,1456.18,1447.79,1448.53,301000,1448.53
3/23/07,1449.99,1454.34,1443.04,1447.38,278800,1447.38
3/26/07,1451.12,1455.51,1444.25,1449.77,312600,1449.77
3/27/07,1450.02,1456.39,1442.49,1453.23,259800,1453.23
3/28/07,1451.47,1456.78,1433.12,1439.74,298000,1439.74
3/29/07,1434.58,1453.11,1432.8,1450.95,283000,1450.95
3/30/07,1457.58,1459.69,1447.85,1452.55,288400,1452.55
4/2/07,1456.19,1464.93,1456.06,1459.53,303600,1459.53
4/3/07,1463.41,1464.48,1452.56,1463.75,340600,1463.75
4/4/07,1474.65,1484.86,1471.05,1483.41,354000,1483.41
4/5/07,1485.53,1485.77,1478.45,1482.04,328400,1482.04
4/6/07,1487.73,1488.58,1477.69,1484.15,313600,1484.15
4/9/07,1489.79,1501.06,1489.13,1501.06,388200,1501.06
4/10/07,1500.79,1502.34,1492.35,1499.16,359400,1499.16
4/11/07,1508.68,1519.31,1507.57,1513.42,386800,1513.42
4/12/07,1510.27,1525.61,1507.56,1525.61,360200,1525.61
4/13/07,1523.82,1526.09,1512.36,1520.78,426200,1520.78
4/16/07,1523.89,1533.09,1519.3,1532.04,462200,1532.04
4/17/07,1538.89,1538.89,1524.33,1528.66,422600,1528.66
4/18/07,1532.57,1538.29,1530.02,1534.58,352600,1534.58
4/19/07,1536.89,1537.43,1506.14,1513.66,363800,1513.66
4/20/07,1518.58,1533.09,1518.58,1533.08,397600,1533.08
4/23/07,1545.45,1554.5,1538.33,1544.35,387000,1544.35
4/24/07,1545.61,1557.65,1538.11,1556.71,393400,1556.71
4/25/07,1558.2,1558.72,1536.12,1545.55,445600,1545.55
4/26/07,1560.22,1565.03,1553.13,1553.13,391600,1553.13
4/27/07,1547.2,1553.23,1537.37,1542.52,356400,1542.52
4/30/07,1538.69,1542.25,1530.67,1542.24,316000,1542.24
5/2/07,1550.39,1555.62,1546.6,1553.3,274400,1553.3
5/3/07,1563.42,1564.01,1555.28,1559.86,249600,1559.86
5/4/07,1563.16,1567.74,1556.62,1567.74,254600,1567.74
5/7/07,1574.86,1585.7,1574.86,1584.46,434400,1584.46
5/8/07,1585.52,1589.07,1577.18,1582.65,384000,1582.65
5/9/07,1582.91,1593.42,1578.58,1593.42,358600,1593.42
5/10/07,1602.56,1616.06,1599.68,1599.68,408600,1599.68
5/11/07,1588.09,1604.63,1582.76,1603.56,373600,1603.56
5/14/07,1612.73,1622.16,1599.87,1605.77,477800,1605.77
5/15/07,1600.91,1611.93,1589.24,1589.37,480200,1589.37
5/16/07,1591.07,1600.72,1586,1600.6,417000,1600.6
5/17/07,1614,1616,1608.21,1615.58,450600,1615.58
5/18/07,1613.12,1617.77,1600.24,1612.25,454800,1612.25
5/21/07,1602.64,1628.68,1602.64,1628.2,512800,1628.2
5/22/07,1634.09,1643.11,1627.01,1642.88,529400,1642.88
5/23/07,1647.44,1651.61,1638.36,1646.59,447400,1646.59
5/25/07,1629.18,1645.08,1627.59,1644.56,375000,1644.56
5/28/07,1650.53,1658.43,1646.15,1657.91,379200,1657.91
5/29/07,1663.32,1666.85,1653.24,1661.8,495200,1661.8
5/30/07,1661.83,1662.72,1638.03,1662.72,488600,1662.72
5/31/07,1683.35,1702.01,1677.78,1700.91,497000,1700.91
6/1/07,1712.97,1745.39,1707.75,1716.24,615400,1716.24
6/4/07,1734.27,1744.02,1713.5,1737.59,465200,1737.59
6/5/07,1735.87,1745.99,1721.02,1742.19,488000,1742.19
6/7/07,1722.47,1753.24,1717.3,1753.04,496200,1753.04
6/8/07,1735.96,1739.14,1717.18,1727.28,503200,1727.28
6/11/07,1740.46,1742.86,1709.96,1716.56,475800,1716.56
6/12/07,1714.54,1730.63,1712.13,1729.88,431800,1729.88
6/13/07,1721.37,1732.57,1714.76,1721.99,715400,1721.99
6/14/07,1742.12,1769.18,1740.7,1769.18,580400,1769.18
6/15/07,1772.03,1776.8,1762.22,1772.26,540000,1772.26
6/18/07,1786.29,1807.51,1784.44,1806.88,613200,1806.88
6/19/07,1813.53,1813.84,1797.18,1807.85,650800,1807.85
6/20/07,1812.82,1813.05,1778.26,1783.79,686000,1783.79
6/21/07,1775.48,1802.91,1770.17,1794.24,579600,1794.24
6/22/07,1801.2,1802.43,1759.95,1770.98,531600,1770.98
6/25/07,1754.2,1785.87,1747.86,1757.73,394400,1757.73
6/26/07,1762.48,1768.69,1732.44,1749.55,401000,1749.55
6/27/07,1749.01,1749.01,1724.82,1733.1,307000,1733.1
6/28/07,1745.82,1752.24,1737.93,1751.75,282800,1751.75
6/29/07,1755.84,1766.25,1742.88,1743.6,281600,1743.6
7/2/07,1741.41,1771.39,1736.63,1771.35,302400,1771.35
7/3/07,1791.69,1806.06,1787.45,1805.5,402000,1805.5
7/4/07,1815.77,1838.82,1814.44,1838.41,417000,1838.41
7/5/07,1841.56,1865.52,1836.93,1847.79,534000,1847.79
7/6/07,1855.03,1863.01,1838.75,1861.01,414400,1861.01
7/9/07,1870.35,1890.83,1865.79,1883.59,430600,1883.59
7/10/07,1887.35,1895.98,1881.36,1894.53,406200,1894.53
7/11/07,1880.71,1904.35,1875.43,1889.96,473800,1889.96
7/12/07,1897.59,1922.25,1897.59,1909.75,445600,1909.75
7/13/07,1946.08,1962.94,1941.55,1962.93,507600,1962.93
7/16/07,1965.66,1972.33,1932.86,1949.51,519600,1949.51
7/18/07,1953.25,1956.82,1930.51,1930.7,635000,1930.7
7/19/07,1935.1,1950.86,1922.14,1937.9,586200,1937.9
7/20/07,1949.5,1983.54,1939.69,1983.54,638800,1983.54
7/23/07,1978.05,1993.97,1968.55,1993.05,538600,1993.05
7/24/07,2001.52,2005.02,1975.75,1992.26,589400,1992.26
7/25/07,1992.16,2011.17,1962.16,2004.22,588400,2004.22
7/26/07,2012.04,2015.48,1963.46,1963.54,617000,1963.54
7/27/07,1924.01,1924.11,1863.39,1883.22,517200,1883.22
7/30/07,1874.08,1906.71,1859.12,1906.71,386200,1906.71
7/31/07,1915.45,1933.27,1899.56,1933.27,373800,1933.27
8/1/07,1920.07,1920.07,1836.28,1856.45,389600,1856.45
8/2/07,1874.98,1890.81,1810.62,1853.07,371800,1853.07
8/3/07,1875.07,1890.63,1865.75,1876.8,350200,1876.8
8/6/07,1832.54,1855.36,1829.22,1855.05,325200,1855.05
8/7/07,1888.58,1888.76,1849.68,1859.82,315600,1859.82
8/8/07,1879.61,1905.22,1873.99,1903.41,382000,1903.41
8/9/07,1923.99,1928.64,1899.32,1908.68,413800,1908.68
8/10/07,1853.22,1854.62,1814.3,1828.49,388000,1828.49
8/13/07,1840.89,1849.31,1820.96,1849.26,330000,1849.26
8/14/07,1841.15,1857.13,1801.07,1817.89,405800,1817.89
8/16/07,1754.19,1755.32,1681.71,1691.98,508200,1691.98
8/17/07,1702.66,1705.17,1626.87,1638.07,493200,1638.07
8/20/07,1700.48,1732.39,1693.42,1731.27,366800,1731.27
8/21/07,1740.85,1764.25,1721.18,1736.18,458800,1736.18
8/22/07,1741.93,1764.61,1737.06,1759.5,402600,1759.5
8/23/07,1801.48,1816.19,1795.07,1799.72,394600,1799.72
8/24/07,1793.17,1802.71,1775.07,1791.33,376000,1791.33
8/27/07,1825.97,1834.65,1802.58,1803.03,366000,1803.03
8/28/07,1806.58,1829.43,1792.07,1829.31,414200,1829.31
8/29/07,1773.59,1831.23,1773.05,1826.19,386000,1826.19
8/30/07,1859.45,1866.32,1836.09,1841.7,423200,1841.7
8/31/07,1844.28,1873.35,1844.09,1873.24,360400,1873.24
9/3/07,1876.92,1881.92,1863.21,1881.81,385600,1881.81
9/4/07,1881.17,1899.66,1871.87,1874.74,425800,1874.74
9/5/07,1883.83,1898.67,1859.52,1865.59,382800,1865.59
9/6/07,1862,1889.06,1844.64,1888.81,447200,1888.81
9/7/07,1886.6,1899.04,1869.56,1884.9,392600,1884.9
9/10/07,1845.59,1846.82,1811.34,1835.87,360200,1835.87
9/11/07,1844.68,1851.35,1827.9,1847.36,420600,1847.36
9/12/07,1853.94,1855.31,1813.33,1813.52,434000,1813.52
9/13/07,1817.87,1848.99,1805.88,1848.02,338400,1848.02
9/14/07,1856.17,1875.95,1849.37,1870.02,373200,1870.02
9/17/07,1873.65,1876.04,1853.45,1871.68,315800,1871.68
9/18/07,1867.61,1870.83,1837.22,1838.61,403800,1838.61
9/19/07,1892.78,1905.75,1886.95,1902.65,480200,1902.65
9/20/07,1902.23,1915.19,1894.76,1908.97,441800,1908.97
9/21/07,1909.37,1921.23,1902.11,1919.26,440000,1919.26
9/27/07,1944.87,1952.39,1935.02,1945.28,394600,1945.28
9/28/07,1950.99,1951.18,1936.86,1946.48,541600,1946.48
10/1/07,1948.78,1970.11,1946.13,1962.67,436000,1962.67
10/2/07,1991,2014.96,1981.64,2014.09,474000,2014.09
10/4/07,1998.56,2013.21,1992.01,2003.6,462600,2003.6
10/5/07,2007.84,2009.68,1990.82,1996.03,380400,1996.03
10/8/07,2020.34,2022.01,2002.43,2012.82,504200,2012.82
10/9/07,2014.94,2022.87,1995.05,2014.13,471600,2014.13
10/10/07,2033.69,2044.78,2026.9,2041.12,368800,2041.12
10/11/07,2040.35,2058.87,2033.45,2058.85,519200,2058.85
10/12/07,2047.67,2057.39,2020.8,2026.44,457000,2026.44
10/15/07,2043.93,2047.02,2012.04,2035.39,383800,2035.39
10/16/07,2014.36,2042.84,2001.3,2005.76,548800,2005.76
10/17/07,2000.39,2009.67,1933.82,1983.94,507400,1983.94
10/18/07,1989.6,2012.32,1977.5,2005.09,426800,2005.09
10/19/07,2003.27,2003.27,1970.1,1970.1,390200,1970.1
10/22/07,1901.15,1910.19,1875.23,1903.81,354400,1903.81
10/23/07,1936.92,1952.32,1909.61,1947.98,371200,1947.98
10/24/07,1966.55,2003.2,1923.07,1933.36,481200,1933.36
10/25/07,1967.08,1982.19,1941.05,1976.75,453600,1976.75
10/26/07,1987.2,2028.07,1968.82,2028.06,438800,2028.06
10/29/07,2051.62,2070.86,2044.09,2062.92,481200,2062.92
10/30/07,2058.78,2066,2037.75,2052.37,402200,2052.37
10/31/07,2052.6,2065.53,2043.93,2064.85,365400,2064.85
11/1/07,2085.33,2085.45,2048.68,2063.14,402000,2063.14
11/2/07,2014.65,2049.62,2014.65,2019.34,388400,2019.34
11/5/07,2025.04,2027.21,1992.24,2015.76,300200,2015.76
11/6/07,2023.41,2055.53,2020.24,2054.24,312200,2054.24
11/7/07,2074.18,2085.03,2043.19,2043.19,339600,2043.19
11/8/07,2009.64,2022.61,1971.95,1979.56,330600,1979.56
11/9/07,2001.11,2017.37,1968.86,1990.47,366600,1990.47
11/12/07,1957.78,1957.78,1901.87,1923.42,312600,1923.42
11/13/07,1928.78,1935.93,1887.76,1932.89,394800,1932.89
11/14/07,1982.93,1984.84,1956.9,1972.58,362000,1972.58
11/15/07,1970.13,1985.38,1932.03,1947.74,367600,1947.74
11/16/07,1916.88,1928.93,1890.25,1926.2,304200,1926.2
11/19/07,1936.38,1936.5,1892.87,1893.47,292400,1893.47
11/20/07,1853.41,1875.46,1819.18,1872.24,331800,1872.24
11/21/07,1865.91,1875.98,1803.77,1806.99,307400,1806.99
11/22/07,1790.25,1815.33,1771.39,1799.02,306200,1799.02
11/23/07,1806.02,1820.61,1745.26,1772.88,326600,1772.88
11/26/07,1803.76,1855.33,1795,1855.33,288600,1855.33
11/27/07,1813.09,1865.69,1787.95,1859.79,331800,1859.79
11/28/07,1881.86,1883.99,1833.8,1834.69,323400,1834.69
11/29/07,1885.32,1891.45,1871.59,1877.56,345000,1877.56
11/30/07,1886.58,1918.12,1884.92,1906,337600,1906
12/3/07,1907.95,1912.71,1888.08,1902.43,290600,1902.43
12/4/07,1904.33,1921.83,1901.51,1917.83,287600,1917.83
12/5/07,1911.92,1945.03,1905.65,1938.2,309600,1938.2
12/6/07,1965.89,1972.37,1946.13,1953.17,338400,1953.17
12/7/07,1969.49,1969.56,1934.32,1934.32,360200,1934.32
12/10/07,1930.36,1935.86,1900.95,1906.42,283800,1906.42
12/11/07,1922.66,1929.71,1904.21,1925.07,264000,1925.07
12/12/07,1887.5,1928.77,1887.23,1927.45,313800,1927.45
12/13/07,1921.65,1937.5,1897.25,1915.9,328000,1915.9
12/14/07,1914.47,1921.53,1877.27,1895.05,300400,1895.05
12/17/07,1873.15,1886.39,1839.58,1839.82,282000,1839.82
12/18/07,1821.3,1869.71,1808.86,1861.47,276600,1861.47
12/20/07,1878.59,1882.61,1843.73,1844.37,401400,1844.37
12/21/07,1855.06,1878.32,1832.34,1878.32,361200,1878.32
12/24/07,1899.2,1921.39,1894.79,1919.47,315800,1919.47
12/26/07,1924.91,1926.09,1901.91,1906.72,260400,1906.72
12/27/07,1901.93,1915.19,1891.29,1908.62,235600,1908.62
12/28/07,1892.56,1911.67,1890.81,1897.13,229200,1897.13
1/2/08,1891.45,1892.5,1852.78,1853.45,246800,1853.45
1/3/08,1834.44,1858.08,1821.61,1852.73,252800,1852.73
1/4/08,1853.54,1869.76,1824.41,1863.9,298600,1863.9
1/7/08,1815.73,1840.99,1814.35,1831.14,267800,1831.14
1/8/08,1838.64,1840.62,1818.69,1826.23,296000,1826.23
1/9/08,1802.06,1844.47,1794.15,1844.47,277200,1844.47
1/10/08,1847.94,1855.07,1824.78,1824.78,315200,1824.78
1/11/08,1844.57,1847.11,1776.26,1782.27,280200,1782.27
1/14/08,1781,1790.69,1754.13,1765.88,249000,1765.88
1/15/08,1781.53,1781.53,1723.14,1746.95,295200,1746.95
1/16/08,1715.97,1735.51,1701.32,1704.97,295400,1704.97
1/17/08,1726.03,1732.64,1687.1,1723.55,295600,1723.55
1/18/08,1689.28,1737.42,1684.39,1734.72,287400,1734.72
1/21/08,1723.95,1724.39,1673.42,1683.56,285800,1683.56
1/22/08,1628.92,1636.06,1578.37,1609.02,316600,1609.02
1/23/08,1652.62,1659.28,1604.54,1628.42,271800,1628.42
1/24/08,1663.36,1675.69,1649,1663,269400,1663
1/25/08,1682.93,1692.66,1674.21,1692.41,272000,1692.41
1/28/08,1668.07,1674.47,1620.9,1627.19,258600,1627.19
1/29/08,1657.9,1662.9,1622.52,1637.91,274400,1637.91
1/30/08,1653,1653.2,1578.29,1589.06,379600,1589.06
1/31/08,1582.19,1630.12,1570.87,1624.68,333800,1624.68
2/1/08,1645.05,1648.97,1619.65,1634.53,307800,1634.53
2/4/08,1655.78,1696.56,1655.78,1690.13,332800,1690.13
2/5/08,1686.2,1697.99,1680.39,1696.57,253800,1696.57
2/11/08,1648.51,1651.72,1633.46,1640.67,234200,1640.67
2/12/08,1653.6,1654.62,1641.05,1643.29,290800,1643.29
2/13/08,1663.29,1663.95,1629.57,1631.78,318200,1631.78
2/14/08,1660.45,1697.45,1660.45,1697.45,503600,1697.45
2/15/08,1672.39,1696.37,1668.41,1694.77,485400,1694.77
2/19/08,1717.1,1722.71,1708.93,1720.52,362600,1720.52
2/20/08,1704.66,1718.15,1683.7,1687.91,321400,1687.91
2/21/08,1708.01,1713.64,1694.58,1704.36,241800,1704.36
2/22/08,1687.63,1687.63,1670.69,1686.45,281200,1686.45
2/25/08,1701.75,1715,1701.64,1709.13,299000,1709.13
2/26/08,1724.55,1726.47,1704.5,1709.13,283600,1709.13
2/27/08,1725.96,1732.8,1715.81,1720.89,306000,1720.89
2/28/08,1726.08,1739.6,1713.25,1736.17,257200,1736.17
2/29/08,1717.69,1721.85,1708.21,1711.62,315800,1711.62
3/3/08,1676.3,1676.3,1657.79,1671.73,237000,1671.73
3/4/08,1677.1,1686.59,1665.1,1676.18,278400,1676.18
3/5/08,1680.63,1687.2,1667.87,1677.1,263400,1677.1
3/6/08,1681.39,1705.97,1680.11,1697.44,359600,1697.44
3/7/08,1682.17,1682.17,1650.74,1663.97,303200,1663.97
3/10/08,1634.42,1650.56,1621.4,1625.17,317400,1625.17
3/11/08,1605.31,1643.66,1602.35,1641.48,279600,1641.48
3/12/08,1685.44,1687.63,1658.17,1658.83,325000,1658.83
3/13/08,1657.21,1657.21,1609.17,1615.62,309400,1615.62
3/14/08,1637.78,1638.66,1578.45,1600.26,297400,1600.26
3/17/08,1588.53,1588.53,1537.53,1574.44,298600,1574.44
3/18/08,1585.32,1590.28,1566.96,1588.75,243000,1588.75
3/19/08,1626.28,1632.68,1614.96,1622.23,280200,1622.23
3/20/08,1602.29,1624.48,1592.94,1623.39,243200,1623.39
3/21/08,1644.05,1645.78,1634.51,1645.69,283800,1645.69
3/24/08,1653.82,1663.57,1645.89,1655.3,258000,1655.3
3/25/08,1676.74,1680.77,1667.93,1674.93,319800,1674.93
3/26/08,1676.81,1681.91,1670.31,1679.67,280400,1679.67
3/27/08,1671.98,1677.31,1660.45,1676.24,257800,1676.24
3/28/08,1671.06,1704.28,1670.89,1701.83,350400,1701.83
3/31/08,1705.17,1709.31,1685.19,1703.99,291600,1703.99
4/1/08,1701.64,1717.83,1694.53,1702.25,320200,1702.25
4/2/08,1738.64,1743.54,1734.42,1742.19,326400,1742.19
4/3/08,1745.72,1765.53,1742.43,1763.63,253400,1763.63
4/4/08,1762.94,1768.06,1756.74,1766.49,256600,1766.49
4/7/08,1769.74,1786.57,1763.38,1773.56,275200,1773.56
4/8/08,1770.98,1770.98,1749.64,1754.71,267200,1754.71
4/10/08,1745.6,1764.64,1735.78,1764.64,214800,1764.64
4/11/08,1768.13,1779.92,1759.29,1779.71,272200,1779.71
4/14/08,1746.88,1755.28,1739.03,1746.71,223400,1746.71
4/15/08,1749.29,1754.3,1734.13,1742.17,238400,1742.17
4/16/08,1757.83,1765.81,1753.79,1758.56,286200,1758.56
4/17/08,1782.51,1783.85,1765.59,1768.67,265000,1768.67
4/18/08,1772.89,1778.81,1762.94,1771.9,237600,1771.9
4/21/08,1793.19,1802.81,1791.4,1800.48,298800,1800.48
4/22/08,1799.72,1803.35,1785.47,1787.49,346400,1787.49
4/23/08,1784.23,1809.02,1784.23,1800.79,339800,1800.79
4/24/08,1808.88,1812.62,1794.64,1799.34,496600,1799.34
4/25/08,1809,1825.83,1809,1824.68,327400,1824.68
4/28/08,1829.45,1831.84,1814.2,1823.17,371200,1823.17
4/29/08,1829.01,1831.23,1803.08,1811.51,271800,1811.51
4/30/08,1808.74,1825.58,1803.49,1825.47,244600,1825.47
5/2/08,1851.64,1851.64,1843.14,1848.27,267000,1848.27
5/6/08,1849.81,1859.27,1843.36,1859.06,303400,1859.06
5/7/08,1863.77,1868.09,1839.76,1854.01,383800,1854.01
5/8/08,1831.17,1854.55,1830.46,1848,319000,1848
5/9/08,1854.73,1854.73,1818.27,1823.7,280000,1823.7
5/13/08,1829.37,1842.8,1813.98,1842.8,265200,1842.8
5/14/08,1841.44,1848.02,1828.07,1843.75,297600,1843.75
5/15/08,1852.74,1886.95,1852.67,1885.71,414600,1885.71
5/16/08,1893.99,1899.57,1882.69,1888.88,301600,1888.88
5/19/08,1893.54,1901.13,1875.05,1885.37,355800,1885.37
5/20/08,1886.52,1889.85,1857.05,1873.15,336200,1873.15
5/21/08,1848.97,1861.58,1844.95,1847.51,315800,1847.51
5/22/08,1826.06,1836.63,1810.68,1835.42,357200,1835.42
5/23/08,1836.42,1840.78,1826.16,1827.94,299000,1827.94
5/26/08,1813.63,1820.74,1791.4,1800.58,281800,1800.58
5/27/08,1806.2,1825.48,1806.2,1825.23,260200,1825.23
5/28/08,1835.38,1835.71,1802.01,1805.64,299400,1805.64
5/29/08,1819.33,1842.56,1819.33,1841.22,298800,1841.22
5/30/08,1846.98,1852.36,1833.42,1852.02,287600,1852.02
6/2/08,1848.3,1853.5,1831.66,1847.53,234400,1847.53
6/3/08,1832.31,1836.71,1814.5,1819.39,258800,1819.39
6/4/08,1821.3,1836.13,1813.12,1833.81,235800,1833.81
6/5/08,1830.14,1832.82,1816.35,1832.31,275000,1832.31
6/9/08,1787.9,1810.21,1785.16,1808.96,249200,1808.96
6/10/08,1813.36,1814.06,1765.35,1774.38,322800,1774.38
6/11/08,1781.14,1786.98,1760.66,1781.67,282800,1781.67
6/12/08,1755.9,1761.29,1739.36,1739.36,379600,1739.36
6/13/08,1753.67,1760.72,1730.25,1747.35,402000,1747.35
6/16/08,1763.86,1768.63,1755.55,1760.82,375400,1760.82
6/17/08,1766.34,1767.5,1738.71,1750.71,334800,1750.71
6/18/08,1745.5,1775.11,1742.68,1774.13,343000,1774.13
6/19/08,1756.36,1757.26,1731.51,1740.72,401400,1740.72
6/20/08,1752.95,1755.6,1723.41,1731,330800,1731
6/23/08,1705.61,1720.74,1694.79,1715.59,303200,1715.59
6/24/08,1706.92,1717.23,1699.81,1710.84,364000,1710.84
6/25/08,1710.45,1717.81,1695.01,1717.79,345200,1717.79
6/26/08,1717.57,1734.86,1714.38,1717.66,328600,1717.66
6/27/08,1673.27,1685.88,1669.69,1684.45,285200,1684.45
6/30/08,1682.86,1689.61,1671.11,1674.92,261800,1674.92
7/1/08,1675.7,1681.45,1652.03,1666.46,278000,1666.46
7/2/08,1665.52,1667.97,1607.88,1623.6,336000,1623.6
7/3/08,1591.21,1616.65,1580.83,1606.54,352000,1606.54
7/4/08,1604.47,1610.65,1574.6,1577.94,247000,1577.94
7/7/08,1568.25,1583.49,1560,1579.72,250000,1579.72
7/8/08,1577.04,1577.04,1509.2,1533.47,332000,1533.47
7/9/08,1557.07,1563.07,1519.05,1519.38,328800,1519.38
7/10/08,1498.78,1542.34,1495.44,1537.43,354200,1537.43
7/11/08,1543.01,1573.06,1526.67,1567.51,326600,1567.51
7/14/08,1562.88,1581.7,1554.01,1558.62,257000,1558.62
7/15/08,1550.95,1550.95,1506.41,1509.33,297800,1509.33
7/16/08,1518.57,1529.87,1488.75,1507.4,296800,1507.4
7/17/08,1541.38,1546.84,1524.85,1525.56,319600,1525.56
7/18/08,1542.73,1542.91,1504,1509.99,304000,1509.99
7/21/08,1530.68,1569.45,1530.05,1562.92,295800,1562.92
7/22/08,1551.09,1563.75,1549,1561.23,252200,1561.23
7/23/08,1586.27,1598.89,1577.94,1591.76,351600,1591.76
7/24/08,1603.52,1627.87,1603.24,1626.14,347600,1626.14
7/25/08,1595.28,1610.45,1589.48,1597.93,266600,1597.93
7/28/08,1609.57,1611.15,1588.56,1598.29,252200,1598.29
7/29/08,1572.16,1573.62,1542.89,1567.2,261600,1567.2
7/30/08,1594.04,1595.84,1572.17,1577.7,265600,1577.7
7/31/08,1583.99,1600.15,1577.81,1594.67,233000,1594.67
8/1/08,1578.55,1587.49,1562.29,1573.77,231200,1573.77
8/4/08,1567.01,1571.23,1531.52,1543.05,246400,1543.05
8/5/08,1540.32,1556.96,1533.43,1535.54,244800,1535.54
8/6/08,1567.3,1580.25,1560.88,1578.71,276600,1578.71
8/7/08,1577.36,1582.51,1553.21,1564,219000,1564
8/8/08,1547.7,1573.18,1544.1,1568.72,221200,1568.72
8/11/08,1592.3,1597.31,1581.09,1581.09,254600,1581.09
8/12/08,1581.1,1590.12,1570.88,1577.12,251600,1577.12
8/13/08,1572.87,1581.46,1553.94,1562.72,231600,1562.72
8/14/08,1553.65,1578.3,1553.65,1572.19,247586000,1572.19
8/18/08,1579.13,1582.76,1561.57,1567.71,260725000,1567.71
8/19/08,1554.21,1554.92,1528.31,1541.41,261000,1541.41
8/20/08,1531.87,1549.53,1524.87,1540.71,243600,1540.71
8/21/08,1539.55,1540.45,1511.69,1512.59,259400,1512.59
8/22/08,1508.67,1508.67,1477.55,1496.91,226200,1496.91
8/25/08,1505.13,1510.98,1496.63,1502.11,198200,1502.11
8/26/08,1477.04,1502.33,1474.64,1490.25,213000,1490.25
8/27/08,1487.78,1498.38,1466.46,1493.92,241600,1493.92
8/28/08,1503.26,1503.74,1473,1474.15,216000,1474.15
8/29/08,1488.25,1496.14,1470.87,1474.24,242000,1474.24
9/1/08,1453.14,1456.69,1413.43,1414.43,316600,1414.43
9/2/08,1418.26,1430.43,1392.55,1407.14,373400,1407.14
9/3/08,1403.89,1430.94,1396.13,1426.89,367000,1426.89
9/4/08,1421.16,1436.62,1409.33,1426.43,372800,1426.43
9/5/08,1394.39,1415.24,1393.33,1404.38,298400,1404.38
9/8/08,1437.59,1481.41,1437.59,1476.65,399000,1476.65
9/9/08,1469.54,1469.54,1446.53,1454.5,443600,1454.5
9/10/08,1432.9,1466.26,1430.05,1464.98,421200,1464.98
9/11/08,1459.69,1467.9,1439.38,1443.24,363000,1443.24
9/12/08,1468.41,1480.77,1463.58,1477.92,311800,1477.92
9/16/08,1381.24,1401.79,1372.55,1387.75,392600,1387.75
9/17/08,1420.49,1441.24,1412.6,1425.26,398200,1425.26
9/18/08,1385.47,1400.35,1366.88,1392.42,413200,1392.42
9/19/08,1441.31,1464.59,1435.72,1455.78,468600,1455.78
9/22/08,1472.08,1488.94,1457.1,1460.34,354200,1460.34
9/23/08,1447.9,1484.01,1445.5,1481.37,470400,1481.37
9/24/08,1479.04,1501.09,1472.31,1495.98,498600,1495.98
9/25/08,1487.73,1503.83,1469.23,1501.63,419000,1501.63
9/26/08,1492.42,1498.74,1469.83,1476.33,406000,1476.33
9/29/08,1491.11,1496.3,1449.33,1456.36,365800,1456.36
9/30/08,1383.97,1448.06,1376.72,1448.06,412800,1448.06
10/1/08,1453.4,1453.4,1429.57,1439.67,314200,1439.67
10/2/08,1450.16,1458.68,1410.35,1419.65,318000,1419.65
10/6/08,1389.68,1389.68,1351.72,1358.75,312400,1358.75
10/7/08,1340.92,1371.24,1321.81,1366.1,349200,1366.1
10/8/08,1323.96,1334.34,1281.47,1286.69,431200,1286.69
10/9/08,1289.67,1324.36,1274.46,1294.89,451800,1294.89
10/10/08,1248.53,1248.53,1178.51,1241.47,461200,1241.47
10/13/08,1272.95,1294.19,1252.44,1288.53,384600,1288.53
10/14/08,1342.31,1367.7,1339.86,1367.69,460800,1367.69
10/15/08,1338.46,1353.44,1327.42,1340.28,347600,1340.28
10/16/08,1258.38,1265.85,1205.14,1213.78,409000,1213.78
10/17/08,1245.15,1245.15,1166.88,1180.67,420200,1180.67
10/20/08,1195.9,1211.09,1149.39,1207.63,373000,1207.63
10/21/08,1223.75,1232.73,1181.88,1196.1,389200,1196.1
10/22/08,1190.5,1195.28,1095.56,1134.59,374800,1134.59
10/23/08,1089.57,1089.57,1028.5,1049.71,401400,1049.71
10/24/08,1051.58,1051.92,925.57,938.75,443000,938.75
10/27/08,937.18,966.41,892.16,946.45,540600,946.45
10/28/08,916.85,1012.73,901.49,999.16,649400,999.16
10/29/08,1047.48,1078.33,920.35,968.97,763400,968.97
10/30/08,1036.83,1094.89,992.89,1084.72,621600,1084.72
10/31/08,1083.14,1158.66,1061.46,1113.06,864800,1113.06
11/3/08,1117.13,1158.87,1109.32,1129.08,568200,1129.08
11/4/08,1135.53,1154.45,1114.41,1153.35,603600,1153.35
11/5/08,1184.92,1217.82,1159.67,1181.5,790200,1181.5
11/6/08,1133.78,1140.85,1081.79,1092.22,657600,1092.22
11/7/08,1054.35,1134.5,1038.72,1134.49,846400,1134.49
11/10/08,1152.26,1165.57,1124.13,1152.46,717400,1152.46
11/11/08,1133.34,1160.3,1114.5,1128.73,600800,1128.73
11/12/08,1103.88,1143.18,1096.63,1123.86,605600,1123.86
11/13/08,1074.75,1088.46,1040.34,1088.44,566800,1088.44
11/14/08,1126.94,1129.4,1078.44,1088.26,440400,1088.26
11/17/08,1074.33,1104.66,1050.4,1078.32,413400,1078.32
11/18/08,1053.29,1075.68,1036.1,1036.16,377400,1036.16
11/19/08,1038.74,1038.74,994.57,1016.82,404600,1016.82
11/20/08,967.46,984.51,947.44,948.69,424000,948.69
11/21/08,929.74,1013.12,914.02,1003.73,602000,1003.73
11/24/08,996.23,1014.49,969.49,970.14,464200,970.14
11/25/08,1016.09,1029.46,966.28,983.32,486200,983.32
11/26/08,993.07,1030.7,993.07,1029.78,515400,1029.78
11/27/08,1058.63,1070.67,1046.46,1063.48,563600,1063.48
11/28/08,1066.84,1084.03,1061.52,1076.07,555200,1076.07
12/1/08,1074,1083.01,1058.62,1058.62,627400,1058.62
12/2/08,1007.71,1038.41,1007.26,1023.2,421000,1023.2
12/3/08,1038.41,1038.41,1013.56,1022.67,478600,1022.67
12/4/08,1042.16,1042.16,997,1006.54,397400,1006.54
12/5/08,1017.48,1032.68,1008.3,1028.13,398600,1028.13
12/8/08,1041.41,1111.27,1037.64,1105.05,540400,1105.05
12/9/08,1116.09,1120.66,1092.49,1105.84,485000,1105.84
12/10/08,1112.44,1155.08,1105.71,1145.87,558800,1145.87
12/11/08,1145.06,1166.27,1135.5,1154.43,576000,1154.43
12/12/08,1128.66,1152.99,1089.94,1103.82,621600,1103.82
12/15/08,1138.42,1164.72,1138.42,1158.19,484800,1158.19
12/16/08,1148.68,1165.29,1137.05,1161.56,626400,1161.56
12/17/08,1190.09,1196.37,1146.04,1169.75,647400,1169.75
12/18/08,1183.38,1189.83,1164.6,1175.91,557400,1175.91
12/19/08,1174.24,1194.52,1171.38,1180.97,684800,1180.97
12/22/08,1189.85,1201.14,1167.63,1179.61,450400,1179.61
12/23/08,1168.15,1175.32,1140.13,1144.31,434800,1144.31
12/24/08,1140.08,1143.68,1113.17,1128.51,406400,1128.51
12/26/08,1128.54,1134.57,1108.86,1117.86,344800,1117.86
12/29/08,1109.4,1118.35,1084.26,1117.59,312000,1117.59
12/30/08,1124.6,1144.24,1121.32,1124.47,357600,1124.47
1/2/09,1132.87,1157.4,1118.84,1157.4,340600,1157.4
1/5/09,1180.98,1185.22,1166.66,1173.57,414600,1173.57
1/6/09,1183.52,1203.59,1179.94,1194.28,444000,1194.28
1/7/09,1198.85,1228.56,1195.2,1228.17,568400,1228.17
1/8/09,1212.7,1218.43,1195.15,1205.7,472200,1205.7
1/9/09,1214.5,1220.59,1179.06,1180.96,443200,1180.96
1/12/09,1170.69,1177.19,1150.41,1156.75,352600,1156.75
1/13/09,1147.99,1168.04,1133.94,1167.71,381200,1167.71
1/14/09,1161.01,1184.52,1151.8,1182.68,358600,1182.68
1/15/09,1138.47,1145.41,1108.15,1111.34,366200,1111.34
1/16/09,1120.69,1135.79,1109.69,1135.2,335600,1135.2
1/19/09,1146.09,1159.88,1141.31,1150.65,370000,1150.65
1/20/09,1136.16,1136.48,1115.07,1126.81,319200,1126.81
1/21/09,1087.43,1118.4,1085.72,1103.61,334400,1103.61
1/22/09,1125.22,1127.35,1106.74,1116.23,346800,1116.23
1/23/09,1105.43,1105.43,1087.66,1093.4,268000,1093.4
1/28/09,1123.23,1160.19,1122.33,1157.98,345200,1157.98
1/29/09,1165.82,1179.15,1160.75,1166.56,384600,1166.56
1/30/09,1147.57,1163.76,1144.52,1162.11,377000,1162.11
2/2/09,1145.87,1170.7,1136.37,1146.95,374400,1146.95
2/3/09,1152.94,1174.28,1137.83,1163.2,347600,1163.2
2/4/09,1183.22,1195.52,1176.1,1195.37,450000,1195.37
2/5/09,1187.05,1206.73,1177.88,1177.88,463400,1177.88
2/6/09,1199.17,1210.26,1190.67,1210.26,570600,1210.26
2/9/09,1224.44,1227.73,1199.93,1202.69,475600,1202.69
2/10/09,1215.05,1219.76,1186.33,1198.87,468400,1198.87
2/11/09,1168.42,1193.55,1162.57,1190.18,469600,1190.18
2/12/09,1183.68,1187.35,1162.58,1179.84,488000,1179.84
2/13/09,1179.63,1192.48,1165.25,1192.44,574800,1192.44
2/16/09,1183.52,1199.5,1174.73,1175.47,509400,1175.47
2/17/09,1167.22,1167.22,1121.41,1127.19,546200,1127.19
2/18/09,1111.35,1120.65,1096,1113.19,598200,1113.19
2/19/09,1109.99,1121.27,1092.96,1107.1,641400,1107.1
2/20/09,1095.25,1102.44,1056.34,1065.95,587400,1065.95
2/23/09,1058.54,1099.55,1051.52,1099.55,396000,1099.55
2/24/09,1061.56,1071.93,1055.86,1063.88,576200,1063.88
2/25/09,1094.7,1095.73,1061.6,1067.08,735200,1067.08
2/26/09,1077.71,1100.45,1036.67,1054.79,575000,1054.79
2/27/09,1056.71,1076.81,1048.05,1063.03,498200,1063.03
3/2/09,1044.28,1044.28,1010.87,1018.81,413800,1018.81
3/3/09,993.85,1029.18,992.69,1025.57,543400,1025.57
3/4/09,1018.9,1062.69,1008.67,1059.26,490800,1059.26
3/5/09,1068.25,1074.56,1050.9,1058.18,509800,1058.18
3/6/09,1036.29,1059.33,1036.29,1055.03,465600,1055.03
3/9/09,1068.98,1077.13,1052.41,1071.73,457800,1071.73
3/10/09,1060.61,1096.59,1060.61,1092.2,614000,1092.2
3/11/09,1122.91,1127.88,1118.12,1127.51,574200,1127.51
3/12/09,1126.6,1132.3,1107.6,1128.39,536800,1128.39
3/13/09,1137.35,1147.83,1124.71,1126.03,506200,1126.03
3/16/09,1126.09,1142.58,1119.33,1125.46,436000,1125.46
3/17/09,1140.32,1166.6,1132.75,1163.88,726600,1163.88
3/18/09,1176.86,1176.86,1157.11,1169.95,520000,1169.95
3/19/09,1180.39,1186.91,1158.19,1161.81,532400,1161.81
3/20/09,1165.03,1180.38,1163.59,1170.94,374600,1170.94
3/23/09,1179.6,1201.23,1179.13,1199.5,461200,1199.5
3/24/09,1225.94,1225.94,1205.08,1221.7,512200,1221.7
3/25/09,1216.29,1229.02,1211.2,1229.02,494400,1229.02
3/26/09,1226.51,1243.97,1216.49,1243.8,586600,1243.8
3/27/09,1248.7,1256.7,1233.95,1237.51,701600,1237.51
3/30/09,1239.8,1244.78,1196.32,1197.46,524800,1197.46
3/31/09,1205.98,1228.21,1203.16,1206.26,502400,1206.26
4/1/09,1214.06,1238.04,1201.71,1233.36,585400,1233.36
4/2/09,1254.38,1278.56,1249.94,1276.97,730200,1276.97
4/3/09,1288.56,1292.6,1274.45,1283.75,617800,1283.75
4/6/09,1292.42,1315.3,1292.42,1297.85,725000,1297.85
4/7/09,1296.32,1304.28,1282.41,1300.1,686400,1300.1
4/8/09,1284.98,1287.59,1260.73,1262.07,750800,1262.07
4/9/09,1274.03,1317.29,1272.02,1316.35,932000,1316.35
4/10/09,1340.87,1355.69,1319.52,1336.04,918400,1336.04
4/13/09,1341.74,1353.27,1328.99,1338.26,815000,1338.26
4/14/09,1353.25,1356.31,1323.64,1342.63,932000,1342.63
4/15/09,1321.6,1341.32,1305.16,1333.09,806800,1333.09
4/16/09,1356.88,1371.28,1334.65,1336.72,743400,1336.72
4/17/09,1354.93,1360.9,1316.11,1329,790000,1329
4/20/09,1331.76,1338.9,1311.73,1336.39,562200,1336.39
4/21/09,1307.95,1338.48,1303.22,1336.81,636400,1336.81
4/22/09,1347.79,1360.41,1336.41,1356.02,728600,1356.02
4/23/09,1367.3,1371.95,1353.16,1368.8,745600,1368.8
4/24/09,1371.81,1375.8,1343.55,1354.1,680000,1354.1
4/27/09,1358.2,1366.66,1334.02,1339.83,544600,1339.83
4/28/09,1344.77,1353.8,1298.86,1300.24,756800,1300.24
4/29/09,1310.62,1338.43,1299.98,1338.42,598800,1338.42
4/30/09,1353.67,1377.82,1350.46,1369.36,811200,1369.36
5/4/09,1386.02,1397.92,1381.12,1397.92,748800,1397.92
5/6/09,1399.82,1408.57,1385.35,1393.45,738400,1393.45
5/7/09,1414.55,1415.48,1389.82,1401.08,769600,1401.08
5/8/09,1400.47,1412.14,1390.83,1412.13,732000,1412.13
5/11/09,1416.42,1420.31,1405.42,1415.16,681400,1415.16
5/12/09,1406.44,1411.21,1395.91,1403.51,770400,1403.51
5/13/09,1409.59,1414.63,1400.35,1414.52,713800,1414.52
5/14/09,1395.6,1400.38,1380.91,1380.95,700600,1380.95
5/15/09,1395.15,1399.84,1385.83,1391.73,702600,1391.73
5/18/09,1385.71,1387.2,1366.58,1386.68,552200,1386.68
5/19/09,1416.95,1428.21,1411.89,1428.21,767400,1428.21
5/20/09,1427.98,1436.92,1424.6,1435.7,698200,1435.7
5/21/09,1431.03,1433.07,1412.73,1421.65,867200,1421.65
5/22/09,1406.27,1431.32,1402.8,1403.75,675400,1403.75
5/25/09,1393.99,1414.14,1315.21,1400.9,824000,1400.9
5/26/09,1407.58,1409.29,1361.58,1372.04,655600,1372.04
5/27/09,1394.74,1396.77,1360.3,1362.02,776600,1362.02
5/28/09,1355.89,1392.17,1345.1,1392.17,634000,1392.17
5/29/09,1393.25,1398.44,1380.68,1395.89,540400,1395.89
6/1/09,1394.92,1415.1,1384.45,1415.1,552600,1415.1
6/2/09,1437.15,1437.76,1411.62,1412.85,692200,1412.85
6/3/09,1423.8,1427.05,1402.76,1414.89,728200,1414.89
6/4/09,1410.24,1411.11,1375.94,1378.14,579400,1378.14
6/5/09,1392.63,1394.71,1373.24,1394.71,509000,1394.71
6/8/09,1394.23,1411.27,1387.41,1393.3,513600,1393.3
6/9/09,1406.66,1410,1371.52,1371.84,477600,1371.84
6/10/09,1379.61,1414.88,1376.46,1414.88,497200,1414.88
6/11/09,1411.92,1435.28,1407.5,1419.39,483800,1419.39
6/12/09,1428.87,1436.23,1416.5,1428.59,506600,1428.59
6/15/09,1427.75,1427.75,1401.19,1412.42,432800,1412.42
6/16/09,1394.7,1410.01,1389.33,1399.15,472600,1399.15
6/17/09,1391.97,1397.21,1384.13,1391.17,453800,1391.17
6/18/09,1390.22,1396.75,1371.38,1375.76,497000,1375.76
6/19/09,1386.52,1388.75,1369.76,1383.34,468000,1383.34
6/22/09,1381.85,1399.92,1379.75,1399.71,400400,1399.71
6/23/09,1369.87,1374.44,1354.98,1360.54,497800,1360.54
6/24/09,1366.01,1370,1350.31,1363.79,431000,1363.79
6/25/09,1366.78,1402.35,1366.78,1392.73,446400,1392.73
6/26/09,1401.57,1404.01,1388.38,1394.53,423800,1394.53
6/29/09,1399.64,1408.94,1386.03,1388.45,422600,1388.45
6/30/09,1402.3,1409.1,1385.76,1390.07,469800,1390.07
7/1/09,1386.33,1414.79,1381.09,1411.66,503600,1411.66
7/2/09,1419.15,1419.15,1403.18,1411.48,463000,1411.48
7/3/09,1389.93,1420.04,1389.39,1420.04,397400,1420.04
7/6/09,1419.17,1434.31,1416.2,1428.94,380000,1428.94
7/7/09,1434.47,1439.57,1426.95,1434.2,451000,1434.2
7/8/09,1424.92,1431.02,1412.68,1431.02,433400,1431.02
7/9/09,1428.74,1443.81,1426.41,1430.89,434400,1430.89
7/10/09,1435.52,1436.5,1415.99,1428.62,454800,1428.62
7/13/09,1426.31,1426.31,1378.12,1378.12,444200,1378.12
7/14/09,1400.53,1402,1377.6,1385.56,425400,1385.56
7/15/09,1402.76,1422.41,1402.28,1420.86,396400,1420.86
7/16/09,1438.02,1442.1,1426.51,1432.22,422400,1432.22
7/17/09,1443.49,1445.6,1432.8,1440.1,402800,1440.1
7/20/09,1447.85,1480.49,1447.11,1478.51,504000,1478.51
7/21/09,1489.45,1496.87,1480.64,1488.99,513000,1488.99
7/22/09,1492.37,1496.49,1485.04,1494.04,506000,1494.04
7/23/09,1495.39,1504.7,1484.83,1496.49,641600,1496.49
7/24/09,1508.32,1510.82,1496.89,1502.59,531000,1502.59
7/27/09,1510.75,1529.26,1505.85,1524.05,503200,1524.05
7/28/09,1521.49,1528.55,1518.5,1526.03,429600,1526.03
7/29/09,1524.08,1529.8,1516.03,1524.32,485200,1524.32
7/30/09,1524.56,1535.36,1511.13,1534.74,430400,1534.74
7/31/09,1543.05,1559.07,1536.86,1557.29,465600,1557.29
8/3/09,1561.94,1570.01,1554.77,1564.98,489000,1564.98
8/4/09,1576.95,1586.12,1558.47,1566.37,588400,1566.37
8/5/09,1571.71,1575.03,1557.79,1559.47,492800,1559.47
8/6/09,1555.64,1572.17,1546.5,1565.04,491000,1565.04
8/7/09,1563.13,1576.8,1559.18,1576,476400,1576
8/10/09,1585.35,1588.15,1573.22,1576.11,489800,1576.11
8/11/09,1572.33,1580.44,1570.51,1579.21,571200,1579.21
8/12/09,1571.74,1571.74,1552.51,1565.35,507000,1565.35
8/13/09,1578.95,1581.34,1564.64,1564.64,560200,1564.64
8/14/09,1582.21,1594.46,1579.17,1591.41,604400,1591.41
8/17/09,1588.73,1588.73,1541.74,1547.06,593800,1547.06
8/18/09,1534.22,1560.73,1530.65,1550.24,597400,1550.24
8/19/09,1555.03,1564.9,1545.93,1545.96,520800,1545.96
8/20/09,1559.99,1577.08,1544.5,1576.39,454200,1576.39
8/21/09,1582.61,1590.15,1564.45,1580.98,513200,1580.98
8/24/09,1604.31,1614.05,1602.34,1612.22,540200,1612.22
8/25/09,1603.03,1610.33,1596,1601.38,460200,1601.38
8/26/09,1607.7,1615.05,1602.4,1614.12,450400,1614.12
8/27/09,1608.83,1614.07,1590.98,1599.33,425600,1599.33
8/28/09,1612.93,1616.29,1599.68,1607.94,454600,1607.94
8/31/09,1607.61,1611.65,1580.28,1591.85,442800,1591.85
9/1/09,1592.29,1624.34,1583.11,1623.06,443400,1623.06
9/2/09,1598.66,1622.82,1592.48,1613.16,560400,1613.16
9/3/09,1614.53,1620.06,1605.96,1613.53,491600,1613.53
9/4/09,1623.07,1623.07,1597.2,1608.9,593800,1608.9
9/7/09,1618.79,1619.98,1601.04,1608.57,410400,1608.57
9/8/09,1616.48,1622.73,1610.91,1619.69,522400,1619.69
9/9/09,1622.25,1622.81,1602.69,1607.77,516600,1607.77
9/10/09,1615.71,1644.68,1613.76,1644.68,580000,1644.68
9/11/09,1644.31,1653.77,1639.83,1651.7,512600,1651.7
9/14/09,1653.17,1653.59,1628.96,1634.91,428200,1634.91
9/15/09,1646.29,1654.92,1640.87,1653.4,548200,1653.4
9/16/09,1660.43,1693.84,1660.43,1683.33,567200,1683.33
9/17/09,1700.19,1704.88,1682.04,1695.47,526600,1695.47
9/18/09,1695.17,1713.22,1691.64,1699.71,499400,1699.71
9/21/09,1700.56,1709.34,1691.92,1695.5,516800,1695.5
9/22/09,1701.96,1720.73,1701.57,1718.88,447600,1718.88
9/23/09,1723.03,1723.17,1705.98,1711.47,502600,1711.47
9/24/09,1706.19,1715.55,1680.96,1693.88,420600,1693.88
9/25/09,1686.41,1691.71,1662.52,1691.48,391200,1691.48
9/28/09,1678.57,1685.34,1668.97,1675.55,351000,1675.55
9/29/09,1695.94,1696.71,1680.69,1690.05,343400,1690.05
9/30/09,1688.6,1704.24,1665.9,1673.14,369400,1673.14
10/1/09,1680.46,1685.01,1629.55,1644.63,336800,1644.63
10/5/09,1622.1,1629.01,1603.71,1606.9,318600,1606.9
10/6/09,1620.31,1626.02,1590.47,1598.44,389800,1598.44
10/7/09,1619.07,1625.11,1598,1598,410000,1598
10/8/09,1607.86,1615.46,1591.15,1615.46,376400,1615.46
10/9/09,1622.12,1648.98,1614.61,1646.79,439600,1646.79
10/12/09,1660.19,1661.37,1631.59,1639.81,412600,1639.81
10/13/09,1634.49,1642.78,1614.46,1628.93,418200,1628.93
10/14/09,1642.1,1653.22,1637.78,1649.09,410200,1649.09
10/15/09,1661.69,1672.08,1653.33,1658.99,372600,1658.99
10/16/09,1656.07,1667.49,1638.49,1640.36,370200,1640.36
10/19/09,1633.34,1649.69,1614.85,1649.07,278200,1649.07
10/20/09,1663.95,1665.65,1649.27,1659.15,401200,1659.15
10/21/09,1649.81,1664.52,1645.56,1653.86,365400,1653.86
10/22/09,1638.01,1650.03,1623.96,1630.33,386000,1630.33
10/23/09,1643.62,1647.27,1633.11,1640.17,330200,1640.17
10/26/09,1634.33,1663.03,1633.92,1657.11,313400,1657.11
10/27/09,1646.76,1651.63,1637.15,1649.53,334200,1649.53
10/28/09,1648.8,1652.46,1604.01,1609.71,368800,1609.71
10/29/09,1584.52,1587.19,1564.41,1585.85,371800,1585.85
10/30/09,1605.12,1605.12,1580.69,1580.69,272000,1580.69
11/2/09,1543.24,1570.15,1543.24,1559.09,288600,1559.09
11/3/09,1562.1,1565.01,1549.1,1549.92,273800,1549.92
11/4/09,1556.02,1579.93,1550.73,1579.93,266800,1579.93
11/5/09,1568.67,1571.8,1551.94,1552.24,203600,1552.24
11/6/09,1577.64,1577.64,1565.48,1572.46,253800,1572.46
11/9/09,1577.92,1592.1,1573.36,1576.79,245600,1576.79
11/10/09,1595.33,1600.41,1580.03,1582.3,276600,1582.3
11/11/09,1590.44,1594.82,1574.78,1594.82,263000,1594.82
11/12/09,1598.55,1603.01,1572.72,1572.73,281000,1572.73
11/13/09,1581.6,1587.07,1561.93,1571.99,259200,1571.99
11/16/09,1577.63,1592.48,1566.83,1592.47,244400,1592.47
11/17/09,1599.79,1602.67,1585.97,1585.98,294800,1585.98
11/18/09,1595.88,1612.63,1594.86,1603.97,279000,1603.97
11/20/09,1613.28,1624.9,1612.32,1620.6,255200,1620.6
11/23/09,1623.8,1630.41,1611.73,1619.05,254000,1619.05
11/24/09,1626.93,1627.11,1601.14,1606.42,395200,1606.42
11/25/09,1608.83,1614.9,1599.08,1611.88,284200,1611.88
11/26/09,1606.73,1621.21,1599.51,1599.52,280600,1599.52
11/27/09,1574.56,1581.44,1519.4,1524.5,388000,1524.5
11/30/09,1547.65,1566.51,1547.65,1555.6,308200,1555.6
12/1/09,1550.35,1569.72,1541.09,1569.72,302600,1569.72
12/2/09,1582.62,1597.12,1579.99,1591.63,328000,1591.63
12/3/09,1597.31,1615,1594.5,1615,277400,1615
12/4/09,1609.07,1629.8,1608.39,1624.76,280400,1624.76
12/7/09,1633.3,1635.72,1625.44,1632.65,265800,1632.65
12/8/09,1630.78,1638.22,1622.31,1627.78,354200,1627.78
12/9/09,1615.65,1634.17,1609.81,1634.17,353400,1634.17
12/10/09,1635.58,1652.73,1612.71,1652.73,468800,1652.73
12/11/09,1650.57,1664.05,1641.54,1656.9,437600,1656.9
12/14/09,1662.74,1664.85,1644.75,1664.77,410600,1664.77
12/15/09,1659.77,1667.73,1657.85,1665.85,364000,1665.85
12/16/09,1666.16,1670.1,1652.1,1664.24,369200,1664.24
12/17/09,1663.65,1664.65,1647.66,1647.84,375800,1647.84
12/18/09,1639.25,1651.02,1632.09,1647.04,263400,1647.04
12/21/09,1646.32,1650.89,1637.23,1644.23,285000,1644.23
12/22/09,1656.18,1658.1,1647.21,1655.54,471000,1655.54
12/23/09,1661.44,1661.68,1654.87,1661.35,370600,1661.35
12/24/09,1663.66,1687.08,1662.31,1682.34,329600,1682.34
12/28/09,1695.19,1695.33,1679.56,1685.59,388000,1685.59
12/29/09,1674.96,1683.05,1662.07,1672.48,317200,1672.48
12/30/09,1670.19,1682.77,1661.11,1682.77,326000,1682.77
1/4/10,1681.71,1696.14,1681.71,1696.14,295600,1696.14
1/5/10,1701.62,1702.39,1686.45,1690.62,407600,1690.62
1/6/10,1697.88,1706.89,1696.1,1705.32,425400,1705.32
1/7/10,1702.92,1707.9,1683.45,1683.45,461600,1683.45
1/8/10,1694.06,1695.26,1668.84,1695.26,379200,1695.26
1/11/10,1700.79,1705.73,1694.12,1694.12,405200,1694.12
1/12/10,1695.83,1701.16,1683.29,1698.64,382800,1698.64
1/13/10,1683.51,1687.58,1671.11,1671.41,360800,1671.41
1/14/10,1680.68,1692.78,1677.46,1685.77,433200,1685.77
1/15/10,1694.65,1704.43,1686.12,1701.8,414800,1701.8
1/18/10,1696.14,1716.62,1688.89,1711.78,420000,1711.78
1/19/10,1719.41,1723.22,1706.73,1710.22,383000,1710.22
1/20/10,1723.01,1723.01,1708.58,1714.38,694800,1714.38
1/21/10,1700.53,1722.01,1695.18,1722.01,542600,1722.01
1/22/10,1696.21,1706.09,1665.6,1684.35,614200,1684.35
1/25/10,1662.77,1681.83,1660.58,1670.2,584200,1670.2
1/26/10,1670.47,1671.66,1626.98,1637.34,576400,1637.34
1/27/10,1641.88,1643.64,1620.55,1625.48,446200,1625.48
1/28/10,1632.58,1649.46,1619.26,1642.43,478800,1642.43
1/29/10,1621,1626.57,1595.39,1602.43,473400,1602.43
2/1/10,1603.87,1611.99,1590.8,1606.44,381800,1606.44
2/2/10,1618.6,1618.6,1591.24,1595.81,434200,1595.81
2/3/10,1614.16,1618.86,1602.55,1615.02,437400,1615.02
2/4/10,1615.48,1619.37,1607.87,1616.42,396400,1616.42
2/5/10,1567.59,1575.16,1560.99,1567.12,460200,1567.12
2/8/10,1565.24,1566.3,1548.78,1552.79,445000,1552.79
2/9/10,1550.8,1571.96,1549.11,1570.49,433400,1570.49
2/10/10,1578.83,1581.56,1565.79,1570.12,435600,1570.12
2/11/10,1574.95,1600.41,1574.77,1597.81,393000,1597.81
2/12/10,1595.95,1598.41,1577.89,1593.66,291800,1593.66
2/16/10,1589.97,1608.86,1586.87,1601.05,275000,1601.05
2/17/10,1619.04,1628.31,1618.27,1627.43,383200,1627.43
2/18/10,1630.89,1631.71,1618.81,1621.19,313600,1621.19
2/19/10,1611.09,1623.25,1592.92,1593.9,345400,1593.9
2/22/10,1617.16,1630.51,1617.16,1627.1,306800,1627.1
2/23/10,1626.75,1630.45,1616.04,1628.9,351600,1628.9
2/24/10,1616.55,1618.46,1606.24,1612.83,390000,1612.83
2/25/10,1620.25,1621.84,1582.22,1587.51,402800,1587.51
2/26/10,1593.73,1596.55,1580.7,1594.58,331200,1594.58
3/2/10,1612.43,1620.15,1608.97,1615.12,414600,1615.12
3/3/10,1615.25,1622.63,1611.35,1622.44,403000,1622.44
3/4/10,1625.35,1631.1,1612.47,1618.2,382600,1618.2
3/5/10,1624.8,1634.57,1624.74,1634.57,343800,1634.57
3/8/10,1653.54,1660.28,1649.67,1660.04,367400,1660.04
3/9/10,1657.94,1661.26,1653.98,1660.83,634400,1660.83
3/10/10,1662,1662.88,1653.69,1662.24,499800,1662.24
3/11/10,1670.82,1672.48,1656.48,1656.62,527000,1656.62
3/12/10,1666.59,1666.86,1653.03,1662.74,368600,1662.74
3/15/10,1663.86,1667.44,1643.51,1649.5,343200,1649.5
3/16/10,1654.52,1655.27,1642.86,1648.01,512200,1648.01
3/17/10,1663.3,1682.86,1659.64,1682.86,605200,1682.86
3/18/10,1679.21,1687.7,1675.1,1675.17,433600,1675.17
3/19/10,1682.52,1687.68,1677.62,1686.11,440400,1686.11
3/22/10,1678.51,1680.94,1664.88,1672.67,346600,1672.67
3/23/10,1685.07,1689.46,1677.91,1681.82,413400,1681.82
3/24/10,1693.56,1695.03,1678.07,1681.01,370000,1681.01
3/25/10,1680.42,1688.39,1677.05,1688.39,388400,1688.39
3/26/10,1683.96,1699.94,1680.91,1697.72,396800,1697.72
3/29/10,1681.99,1699.81,1681.44,1691.99,339000,1691.99
3/30/10,1705.51,1705.57,1693.83,1700.19,319800,1700.19
3/31/10,1702.58,1704.81,1689.92,1692.85,327200,1692.85
4/1/10,1695.3,1719.74,1695.3,1719.17,295800,1719.17
4/2/10,1723.29,1725.39,1715.56,1723.49,353400,1723.49
4/5/10,1728.27,1731,1711.16,1724.99,423200,1724.99
4/6/10,1732.98,1732.98,1719.14,1726.09,419600,1726.09
4/7/10,1725.31,1729.23,1722.19,1726.6,399200,1726.6
4/8/10,1722.13,1733.78,1719.51,1733.78,361800,1733.78
4/9/10,1735,1737.45,1710.11,1724.47,451800,1724.47
4/12/10,1730.37,1733.3,1707.92,1710.3,415200,1710.3
4/13/10,1714.96,1716.09,1699.58,1710.59,368200,1710.59
4/14/10,1720.42,1735.33,1720.42,1735.33,431000,1735.33
4/15/10,1745.52,1747.38,1729.59,1743.91,464200,1743.91
4/16/10,1742.24,1743.65,1723.28,1734.49,380800,1734.49
4/19/10,1708.39,1720.03,1700.69,1705.3,367200,1705.3
4/20/10,1715.83,1721.36,1710.18,1718.03,521600,1718.03
4/21/10,1730.37,1748.19,1729.77,1747.58,532800,1747.58
4/22/10,1737.29,1740.04,1727.61,1739.52,524800,1739.52
4/23/10,1747.92,1748.46,1732.88,1737.03,460400,1737.03
4/26/10,1745.98,1757.76,1745.8,1752.2,419600,1752.2
4/27/10,1748.84,1756.15,1742.27,1749.55,432200,1749.55
4/28/10,1716.17,1733.91,1714.53,1733.91,398800,1733.91
4/29/10,1738.77,1738.77,1720.67,1728.42,443800,1728.42
4/30/10,1742.32,1749.69,1739.81,1741.56,411400,1741.56
5/3/10,1735.68,1740.15,1709.81,1721.21,413600,1721.21
5/4/10,1730.57,1734.47,1714.17,1718.75,380600,1718.75
5/6/10,1679.79,1689.16,1674.11,1684.71,448200,1684.71
5/7/10,1632.45,1658.3,1625.83,1647.5,455400,1647.5
5/10/10,1661.61,1679.58,1654.41,1677.63,382600,1677.63
5/11/10,1692.4,1692.4,1661.71,1670.24,455000,1670.24
5/12/10,1678.79,1680.16,1657.67,1663.03,451200,1663.03
5/13/10,1683.76,1700,1682.91,1694.58,398000,1694.58
5/14/10,1685.75,1699.59,1677.44,1695.63,432200,1695.63
5/17/10,1668.57,1673.01,1644.71,1651.51,401400,1651.51
5/18/10,1662.31,1663.15,1629.35,1643.24,491800,1643.24
5/19/10,1621.32,1630.31,1601.54,1630.08,417000,1630.08
5/20/10,1624.17,1640.47,1591.93,1600.18,357600,1600.18
5/24/10,1589.83,1612.91,1585.62,1604.93,270000,1604.93
5/25/10,1585.17,1585.6,1532.68,1560.83,474400,1560.83
5/26/10,1575.29,1582.12,1549.65,1582.12,357600,1582.12
5/27/10,1565.59,1611.59,1565.4,1607.5,356400,1607.5
5/28/10,1630.14,1630.18,1606.76,1622.78,313600,1622.78
5/31/10,1625.08,1641.25,1621.09,1641.25,297800,1641.25
6/1/10,1634.55,1643.08,1623.4,1630.4,313400,1630.4
6/3/10,1643.74,1663.67,1641.77,1661.84,308000,1661.84
6/4/10,1660.99,1670.94,1658.52,1664.13,285400,1664.13
6/7/10,1628.06,1638.88,1618.57,1637.97,300200,1637.97
6/8/10,1635.01,1656.37,1630.43,1651.48,279800,1651.48
6/9/10,1653.12,1655.61,1638.38,1647.22,314400,1647.22
6/10/10,1651.92,1662.32,1643.71,1651.7,305800,1651.7
6/11/10,1674.61,1681.7,1662.75,1675.34,367000,1675.34
6/14/10,1683.29,1698.21,1681.95,1690.6,372200,1690.6
6/15/10,1687.85,1696.74,1684.52,1690.03,346400,1690.03
6/17/10,1707.29,1711.48,1701.28,1707.92,368400,1707.92
6/18/10,1710.4,1712.35,1701.92,1711.95,292800,1711.95
6/21/10,1728.37,1741.48,1723.77,1739.68,390600,1739.68
6/22/10,1727.96,1734.42,1723.96,1731.48,402600,1731.48
6/23/10,1722.52,1731.78,1721.41,1725.82,370800,1725.82
6/24/10,1724.85,1739.87,1721.72,1739.87,313000,1739.87
6/25/10,1721.53,1733.7,1719.08,1729.84,302600,1729.84
6/28/10,1734.53,1735.27,1726.25,1732.03,346600,1732.03
6/29/10,1735.31,1739.97,1703.47,1707.76,380200,1707.76
6/30/10,1678.54,1699.55,1675.47,1698.29,340600,1698.29
7/1/10,1687,1693.9,1664.54,1686.24,327200,1686.24
7/2/10,1688.95,1693.75,1667.38,1671.82,344600,1671.82
7/5/10,1675.43,1680.39,1664.22,1675.37,355000,1675.37
7/6/10,1664.87,1684.94,1650.3,1684.94,334000,1684.94
7/7/10,1685.77,1685.77,1668.61,1675.65,343800,1675.65
7/8/10,1699.17,1702.65,1692.93,1698.64,329800,1698.64
7/9/10,1708.72,1723.14,1697.61,1723.01,471000,1723.01
7/12/10,1731.73,1734.05,1724.6,1734.05,345200,1734.05
7/13/10,1737.92,1750.48,1732.85,1735.08,411600,1735.08
7/14/10,1754.43,1764.81,1754.12,1758.01,533600,1758.01
7/15/10,1754.71,1759.19,1748.98,1751.29,392400,1751.29
7/16/10,1751.2,1754.28,1736.66,1738.45,376000,1738.45
7/19/10,1719.14,1737.9,1717.97,1731.95,281800,1731.95
7/20/10,1727.38,1740.82,1724.6,1736.77,307600,1736.77
7/21/10,1752.69,1755.66,1740.11,1748.78,374600,1748.78
7/22/10,1744.7,1752.58,1732.49,1735.53,403600,1735.53
7/23/10,1756.38,1760.62,1745.04,1758.06,371600,1758.06
7/26/10,1760.1,1774.05,1758.99,1769.07,319800,1769.07
7/27/10,1775.47,1778.72,1765.42,1768.31,361000,1768.31
7/28/10,1773.69,1775.82,1764.54,1773.47,325400,1773.47
7/29/10,1770.44,1776.96,1767.96,1770.88,348200,1770.88
7/30/10,1768.24,1774.74,1754.58,1759.33,370600,1759.33
8/2/10,1771.38,1784.1,1767.6,1782.27,332600,1782.27
8/3/10,1796,1796.28,1784.57,1790.6,348600,1790.6
8/4/10,1795.23,1795.23,1774.48,1789.26,334400,1789.26
8/5/10,1796.63,1797.42,1773.49,1783.86,337400,1783.86
8/6/10,1782.47,1785.98,1769.46,1783.83,335800,1783.83
8/9/10,1779.38,1790.21,1776.72,1790.17,290400,1790.17
8/10/10,1792.12,1794.55,1779.57,1781.13,300600,1781.13
8/11/10,1775.34,1776.99,1754.18,1758.19,380000,1758.19
8/12/10,1731.34,1742.8,1721.75,1721.75,359600,1721.75
8/13/10,1731.15,1747.11,1725.24,1746.24,278000,1746.24
8/16/10,1735.36,1746.02,1716.86,1743.31,314200,1743.31
8/17/10,1737.36,1757.22,1734.51,1755.03,426400,1755.03
8/18/10,1763.84,1765.01,1753.68,1761.99,371200,1761.99
8/19/10,1763.6,1781.07,1762.98,1779.64,344400,1779.64
8/20/10,1769.02,1776.35,1765.58,1775.54,361200,1775.54
8/23/10,1780.59,1788.71,1766.77,1767.71,329800,1767.71
8/24/10,1757.1,1771.76,1749.11,1760.53,401000,1760.53
8/25/10,1745.77,1753.57,1734.79,1734.79,345000,1734.79
8/26/10,1744.08,1744.4,1729.76,1729.76,302200,1729.76
8/27/10,1724,1732.84,1719.2,1729.56,244600,1729.56
8/30/10,1749.02,1760.35,1746.21,1760.13,246400,1760.13
8/31/10,1746.85,1752.07,1736.23,1742.75,288000,1742.75
9/1/10,1751.96,1767.21,1748.3,1764.69,302400,1764.69
9/2/10,1783.22,1783.85,1767.67,1775.73,291000,1775.73
9/3/10,1780.8,1786.04,1774.95,1780.02,310400,1780.02
9/6/10,1791.76,1794.07,1784.49,1792.42,327000,1792.42
9/7/10,1792.07,1796.5,1786.37,1787.74,315200,1787.74
9/8/10,1780.48,1785.48,1770.78,1779.22,321000,1779.22
9/9/10,1786.83,1790.47,1775.07,1784.36,366000,1784.36
9/10/10,1792.75,1808.18,1791.95,1802.58,339200,1802.58
9/13/10,1812.03,1819.12,1807.59,1818.86,385400,1818.86
9/14/10,1824.78,1827.03,1810.78,1815.25,385800,1815.25
9/15/10,1817.3,1827,1813.09,1823.88,338200,1823.88
9/16/10,1822.35,1824.61,1811.85,1811.85,335600,1811.85
9/17/10,1823.64,1828.54,1812.05,1827.35,316400,1827.35
9/20/10,1821.52,1833.78,1818.6,1832.63,242200,1832.63
9/24/10,1830.22,1846.6,1825.8,1846.6,273600,1846.6
9/27/10,1856.42,1862.03,1851.97,1860.83,383200,1860.83
9/28/10,1859.04,1862.72,1852.52,1855.97,356000,1855.97
9/29/10,1865.27,1873.79,1864.43,1866.45,359000,1866.45
9/30/10,1870.21,1872.81,1861.18,1872.81,352000,1872.81
10/1/10,1872.39,1884,1868.9,1876.73,363800,1876.73
10/4/10,1884.49,1889.5,1875.93,1879.29,390600,1879.29
10/5/10,1874.1,1885,1868.89,1878.94,339800,1878.94
10/6/10,1897.07,1905.73,1894.02,1903.95,390600,1903.95
10/7/10,1901.2,1906.02,1893.14,1900.85,397600,1900.85
10/8/10,1900.86,1900.86,1887.98,1897.07,372800,1897.07
10/11/10,1908.55,1909.01,1885.08,1889.91,340200,1889.91
10/12/10,1892.27,1893.13,1857.93,1868.04,314600,1868.04
10/13/10,1878.58,1881.2,1866.41,1876.15,317800,1876.15
10/14/10,1886.68,1899.76,1884.45,1899.76,374200,1899.76
10/15/10,1898.85,1903.25,1893.76,1902.29,368600,1902.29
10/18/10,1904.57,1904.79,1875.42,1875.42,371400,1875.42
10/19/10,1878.98,1885.23,1857.32,1857.32,426000,1857.32
10/20/10,1844.41,1875.76,1837.08,1870.44,364600,1870.44
10/21/10,1878.51,1879.08,1858.38,1874.69,412000,1874.69
10/22/10,1882.08,1897.31,1880.25,1897.31,346400,1897.31
10/25/10,1902.51,1918.87,1899.08,1915.71,405400,1915.71
10/26/10,1913.25,1919.56,1909.27,1919.41,350000,1919.41
10/27/10,1919.48,1924.61,1902.18,1909.54,391600,1909.54
10/28/10,1909.38,1914.89,1901.8,1907.87,347600,1907.87
10/29/10,1913.61,1913.95,1875.31,1882.95,374600,1882.95
11/1/10,1889.57,1914.74,1880.25,1914.74,340000,1914.74
11/3/10,1931.13,1943.23,1930.11,1935.97,356800,1935.97
11/4/10,1941.56,1945.58,1936.04,1942.5,319000,1942.5
11/5/10,1962.34,1966.99,1938.57,1938.96,398200,1938.96
11/8/10,1946.76,1948.44,1930.29,1942.41,306800,1942.41
11/9/10,1943.56,1947.66,1935.38,1947.46,290800,1947.46
11/10/10,1945.73,1967.85,1945.28,1967.85,339400,1967.85
11/11/10,1966.5,1976.46,1914.73,1914.73,364400,1914.73
11/12/10,1951.35,1958.22,1899.49,1913.12,447400,1913.12
11/15/10,1918.69,1925.43,1900.25,1913.81,293600,1913.81
11/16/10,1912.11,1916.07,1890,1899.13,330400,1899.13
11/17/10,1877.23,1908.17,1875.34,1897.11,285800,1897.11
11/18/10,1908.38,1929.24,1904.37,1927.86,268600,1927.86
11/19/10,1936.74,1940.96,1927.81,1940.96,289200,1940.96
11/22/10,1947.01,1954.78,1939.51,1944.34,326000,1944.34
11/23/10,1938.91,1943.48,1919.15,1928.94,374800,1928.94
11/24/10,1883.92,1928.45,1882.52,1925.98,449000,1925.98
11/25/10,1934.97,1935.59,1916.16,1927.68,321800,1927.68
11/26/10,1932.78,1936.72,1893.94,1901.8,459000,1901.8
11/29/10,1904.95,1912.53,1880.58,1895.54,297600,1895.54
11/30/10,1889.89,1917.57,1889.86,1904.63,428400,1904.63
12/1/10,1907.7,1929.32,1904.71,1929.32,331400,1929.32
12/2/10,1943.71,1950.26,1940.23,1950.26,431600,1950.26
12/3/10,1960.61,1960.61,1948.51,1957.26,434400,1957.26
12/6/10,1961.23,1961.47,1946.35,1953.64,456200,1953.64
12/7/10,1955.63,1964.64,1952.56,1962.52,635600,1962.52
12/8/10,1960.3,1970.91,1953.97,1955.72,491200,1955.72
12/9/10,1963.88,1988.96,1961.68,1988.96,446400,1988.96
12/10/10,1984.11,1991.96,1979.73,1986.14,371600,1986.14
12/13/10,1993.42,1997.36,1983.93,1996.59,382600,1996.59
12/14/10,2000.6,2009.05,1996.82,2009.05,394400,2009.05
12/15/10,2009.2,2017.48,2004.06,2017.48,488600,2017.48
12/16/10,2009.86,2019.49,2002.33,2009.24,360800,2009.24
12/17/10,2018.28,2027.55,2010.75,2026.3,501400,2026.3
12/20/10,2008.14,2021.7,1996.44,2020.28,407200,2020.28
12/21/10,2035.11,2043.81,2032.66,2037.09,368600,2037.09
12/22/10,2039.35,2045.39,2035.25,2038.11,332400,2038.11
12/23/10,2042.41,2043.62,2028.78,2037.53,339000,2037.53
12/24/10,2040.64,2042.89,2027.96,2029.6,316200,2029.6
12/27/10,2024.56,2034.62,2018.75,2022.19,279200,2022.19
12/28/10,2028.41,2041.83,2026.57,2033.32,357400,2033.32
12/29/10,2028.57,2043.49,2027.52,2043.49,281200,2043.49
12/30/10,2047.82,2052.97,2041.66,2051,304400,2051
1/3/11,2063.69,2070.09,2054.83,2070.08,348200,2070.08
1/4/11,2074.56,2085.14,2069.12,2085.14,411000,2085.14
1/5/11,2083.1,2087.14,2076.92,2082.55,383000,2082.55
1/6/11,2094.35,2096.65,2066.1,2077.61,405400,2077.61
1/7/11,2073.68,2086.2,2068.66,2086.2,333800,2086.2
1/10/11,2082.29,2088.64,2069.3,2080.81,340800,2080.81
1/11/11,2079.85,2088.32,2059.67,2088.32,408200,2088.32
1/12/11,2091.7,2098,2085.99,2094.95,427200,2094.95
1/13/11,2097.04,2109.34,2083.8,2089.48,421800,2089.48
1/14/11,2089.7,2108.17,2076.44,2108.17,422600,2108.17
1/17/11,2112.37,2118.86,2099.84,2099.85,426600,2099.85
1/18/11,2095.85,2111.4,2093.32,2096.48,450800,2096.48
1/19/11,2106.53,2119.24,2084.08,2115.69,423800,2115.69
1/20/11,2111.41,2114.2,2102.61,2106.66,333200,2106.66
1/21/11,2103.74,2104.39,2066.82,2069.92,393800,2069.92
1/24/11,2067.32,2082.97,2064,2082.16,338800,2082.16
1/25/11,2092.27,2105.33,2083.8,2086.67,400800,2086.67
1/26/11,2093.59,2112.33,2092.41,2110.46,364000,2110.46
1/27/11,2115.04,2121.06,2108.53,2115.01,352400,2115.01
1/28/11,2115.69,2119.49,2095.36,2107.87,403400,2107.87
1/31/11,2080.6,2089.72,2069.73,2069.73,321000,2069.73
2/1/11,2079.92,2086.56,2071.73,2072.03,290800,2072.03
2/7/11,2102.76,2107.83,2081.73,2081.74,286000,2081.74
2/8/11,2090.47,2092.43,2066.71,2069.7,300400,2069.7
2/9/11,2077.12,2077.12,2037.3,2045.58,333200,2045.58
2/10/11,2041.07,2043.07,2008.5,2008.5,309800,2008.5
2/11/11,2010.29,2021.42,1975.47,1977.19,317200,1977.19
2/14/11,1999.09,2015.84,1986.94,2014.59,279600,2014.59
2/16/11,2007.08,2021.69,1989.11,1989.11,297600,1989.11
2/17/11,2002,2006.59,1959.71,1977.22,340200,1977.22
2/18/11,1989.24,2015.78,1981.75,2013.14,494000,2013.14
2/21/11,2014.15,2014.98,1991.7,2005.3,324200,2005.3
2/22/11,1978.34,1982.7,1958.77,1969.92,346000,1969.92
2/23/11,1962.7,1977.99,1951.75,1961.63,308600,1961.63
2/24/11,1957.63,1970.66,1945.41,1949.88,281600,1949.88
2/25/11,1956.02,1965.48,1941.15,1963.43,306800,1963.43
2/28/11,1954.4,1958.59,1935.93,1939.3,263800,1939.3
3/2/11,1922.38,1940.78,1921.34,1928.24,207600,1928.24
3/3/11,1942.24,1970.66,1941.23,1970.66,284800,1970.66
3/4/11,1989.88,2008.89,1984.15,2004.68,334600,2004.68
3/7/11,1996.48,2005.43,1978.13,1980.27,256000,1980.27
3/8/11,1984.08,2007.24,1974.73,1996.32,304800,1996.32
3/9/11,2007.79,2016.68,1991.52,2001.47,315400,2001.47
3/10/11,1999.38,2001.27,1973.88,1981.58,288400,1981.58
3/11/11,1956.34,1970.7,1949.32,1955.54,267200,1955.54
3/14/11,1949.08,1971.23,1928.99,1971.23,388600,1971.23
3/15/11,1966.82,1985.82,1882.09,1923.92,403800,1923.92
3/16/11,1951.68,1965.15,1931.38,1957.97,284400,1957.97
3/17/11,1921.59,1961.09,1919.13,1959.03,305800,1959.03
3/18/11,1963.17,1988.04,1960.49,1981.13,291200,1981.13
3/21/11,1985.47,2005.32,1985.15,2003.42,292200,2003.42
3/22/11,2012.48,2016.27,2004.36,2013.66,304200,2013.66
3/23/11,2019.18,2022.14,2005.59,2012.18,312600,2012.18
3/24/11,2022.26,2036.93,2022.08,2036.78,295400,2036.78
3/25/11,2058.35,2060.29,2041.72,2054.04,311200,2054.04
3/28/11,2054.28,2059.92,2043.99,2056.39,285400,2056.39
3/29/11,2052.87,2072.13,2050.09,2072.13,250400,2072.13
3/30/11,2075.91,2100.2,2074.26,2091.38,316800,2091.38
3/31/11,2098.09,2106.74,2089.12,2106.7,317800,2106.7
4/1/11,2107.67,2121.02,2101.83,2121.01,338000,2121.01
4/4/11,2124.37,2125.53,2103.82,2115.87,301800,2115.87
4/5/11,2118.08,2130.43,2107.78,2130.43,327600,2130.43
4/6/11,2129.13,2136.29,2119.66,2126.71,423000,2126.71
4/7/11,2133.31,2135.73,2111.54,2122.14,382800,2122.14
4/8/11,2119.01,2135.98,2118.72,2127.97,392800,2127.97
4/11/11,2127.2,2135.33,2115.89,2122.39,316000,2122.39
4/12/11,2117.21,2117.21,2088.67,2089.4,311200,2089.4
4/13/11,2091.68,2121.93,2081.98,2121.92,348000,2121.92
4/14/11,2116.49,2141.07,2109.63,2141.06,371800,2141.06
4/15/11,2136.27,2142.71,2126.59,2140.5,356600,2140.5
4/18/11,2146.83,2149.45,2128.02,2137.72,358200,2137.72
4/19/11,2117.94,2136.95,2111.6,2122.68,375000,2122.68
4/20/11,2146.38,2169.94,2138.8,2169.91,374400,2169.91
4/21/11,2190.64,2211.36,2183.52,2198.54,416000,2198.54
4/22/11,2203.04,2208.06,2190.87,2197.82,390800,2197.82
4/25/11,2205.2,2218.07,2199.27,2216,354000,2216
4/26/11,2219.47,2222.56,2196.76,2206.3,439400,2206.3
4/27/11,2225.95,2231.47,2191.82,2206.7,423200,2206.7
4/28/11,2215.42,2225.35,2194.15,2208.35,354800,2208.35
4/29/11,2211.33,2219.6,2177.8,2192.36,364200,2192.36
5/2/11,2203.09,2229.09,2202.92,2228.96,302400,2228.96
5/3/11,2224.4,2228.04,2188.11,2200.73,375200,2200.73
5/4/11,2196.9,2201.69,2173.21,2180.64,393800,2180.64
5/6/11,2153.5,2156.81,2133.97,2147.45,344200,2147.45
5/9/11,2157.95,2161.93,2136.59,2139.17,254000,2139.17
5/11/11,2161.44,2166.63,2144.94,2166.63,378000,2166.63
5/12/11,2139.24,2149.42,2122.6,2122.65,382200,2122.65
5/13/11,2133.99,2134.53,2103.06,2120.08,397000,2120.08
5/16/11,2104.67,2115.25,2097.16,2104.18,273600,2104.18
5/17/11,2103.82,2111.44,2092.32,2102.41,300800,2102.41
5/18/11,2110.7,2138.72,2106.41,2135.78,260000,2135.78
5/19/11,2141.29,2143.41,2092.61,2095.51,283400,2095.51
5/20/11,2101.45,2112.48,2084.06,2111.5,282800,2111.5
5/23/11,2100.44,2100.44,2055.71,2055.71,293000,2055.71
5/24/11,2052.44,2070.64,2048.55,2061.76,268600,2061.76
5/25/11,2073.53,2082.12,2030.68,2035.87,345000,2035.87
5/26/11,2059.93,2094.35,2056.49,2091.91,296600,2091.91
5/27/11,2087.36,2111.36,2085.24,2100.24,272800,2100.24
5/30/11,2115.27,2116.13,2085.75,2093.79,213200,2093.79
5/31/11,2104.16,2146.79,2102.77,2142.47,303200,2142.47
6/1/11,2142.67,2152.95,2132.85,2141.34,294800,2141.34
6/2/11,2098.37,2126.8,2093.97,2114.2,248800,2114.2
6/3/11,2123.47,2131.93,2108.75,2113.47,264200,2113.47
6/7/11,2093.45,2106.85,2091.26,2099.71,246600,2099.71
6/8/11,2102.97,2109.11,2068.78,2083.35,281400,2083.35
6/9/11,2076.7,2088.82,2067.58,2071.42,283600,2071.42
6/10/11,2085.85,2093.94,2045.24,2046.67,265800,2046.67
6/13/11,2030.54,2057.65,2025.42,2048.74,218400,2048.74
6/14/11,2045.22,2082.25,2040.69,2076.83,209600,2076.83
6/15/11,2087.96,2091,2064.82,2086.53,229200,2086.53
6/16/11,2057.16,2068.17,2043.81,2046.63,234200,2046.63
6/17/11,2057.46,2058.67,2008.84,2031.93,282400,2031.93
6/20/11,2034.35,2047.12,2017.52,2019.65,229200,2019.65
6/21/11,2041.15,2051.19,2015.86,2048.17,278600,2048.17
6/22/11,2066.91,2074.46,2059.36,2063.9,263800,2063.9
6/23/11,2048.06,2064.96,2048.06,2055.86,259600,2055.86
6/24/11,2063.92,2090.82,2062.26,2090.81,294200,2090.81
6/27/11,2076.01,2076.94,2058.4,2070.29,246600,2070.29
6/28/11,2092.94,2099.94,2062.91,2062.91,328600,2062.91
6/29/11,2097.87,2098.95,2081.71,2094.42,256200,2094.42
6/30/11,2103.59,2105.47,2091.09,2100.69,257200,2100.69
7/1/11,2120.03,2131.67,2116.68,2125.74,273400,2125.74
7/4/11,2143.24,2153.29,2141.98,2145.3,290400,2145.3
7/5/11,2149.4,2163.37,2145.87,2161.75,284800,2161.75
7/6/11,2156.94,2171.19,2155.33,2171.19,276000,2171.19
7/7/11,2167.18,2184.94,2165.15,2180.59,355600,2180.59
7/8/11,2192.83,2192.83,2173.96,2180.35,323000,2180.35
7/11/11,2167.94,2171.29,2151.84,2157.16,240600,2157.16
7/12/11,2131.07,2136.98,2107.95,2109.73,286400,2109.73
7/13/11,2117.12,2129.64,2107.63,2129.64,306000,2129.64
7/14/11,2119.06,2130.08,2105.24,2130.07,307400,2130.07
7/15/11,2123.57,2145.2,2123,2145.2,272200,2145.2
7/18/11,2149.97,2149.97,2121.73,2130.48,329000,2130.48
7/19/11,2127.13,2140.44,2123.43,2130.21,303400,2130.21
7/20/11,2158.88,2164.22,2149.25,2154.95,374000,2154.95
7/21/11,2153.94,2155.49,2135.66,2145.04,362400,2145.04
7/22/11,2162,2171.24,2153.49,2171.23,413000,2171.23
7/25/11,2154,2158.35,2146.99,2150.48,342000,2150.48
7/26/11,2163.08,2168.7,2148.22,2168.7,330200,2168.7
7/27/11,2152.66,2174.73,2151.84,2174.31,297000,2174.31
7/28/11,2138.61,2160.44,2138.61,2155.85,299600,2155.85
7/29/11,2159.27,2159.27,2133.21,2133.21,328800,2133.21
8/1/11,2160.09,2173.28,2158.24,2172.31,262800,2172.31
8/2/11,2152.85,2155.44,2114.75,2121.27,350400,2121.27
8/3/11,2079.19,2080.76,2056.53,2066.26,434400,2066.26
8/4/11,2067.17,2071.03,2015.23,2018.47,356400,2018.47
8/5/11,1937.17,1966.73,1920.67,1943.75,481000,1943.75
8/8/11,1916.57,1939.92,1800,1869.45,571200,1869.45
8/9/11,1807.88,1828.63,1684.68,1801.35,685000,1801.35
8/10/11,1877.4,1877.4,1802.29,1806.24,486400,1806.24
8/11/11,1733.92,1832.48,1733.92,1817.44,438800,1817.44
8/12/11,1844.13,1847.12,1788.97,1793.31,468800,1793.31
8/16/11,1850.53,1879.87,1848.82,1879.87,423400,1879.87
8/17/11,1868.85,1906.61,1868.6,1892.67,431000,1892.67
8/18/11,1891.82,1894.94,1833.34,1860.58,503400,1860.58
8/19/11,1789.78,1797.18,1744.86,1744.88,503800,1744.88
8/22/11,1756.59,1763.64,1704.54,1710.7,420200,1710.7
8/23/11,1735.23,1781.92,1719.97,1776.68,428400,1776.68
8/24/11,1788.39,1799.11,1744.07,1754.78,412600,1754.78
8/25/11,1791.08,1803.77,1762.79,1764.58,398200,1764.58
8/26/11,1754.39,1782.9,1754.39,1778.95,311000,1778.95
8/29/11,1807.6,1836.66,1787.29,1829.5,339000,1829.5
8/30/11,1853.77,1863.51,1835.65,1843.82,493200,1843.82
8/31/11,1846.89,1880.11,1837.82,1880.11,410400,1880.11
9/1/11,1887.21,1928.4,1877.4,1880.7,500400,1880.7
9/2/11,1872.62,1890.86,1853.7,1867.75,442600,1867.75
9/5/11,1829.3,1829.75,1785.82,1785.83,414000,1785.83
9/6/11,1752.98,1790.47,1744.03,1766.71,505400,1766.71
9/7/11,1811.6,1833.54,1798.79,1833.46,417800,1833.46
9/8/11,1858.05,1858.05,1826.44,1846.64,416600,1846.64
9/9/11,1817.1,1847.05,1812.9,1812.93,332000,1812.93
9/14/11,1804.09,1807.47,1743.78,1749.16,339600,1749.16
9/15/11,1797.18,1806.63,1742.91,1774.08,392200,1774.08
9/16/11,1819.45,1844.52,1807.62,1840.1,430000,1840.1
9/19/11,1818.9,1839.82,1813.1,1820.94,335600,1820.94
9/20/11,1819.84,1840.73,1793.75,1837.97,321200,1837.97
9/21/11,1842.17,1869.77,1831.95,1854.28,297600,1854.28
9/22/11,1807.24,1819.81,1785.69,1800.55,295400,1800.55
9/23/11,1736.38,1743.49,1697.39,1697.44,411800,1697.44
9/26/11,1720.5,1721.03,1644.11,1652.71,424200,1652.71
9/27/11,1704.25,1735.71,1695.05,1735.71,339800,1735.71
9/28/11,1751.04,1762.67,1723.08,1723.09,344400,1723.09
9/29/11,1713.1,1769.75,1706.9,1769.29,374000,1769.29
9/30/11,1759.52,1774.29,1742.89,1769.65,354200,1769.65
10/3/11,1683.94,1706.45,1658.06,1706.19,301600,1706.19
10/4/11,1683.94,1706.45,1658.06,1706.19,301600,1706.19
10/5/11,1718.52,1718.52,1659.31,1666.52,336200,1666.52
10/6/11,1714.84,1733.7,1707.77,1710.32,352600,1710.32
10/7/11,1751.55,1765.43,1747.42,1759.77,334800,1759.77
10/11/11,1810.36,1811.14,1792.78,1795.02,400000,1795.02
10/12/11,1789.65,1810.51,1778.97,1809.5,355400,1809.5
10/13/11,1831.95,1837.49,1823.1,1823.1,431600,1823.1
10/14/11,1816.19,1839.19,1803.42,1835.4,349000,1835.4
10/17/11,1855.72,1865.18,1845.43,1865.18,367800,1865.18
10/18/11,1826.44,1845.18,1822.91,1838.9,323400,1838.9
10/19/11,1851.84,1855.93,1834.38,1855.92,340000,1855.92
10/20/11,1857.46,1870.5,1804.11,1805.09,349200,1805.09
10/21/11,1831.89,1843.51,1809.42,1838.38,355200,1838.38
10/24/11,1858.26,1898.32,1858.23,1898.32,374000,1898.32
10/25/11,1900.99,1905.78,1883.68,1888.65,354800,1888.65
10/26/11,1871.69,1896.02,1864.99,1894.31,384800,1894.31
10/27/11,1906.16,1923.98,1891.23,1922.04,418200,1922.04
10/28/11,1961.09,1963.74,1920.81,1929.48,508800,1929.48
10/31/11,1922.31,1941.32,1902.04,1909.03,393800,1909.03
11/1/11,1891.22,1925.08,1891.22,1909.63,353600,1909.63
11/2/11,1870.51,1899.35,1859.83,1898.01,389600,1898.01
11/3/11,1895.14,1895.14,1863.57,1869.96,436400,1869.96
11/4/11,1911.56,1929.01,1906.33,1928.41,466600,1928.41
11/7/11,1932.95,1932.95,1915.38,1919.1,349600,1919.1
11/8/11,1927.89,1928.07,1900.09,1903.14,403200,1903.14
11/9/11,1925.86,1929.65,1897.47,1907.53,434600,1907.53
11/10/11,1860.96,1862.27,1813.25,1813.25,402000,1813.25
11/11/11,1840.98,1863.46,1823.87,1863.45,297000,1863.45
11/14/11,1889.33,1907.62,1889.33,1902.81,327200,1902.81
11/15/11,1888.67,1900.58,1878.42,1886.12,361400,1886.12
11/16/11,1898.14,1911.33,1853.13,1856.07,407800,1856.07
11/17/11,1862.87,1876.88,1835.73,1876.67,353200,1876.67
11/18/11,1839.63,1850.04,1832.17,1839.17,337000,1839.17
11/21/11,1833.9,1833.9,1811.69,1820.03,299800,1820.03
11/22/11,1798.41,1830.84,1797.93,1826.28,271200,1826.28
11/23/11,1820.86,1820.86,1780.24,1783.1,411200,1783.1
11/24/11,1775.82,1800.01,1769.43,1795.06,280400,1795.06
11/25/11,1780.06,1790.81,1766.73,1776.4,306400,1776.4
11/28/11,1804.8,1816.65,1795.39,1815.28,277600,1815.28
11/29/11,1828.3,1856.76,1823.93,1856.52,329600,1856.52
11/30/11,1847.17,1858.1,1838.7,1847.51,334600,1847.51
12/1/11,1911.5,1926.33,1908.33,1916.18,500400,1916.18
12/2/11,1914.41,1920.64,1905.69,1916.04,389400,1916.04
12/5/11,1928.46,1929.18,1911.61,1922.9,330200,1922.9
12/6/11,1914.49,1920.7,1892.01,1902.82,383400,1902.82
12/7/11,1914.5,1921.52,1904.52,1919.42,402800,1919.42
12/8/11,1911.07,1925.56,1898.34,1912.39,427000,1912.39
12/9/11,1883.86,1894.59,1872.67,1874.75,372800,1874.75
12/12/11,1902.75,1903.19,1890.18,1899.76,409600,1899.76
12/13/11,1877.4,1880.4,1863.77,1864.06,450000,1864.06
12/14/11,1852.2,1864.79,1851.89,1857.75,402000,1857.75
12/15/11,1834.82,1840.94,1817.61,1819.11,409600,1819.11
12/16/11,1827.83,1842.94,1823.68,1839.96,490000,1839.96
12/19/11,1829.49,1829.49,1750.6,1776.93,684400,1776.93
12/20/11,1791.62,1797.59,1780.1,1793.06,389800,1793.06
12/21/11,1837.99,1850.67,1831.26,1848.41,517000,1848.41
12/22/11,1841.23,1847.49,1835.91,1847.49,406400,1847.49
12/23/11,1861.07,1872.31,1859.4,1867.22,466400,1867.22
12/27/11,1856.78,1864.71,1813.48,1842.02,530000,1842.02
12/28/11,1833.26,1833.26,1817.97,1825.12,378600,1825.12
12/29/11,1815.63,1835.19,1806.88,1825.74,344600,1825.74
1/2/12,1831.69,1837.81,1814.55,1826.37,323400,1826.37
1/3/12,1846.56,1875.41,1846.56,1875.41,443400,1875.41
1/4/12,1883.48,1884.69,1866.22,1866.22,494600,1866.22
1/5/12,1869.42,1875.97,1860.57,1863.74,533800,1863.74
1/6/12,1867.12,1867.12,1824.29,1843.14,472600,1843.14
1/9/12,1832.04,1832.04,1810.48,1826.49,395600,1826.49
1/10/12,1841.13,1859.55,1840.47,1853.22,388600,1853.22
1/11/12,1857.54,1857.82,1843.12,1845.55,448000,1845.55
1/12/12,1853.1,1864.57,1837.96,1864.57,476400,1864.57
1/13/12,1865.72,1881.84,1861.53,1875.68,475000,1875.68
1/16/12,1860.77,1863.32,1843.86,1859.27,392000,1859.27
1/17/12,1878.16,1892.76,1878.16,1892.74,432000,1892.74
1/18/12,1891.17,1898.7,1884.33,1892.39,428000,1892.39
1/19/12,1912.43,1914.98,1902.02,1914.97,374400,1914.97
1/20/12,1922.13,1952.09,1922.13,1949.89,404800,1949.89
1/25/12,1947.74,1973.35,1945.14,1952.23,376000,1952.23
1/26/12,1959.19,1962.71,1949.51,1957.18,408000,1957.18
1/27/12,1960.7,1966.2,1949.46,1964.83,449000,1964.83
1/30/12,1956.63,1961.6,1936.14,1940.55,411600,1940.55
1/31/12,1943.25,1960.44,1936.68,1955.79,469200,1955.79
2/1/12,1948.57,1969.8,1947.46,1959.24,501000,1959.24
2/2/12,1982.23,1993.88,1977.32,1984.3,641000,1984.3
2/3/12,1982.24,1982.62,1961.95,1972.34,535800,1972.34
2/6/12,1994.21,1996.05,1964.77,1973.13,523200,1973.13
2/7/12,1976.77,1983.82,1971.33,1981.59,539400,1981.59
2/8/12,1985.21,2003.73,1982.99,2003.73,588000,2003.73
2/9/12,1998.2,2014.62,1978.51,2014.62,557600,2014.62
2/10/12,2010.04,2011.52,1986.96,1993.71,696800,1993.71
2/13/12,2000.66,2010.66,1991.28,2005.74,452800,2005.74
2/14/12,1999.53,2008.65,1995.6,2002.64,515800,2002.64
2/15/12,2012,2026.75,2009.68,2025.32,681400,2025.32
2/16/12,2005.37,2012.44,1995.99,1997.45,696600,1997.45
2/17/12,2025.56,2031.4,2019.79,2023.47,731000,2023.47
2/20/12,2041.51,2047.43,2024.59,2024.9,734000,2024.9
2/21/12,2022.05,2030.46,2007.46,2024.24,709000,2024.24
2/22/12,2018.07,2028.93,2015.3,2028.65,883800,2028.65
2/23/12,2016.46,2016.46,2001.25,2007.8,690200,2007.8
2/24/12,2010.6,2019.9,1998.39,2019.89,718000,2019.89
2/27/12,2013.61,2013.69,1987.74,1991.16,636000,1991.16
2/28/12,1995.93,2006.26,1992.66,2003.69,608000,2003.69
2/29/12,2015.38,2033.63,2015.38,2030.25,562600,2030.25
3/2/12,2041.52,2046.82,2033.5,2034.63,483200,2034.63
3/5/12,2028.97,2030.57,2011.5,2016.06,548000,2016.06
3/6/12,2019.28,2023.83,1988.86,2000.36,554800,2000.36
3/7/12,1968.72,1987.97,1966.69,1982.15,511200,1982.15
3/8/12,1989.3,2004.72,1978.79,2000.76,456000,2000.76
3/9/12,2017.67,2022.95,2001.67,2018.3,416400,2018.3
3/12/12,2018.73,2019.14,2001.5,2002.5,375400,2002.5
3/13/12,2012.91,2028.98,2012.91,2025.04,449000,2025.04
3/14/12,2050.5,2057.28,2045.08,2045.08,541200,2045.08
3/15/12,2044.01,2050.48,2038.6,2043.76,476200,2043.76
3/16/12,2054.63,2054.99,2034.21,2034.44,464200,2034.44
3/19/12,2040.07,2050.87,2036.35,2047,555800,2047
3/20/12,2046.38,2055.34,2035.26,2042.15,540400,2042.15
3/21/12,2031.58,2039.8,2022.97,2027.23,517000,2027.23
3/22/12,2026.75,2031.42,2017.93,2026.12,541800,2026.12
3/23/12,2015.07,2029.77,2013.72,2026.83,506800,2026.83
3/26/12,2035.17,2041.05,2012.86,2019.19,437000,2019.19
3/27/12,2042.47,2043.75,2028.39,2039.76,606400,2039.76
3/28/12,2034.35,2038.45,2028.11,2031.74,533800,2031.74
3/29/12,2019.41,2025.23,2004.94,2014.41,470400,2014.41
3/30/12,2011.5,2018.09,2002.61,2014.04,449800,2014.04
4/2/12,2022.42,2031.79,2015.72,2029.29,410000,2029.29
4/3/12,2040.81,2051.8,2038.52,2049.28,593200,2049.28
4/4/12,2046.9,2048.11,2015.57,2018.61,621600,2018.61
4/5/12,2006.27,2030.69,1997.12,2028.77,549400,2028.77
4/6/12,2026.32,2033.49,2022.81,2029.03,536400,2029.03
4/9/12,2008.03,2009.36,1995.8,1997.08,466800,1997.08
4/10/12,2000.77,2011.27,1990.13,1994.41,543800,1994.41
4/12/12,1985.16,1986.63,1969.09,1986.63,391600,1986.63
4/13/12,2001.71,2011.37,1996.23,2008.91,495200,2008.91
4/16/12,1985.28,1998.35,1982.93,1992.63,452600,1992.63
4/17/12,1995.33,1999.5,1982.44,1985.3,445600,1985.3
4/18/12,2014.23,2014.95,2001.59,2004.53,383000,2004.53
4/19/12,2000.4,2008.82,1994.61,1999.86,412200,1999.86
4/20/12,1988.22,1988.22,1970.54,1974.65,518800,1974.65
4/23/12,1971.39,1980.94,1964.12,1972.63,585200,1972.63
4/24/12,1956.75,1972.24,1954.01,1963.42,630800,1963.42
4/25/12,1980.51,1980.51,1961.97,1961.98,681800,1961.98
4/26/12,1976.82,1979.43,1955.05,1964.04,607400,1964.04
4/27/12,1972.05,1983.26,1967.84,1975.35,484800,1975.35
4/30/12,1989.52,1991.12,1975.46,1981.99,837800,1981.99
5/2/12,1994.17,2001.11,1989.55,1999.07,653000,1999.07
5/3/12,1995.78,1998.9,1990.45,1995.11,685800,1995.11
5/4/12,1987.03,1992.1,1981.58,1989.15,608800,1989.15
5/7/12,1956.06,1960.51,1952.42,1956.44,533600,1956.44
5/8/12,1967.28,1969.64,1961.44,1967.01,492600,1967.01
5/9/12,1958.31,1962.04,1945.31,1950.29,468000,1950.29
5/10/12,1944.8,1951.51,1937.14,1944.93,425000,1944.93
5/11/12,1939,1939,1915.69,1917.13,536000,1917.13
5/14/12,1917.26,1921.65,1900.43,1913.73,399000,1913.73
5/15/12,1897.74,1904.99,1881.8,1898.96,524600,1898.96
5/16/12,1886.69,1889.29,1840.23,1840.53,426200,1840.53
5/17/12,1842.83,1856.34,1833.08,1845.24,444200,1845.24
5/18/12,1813.79,1813.79,1779.47,1782.46,547800,1782.46
5/21/12,1801.48,1804.48,1788.33,1799.13,414200,1799.13
5/22/12,1825.82,1831.06,1813.53,1828.69,428400,1828.69
5/23/12,1815.33,1815.33,1796.5,1808.62,447600,1808.62
5/24/12,1807.07,1816.98,1800.74,1814.47,408000,1814.47
5/25/12,1818.62,1831.78,1815.54,1824.17,386400,1824.17
5/29/12,1821.63,1851.94,1817.9,1849.91,328000,1849.91
5/30/12,1846.12,1846.6,1828.83,1844.86,417000,1844.86
5/31/12,1819.99,1843.49,1813.01,1843.47,448000,1843.47
6/1/12,1832.08,1842,1821.98,1834.51,334400,1834.51
6/4/12,1782.58,1794.02,1776.85,1783.13,395000,1783.13
6/5/12,1799.88,1806.11,1791.84,1801.85,338800,1801.85
6/7/12,1839.49,1853.2,1839.49,1847.95,403400,1847.95
6/8/12,1854,1854.59,1832.83,1835.64,379800,1835.64
6/11/12,1860.9,1869.33,1859.74,1867.04,382200,1867.04
6/12/12,1840.56,1857.93,1840.1,1854.74,421400,1854.74
6/13/12,1867.45,1867.45,1849.71,1859.32,558200,1859.32
6/14/12,1856.57,1871.48,1855.06,1871.48,426600,1871.48
6/15/12,1871.48,1871.48,1847.19,1858.16,452600,1858.16
6/18/12,1892.91,1901.11,1887.05,1891.71,376200,1891.71
6/19/12,1885.56,1895.32,1883.56,1891.77,381000,1891.77
6/20/12,1908.19,1908.19,1895.27,1904.12,367800,1904.12
6/21/12,1895.51,1900.44,1879.65,1889.15,390200,1889.15
6/22/12,1861.44,1863.57,1843.57,1847.39,300800,1847.39
6/25/12,1842.76,1842.76,1813.41,1825.38,291200,1825.38
6/26/12,1818.51,1826.66,1814.46,1817.81,313200,1817.81
6/27/12,1815.7,1821.47,1795.16,1817.65,319400,1817.65
6/28/12,1826.37,1827.35,1806.08,1819.18,309600,1819.18
6/29/12,1808.61,1854.01,1801.63,1854.01,320600,1854.01
7/2/12,1864.73,1865.93,1851.28,1851.65,273600,1851.65
7/3/12,1858.7,1871.08,1858.44,1867.82,348200,1867.82
7/4/12,1875.52,1881.68,1871.84,1874.45,336200,1874.45
7/5/12,1870.53,1878.13,1866.91,1875.49,324200,1875.49
7/6/12,1877.74,1880.36,1850.1,1858.2,340600,1858.2
7/9/12,1840.3,1844.32,1833.11,1836.13,282000,1836.13
7/10/12,1843.77,1845.94,1823.79,1829.45,368800,1829.45
7/11/12,1825.53,1827.6,1813.79,1826.39,336600,1826.39
7/12/12,1827.82,1830.77,1785.32,1785.39,320800,1785.39
7/13/12,1790.98,1820.66,1773.67,1812.89,348600,1812.89
7/16/12,1820.34,1821.84,1807.11,1817.79,268400,1817.79
7/17/12,1808.63,1835.64,1802.07,1821.96,412600,1821.96
7/18/12,1821.28,1827.95,1790.36,1794.91,454600,1794.91
7/19/12,1820.84,1830.09,1815.71,1822.96,488600,1822.96
7/20/12,1823.95,1830.26,1818.84,1822.93,412200,1822.93
7/23/12,1799.24,1799.24,1780.01,1789.44,502200,1789.44
7/24/12,1784.47,1796.02,1781.6,1793.93,490600,1793.93
7/25/12,1760.22,1785.84,1758.99,1769.31,468000,1769.31
7/26/12,1778.01,1787.2,1766.81,1782.47,409600,1782.47
7/27/12,1812.98,1829.16,1805.92,1829.16,397600,1829.16
7/30/12,1847.01,1850.27,1841.4,1843.79,337200,1843.79
7/31/12,1845.46,1896.83,1842.51,1881.99,359200,1881.99
8/1/12,1870.58,1886.32,1867.28,1879.93,291200,1879.93
8/2/12,1883.68,1885.89,1864.86,1869.4,270400,1869.4
8/3/12,1846.58,1864.13,1843.87,1848.68,258000,1848.68
8/6/12,1883.62,1894.92,1881.86,1885.88,245600,1885.88
8/7/12,1883.82,1891.6,1881.66,1886.8,325200,1886.8
8/8/12,1896.58,1919.61,1896.56,1903.23,485600,1903.23
8/9/12,1907.13,1947.08,1907.13,1940.59,495200,1940.59
8/10/12,1937.89,1948.05,1933.93,1946.4,326600,1946.4
8/13/12,1945.33,1946.2,1932.4,1932.44,352600,1932.44
8/14/12,1942.61,1957.15,1939.45,1956.96,341200,1956.96
8/16/12,1956.35,1959.92,1947.26,1957.91,430600,1957.91
8/17/12,1964.07,1964.07,1941.79,1946.54,372400,1946.54
8/20/12,1944.67,1949.89,1938.25,1946.31,358000,1946.31
8/21/12,1954.51,1961.07,1942.61,1943.22,407600,1943.22
8/22/12,1939.6,1947.43,1917.48,1935.19,422800,1935.19
8/23/12,1934.56,1942.97,1924.5,1942.54,604400,1942.54
8/24/12,1921.08,1927.1,1913.75,1919.81,631400,1919.81
8/27/12,1909.02,1925.15,1907.5,1917.87,573000,1917.87
8/28/12,1922.02,1925.7,1910.58,1916.33,612000,1916.33
8/29/12,1920.49,1931,1914.82,1928.54,592400,1928.54
8/30/12,1922.82,1922.82,1897.07,1906.38,747800,1906.38
8/31/12,1897.16,1912.24,1896.84,1905.12,659200,1905.12
9/3/12,1909.06,1921.84,1885.03,1912.71,597200,1912.71
9/4/12,1911.47,1916.16,1906.22,1907.13,881600,1907.13
9/5/12,1894.7,1894.7,1874.03,1874.03,624200,1874.03
9/6/12,1881.54,1888.18,1873.49,1881.24,752800,1881.24
9/7/12,1918.36,1929.58,1915.56,1929.58,597600,1929.58
9/10/12,1934.63,1937.85,1924.7,1924.7,620800,1924.7
9/11/12,1920.46,1923.09,1912.47,1920,718800,1920
9/12/12,1931.44,1953.03,1927.75,1950.03,708400,1950.03
9/13/12,1948.27,1955.03,1938.74,1950.69,983000,1950.69
9/14/12,1994.42,2008.97,1991.13,2007.58,1023800,2007.58
9/17/12,2005.54,2011.5,1997.79,2002.35,881600,2002.35
9/18/12,1998.3,2005.73,1995.83,2004.96,855200,2004.96
9/19/12,2000.2,2012.74,1993.91,2007.88,960000,2007.88
9/20/12,1997.65,2004.54,1987.94,1990.33,618400,1990.33
9/21/12,2000.05,2005.11,1991.56,2002.37,649200,2002.37
9/24/12,1996.42,2005.45,1977.7,2003.44,483000,2003.44
9/25/12,1994.08,2004.26,1988.88,1991.41,529000,1991.41
9/26/12,1973.11,1986.28,1968.85,1980.44,1209800,1980.44
9/27/12,1969.65,1991.26,1969.6,1988.7,693800,1988.7
9/28/12,2000.01,2000.01,1988.41,1996.21,678200,1996.21
10/2/12,1998.52,2003.63,1995.12,1996.03,496200,1996.03
10/4/12,1998.73,1998.99,1983.03,1992.68,597000,1992.68
10/5/12,2004.62,2007.84,1991.21,1995.17,681200,1995.17
10/8/12,1994.05,1994.05,1979.24,1981.89,508400,1981.89
10/9/12,1982.09,1992.32,1979,1979.04,516800,1979.04
10/10/12,1961.9,1962.72,1948.22,1948.22,449400,1948.22
10/11/12,1934.49,1949.74,1919.82,1933.09,464200,1933.09
10/12/12,1937.85,1940.32,1927.39,1933.26,398800,1933.26
10/15/12,1927.82,1937.15,1921.32,1925.59,568000,1925.59
10/16/12,1942.51,1944.22,1931.09,1941.54,538400,1941.54
10/17/12,1955.78,1965.53,1949.71,1955.15,499800,1955.15
10/18/12,1960.39,1963.53,1954.1,1959.12,495000,1959.12
10/19/12,1954.33,1958.64,1938.96,1943.84,383200,1943.84
10/22/12,1910.98,1942.64,1910.23,1941.59,458200,1941.59
10/23/12,1943.79,1944.38,1926.81,1926.81,539000,1926.81
10/24/12,1907.16,1922.02,1901.62,1913.96,564600,1913.96
10/25/12,1906.91,1924.51,1904.95,1924.5,438000,1924.5
10/26/12,1917.64,1921.25,1890.15,1891.43,437600,1891.43
10/29/12,1901.83,1905.22,1884.77,1891.52,371800,1891.52
10/30/12,1894.05,1913.52,1893.75,1899.58,334200,1899.58
10/31/12,1912.83,1918.4,1909.08,1912.06,397200,1912.06
11/1/12,1903.57,1904.99,1887.56,1898.44,402400,1898.44
11/2/12,1920.55,1921.98,1915.11,1918.72,441200,1918.72
11/5/12,1905.46,1914.38,1903.32,1908.22,343400,1908.22
11/6/12,1911.83,1928.17,1908.49,1928.17,545800,1928.17
11/7/12,1933.79,1937.55,1916.81,1937.55,556800,1937.55
11/8/12,1912.64,1918.69,1905.62,1914.41,659600,1914.41
11/9/12,1893.09,1907.57,1879.06,1904.41,636200,1904.41
11/12/12,1899.3,1903.81,1892.68,1900.87,473200,1900.87
11/13/12,1904.19,1904.97,1881.85,1889.7,494800,1889.7
11/14/12,1891.45,1895.48,1880.61,1894.04,534000,1894.04
11/15/12,1870.29,1875.49,1859.79,1870.72,450800,1870.72
11/16/12,1865.81,1872.69,1856.81,1860.83,465000,1860.83
11/19/12,1869.76,1884.11,1869.23,1878.1,349400,1878.1
11/20/12,1896.58,1897.56,1886.34,1890.18,372400,1890.18
11/21/12,1895.72,1899.6,1878.25,1884.04,380800,1884.04
11/22/12,1894.66,1903.27,1893.18,1899.5,412800,1899.5
11/23/12,1901.73,1911.33,1894.58,1911.33,330000,1911.33
11/26/12,1918.01,1918.11,1905.95,1908.51,276800,1908.51
11/27/12,1917.14,1930.24,1913.97,1925.2,588200,1925.2
11/28/12,1916.31,1916.76,1906.2,1912.78,409000,1912.78
11/29/12,1922.86,1935.1,1922.51,1934.85,388800,1934.85
11/30/12,1932.71,1941.84,1927.98,1932.9,337200,1932.9
12/3/12,1937.28,1944.75,1933.67,1940.02,314800,1940.02
12/4/12,1932.66,1938.28,1928.09,1935.18,294800,1935.18
12/5/12,1933.45,1949.7,1930.15,1947.04,492600,1947.04
12/6/12,1948.55,1955.07,1946.03,1949.62,345400,1949.62
12/7/12,1953.17,1963.06,1952.83,1957.45,413400,1957.45
12/10/12,1965.71,1970.19,1955.39,1957.42,367600,1957.42
12/11/12,1962.52,1965.68,1956.75,1964.62,404800,1964.62
12/12/12,1972.33,1975.44,1966.91,1975.44,459800,1975.44
12/13/12,1976.18,2002.78,1976.18,2002.77,421400,2002.77
12/14/12,1989.42,1999.65,1985.19,1995.04,350400,1995.04
12/17/12,1993.18,1999.38,1981.13,1983.07,366600,1983.07
12/18/12,1990.72,1993.09,1979.22,1993.09,454200,1993.09
12/20/12,2002.11,2006.08,1991.81,1999.5,422000,1999.5
12/21/12,2004.61,2004.67,1976.09,1980.42,553600,1980.42
12/24/12,1984.18,1985.57,1977,1981.82,348200,1981.82
12/26/12,1992.1,2000.92,1982.25,1982.25,458000,1982.25
12/27/12,1979.46,1987.91,1971.53,1987.35,376000,1987.35
12/28/12,1984.84,2002.67,1984.84,1997.05,303000,1997.05
1/2/13,2013.74,2033.66,2012.3,2031.1,364000,2031.1
1/3/13,2041.24,2042.48,2018.49,2019.41,491000,2019.41
1/4/13,2017.88,2018.63,2001.53,2011.94,378800,2011.94
1/7/13,2012.15,2014,1996.47,2011.25,536200,2011.25
1/8/13,2003.22,2009.99,1997.91,1997.94,493800,1997.94
1/9/13,2001.98,2007.72,1989.48,1991.81,607600,1991.81
1/10/13,1993.87,2008.47,1988.04,2006.8,500800,2006.8
1/11/13,2017.38,2017.92,1984.16,1996.67,472600,1996.67
1/14/13,1993.82,2007.04,1989.24,2007.04,454800,2007.04
1/15/13,2006.89,2016.37,1983.74,1983.74,546200,1983.74
1/16/13,1988.44,1996.46,1970.01,1977.45,457600,1977.45
1/17/13,1983.67,1986.34,1964.62,1974.27,828800,1974.27
1/18/13,1987.65,1988.47,1976.72,1987.85,583400,1987.85
1/21/13,1987.96,1991.98,1972.64,1986.86,446600,1986.86
1/22/13,1986.58,1999.35,1981.88,1996.52,553400,1996.52
1/23/13,2003.37,2008.06,1980.41,1980.41,491400,1980.41
1/24/13,1970.85,1980.03,1960.75,1964.48,558400,1964.48
1/25/13,1966.4,1966.83,1934.89,1946.69,401800,1946.69
1/28/13,1940.33,1943.49,1930.37,1939.71,349400,1939.71
1/29/13,1946.11,1958.88,1944.81,1955.96,465000,1955.96
1/30/13,1961.92,1967.29,1950.67,1964.43,523200,1964.43
1/31/13,1960.78,1965.92,1954.53,1961.94,399600,1961.94
2/1/13,1964.75,1966.54,1942.44,1957.79,385800,1957.79
2/4/13,1968.95,1969.13,1952.83,1953.21,345400,1953.21
2/5/13,1936.92,1944,1928.75,1938.18,366600,1938.18
2/6/13,1943.33,1944.44,1935.44,1936.19,349200,1936.19
2/7/13,1939.42,1946.67,1931.1,1931.77,412200,1931.77
2/8/13,1930,1955.86,1929.81,1950.9,291200,1950.9
2/12/13,1958.46,1958.65,1943.63,1945.79,307400,1945.79
2/13/13,1952.86,1976.07,1950.58,1976.07,331000,1976.07
2/14/13,1977.42,1986.14,1972.8,1979.61,336000,1979.61
2/15/13,1981.06,1982.76,1976.12,1981.18,598800,1981.18
2/18/13,1979.42,1985.41,1973.65,1981.91,420600,1981.91
2/19/13,1981.96,1990.09,1979.85,1985.83,344200,1985.83
2/20/13,1997.04,2024.64,1995.31,2024.64,407800,2024.64
2/21/13,2014.5,2021.24,2010.91,2015.22,391200,2015.22
2/22/13,2007.34,2029.44,2006.59,2018.89,409200,2018.89
2/25/13,2022.51,2022.77,2008.78,2009.52,338200,2009.52
2/26/13,1993.12,2005.86,1991.96,2000.01,433400,2000.01
2/27/13,2008.94,2014.96,1999.65,2004.04,417000,2004.04
2/28/13,2019.05,2030.85,2016.15,2026.49,422000,2026.49
3/4/13,2028.55,2029.32,2011.09,2013.15,357400,2013.15
3/5/13,2022.41,2031.65,2016.6,2016.61,492000,2016.61
3/6/13,2033.17,2033.89,2016.65,2020.74,395400,2020.74
3/7/13,2018.63,2018.63,1998.29,2004.4,386400,2004.4
3/8/13,2001.97,2007.37,1994.25,2006.01,312000,2006.01
3/11/13,2000.57,2006.3,1982.38,2003.35,398200,2003.35
3/12/13,2006.84,2007.44,1990.17,1993.34,390200,1993.34
3/13/13,1994.79,1999.73,1988.19,1999.73,353000,1999.73
3/14/13,2000.07,2002.13,1978.57,2002.13,331000,2002.13
3/15/13,2009.71,2009.71,1985.91,1986.5,307400,1986.5
3/18/13,1974.71,1982.92,1968.18,1968.18,304200,1968.18
3/19/13,1978.41,1989.46,1973.23,1978.56,326800,1978.56
3/20/13,1969.19,1978.17,1959.4,1959.41,332800,1959.41
3/21/13,1969.3,1973.26,1950.82,1950.82,262800,1950.82
3/22/13,1949.03,1956.33,1946.05,1948.71,259600,1948.71
3/25/13,1968.85,1981.75,1968.14,1977.67,276200,1977.67
3/26/13,1976.81,1990.23,1975.6,1983.7,298800,1983.7
3/27/13,1991.91,1996.56,1973.72,1993.44,362600,1993.44
3/28/13,1989.7,1995.31,1985.45,1993.52,367600,1993.52
3/29/13,2007.12,2013.21,2003.96,2004.89,341600,2004.89
4/1/13,2009.94,2010.15,1994.54,1995.99,269200,1995.99
4/2/13,1996.81,2001.78,1973.27,1986.15,496200,1986.15
4/3/13,1990.71,1992.4,1972.02,1983.22,396400,1983.22
4/4/13,1963.39,1965.19,1938.89,1959.45,415400,1959.45
4/5/13,1948.33,1952.1,1916.77,1927.23,372600,1927.23
4/8/13,1927.04,1933.95,1918.69,1918.69,313400,1918.69
4/9/13,1918.13,1934.74,1901.96,1920.74,356600,1920.74
4/10/13,1933.73,1939.19,1923.43,1935.58,320200,1935.58
4/11/13,1944.53,1949.8,1926.54,1949.8,386600,1949.8
4/12/13,1954.22,1956.21,1919.9,1924.23,407400,1924.23
4/15/13,1916.06,1927.72,1907.35,1920.45,333000,1920.45
4/16/13,1900.18,1926.65,1896.69,1922.21,393000,1922.21
4/17/13,1934.61,1934.82,1910.78,1923.84,415200,1923.84
4/18/13,1916.55,1919.53,1900.05,1900.06,343400,1900.06
4/19/13,1899.35,1910.24,1888.3,1906.75,331200,1906.75
4/22/13,1903.97,1926.31,1901.98,1926.31,258800,1926.31
4/23/13,1924.43,1924.79,1908.77,1918.63,260400,1918.63
4/24/13,1931.06,1939.35,1921.03,1935.31,341200,1935.31
4/25/13,1937.88,1951.66,1935.81,1951.6,335000,1951.6
4/26/13,1949.92,1951.86,1942.37,1944.56,280200,1944.56
4/29/13,1948.87,1948.97,1934.68,1940.7,266000,1940.7
4/30/13,1947.07,1967.06,1946.99,1963.95,403000,1963.95
5/2/13,1961.67,1966.68,1954.28,1957.21,349600,1957.21
5/3/13,1967.88,1968.04,1953.4,1965.71,312600,1965.71
5/6/13,1977.44,1983.64,1960.14,1961.48,295000,1961.48
5/7/13,1962.28,1962.87,1951.27,1954.35,299800,1954.35
5/8/13,1961.73,1964.08,1952.38,1956.45,338000,1956.45
5/9/13,1963.61,1982.32,1961.5,1979.45,332600,1979.45
5/10/13,1975.48,1975.48,1944.75,1944.75,283800,1944.75
5/13/13,1936.86,1948.7,1935.57,1948.7,251600,1948.7
5/14/13,1954.39,1972.5,1954.13,1968.83,328400,1968.83
5/15/13,1971.96,1972.44,1963.52,1971.26,247000,1971.26
5/16/13,1980.03,1991.98,1980.03,1986.81,322200,1986.81
5/20/13,1990.36,1991.27,1982.43,1982.43,274400,1982.43
5/21/13,1994.02,1995.1,1976.17,1981.09,245800,1981.09
5/22/13,1991.76,1998.7,1987.23,1993.83,326400,1993.83
5/23/13,1985.91,1991.35,1969.19,1969.19,343000,1969.19
5/24/13,1979.35,1979.93,1961.59,1973.45,273600,1973.45
5/27/13,1974.59,1984.13,1971.53,1979.97,256000,1979.97
5/28/13,1983.58,1991.2,1978.89,1986.22,311400,1986.22
5/29/13,1993.69,2009.43,1992.68,2001.2,362600,2001.2
5/30/13,1999.83,2008.23,1997.84,2000.1,435600,2000.1
5/31/13,2009.25,2013.29,2000.82,2001.05,397600,2001.05
6/3/13,1993.11,2000.56,1989.51,1989.57,333600,1989.57
6/4/13,1998.38,1999.73,1979.42,1989.51,334800,1989.51
6/5/13,1988.94,1989.29,1959.19,1959.19,340600,1959.19
6/7/13,1953.83,1954.82,1923.84,1923.85,341200,1923.85
6/10/13,1927.19,1934.92,1923.59,1932.7,271800,1932.7
6/11/13,1933.1,1933.34,1910.05,1920.68,288200,1920.68
6/12/13,1913.6,1921.54,1907.29,1909.91,253400,1909.91
6/13/13,1905.1,1911.04,1881.24,1882.73,306400,1882.73
6/14/13,1895.77,1896.6,1881.5,1889.24,279200,1889.24
6/17/13,1889.45,1897.7,1878.4,1883.1,264400,1883.1
6/18/13,1887.72,1900.63,1872.7,1900.62,278600,1900.62
6/19/13,1899.5,1899.5,1883.41,1888.31,279800,1888.31
6/20/13,1864.37,1873.18,1844.41,1850.49,355800,1850.49
6/21/13,1806.4,1823.99,1806.02,1822.83,290400,1822.83
6/24/13,1821.22,1821.22,1798.98,1799.01,221000,1799.01
6/25/13,1790.33,1807.62,1770.53,1780.63,332200,1780.63
6/26/13,1799.74,1799.74,1772.49,1783.45,297000,1783.45
6/27/13,1809.55,1839.52,1809.4,1834.7,286200,1834.7
6/28/13,1844.6,1864.09,1844.6,1863.32,251000,1863.32
7/1/13,1851.57,1866.63,1850.03,1855.73,220800,1855.73
7/2/13,1861.26,1867.18,1850.29,1855.02,483200,1855.02
7/3/13,1854.29,1860.46,1823.1,1824.66,405800,1824.66
7/4/13,1830.49,1840.38,1825.62,1839.14,313000,1839.14
7/5/13,1848.97,1857.39,1828.75,1833.31,285600,1833.31
7/8/13,1830.81,1840.57,1809.72,1816.85,303600,1816.85
7/9/13,1828.63,1831.35,1815.03,1830.35,258000,1830.35
7/10/13,1835.94,1836.91,1818.94,1824.16,268000,1824.16
7/11/13,1840.34,1877.6,1840.34,1877.6,331400,1877.6
7/12/13,1873.66,1873.66,1863.4,1869.98,266000,1869.98
7/15/13,1870.26,1877.46,1847.82,1875.16,330000,1875.16
7/16/13,1875.53,1875.68,1860.37,1866.36,303400,1866.36
7/17/13,1871.29,1894.7,1856.55,1887.49,383000,1887.49
7/18/13,1883.07,1885.01,1870.78,1875.48,380200,1875.48
7/19/13,1880.44,1881.4,1861.43,1871.41,319600,1871.41
7/22/13,1880.81,1894.41,1873.17,1880.35,357000,1880.35
7/23/13,1890.55,1904.15,1885.57,1904.15,352400,1904.15
7/24/13,1904.07,1914.41,1901.15,1912.08,322200,1912.08
7/25/13,1906.57,1913.91,1904.44,1909.61,312000,1909.61
7/26/13,1912.05,1915.97,1902.47,1910.81,320200,1910.81
7/29/13,1908.66,1912.57,1899.02,1899.89,337600,1899.89
7/30/13,1901.88,1917.11,1900.54,1917.05,366900,1917.05
7/31/13,1915.47,1920.6,1910.82,1914.03,384100,1914.03
8/1/13,1916.56,1925.32,1906.74,1920.74,336100,1920.74
8/2/13,1936.26,1939.28,1920.98,1923.38,298200,1923.38
8/5/13,1920.83,1925.6,1915.69,1916.22,234000,1916.22
8/6/13,1914.06,1914.06,1895.87,1906.62,294600,1906.62
8/7/13,1892.47,1895.5,1878.33,1878.33,312400,1878.33
8/8/13,1884.58,1896.07,1879.13,1883.97,338200,1883.97
8/9/13,1884.57,1888.79,1876.07,1880.71,283500,1880.71
8/12/13,1878.5,1894.42,1878.33,1884.83,297500,1884.83
8/13/13,1893.42,1913.03,1890.78,1913.03,362600,1913.03
8/14/13,1912.59,1925.1,1908.92,1923.91,363300,1923.91
8/16/13,1903.72,1927.59,1901.7,1920.11,348500,1920.11
8/19/13,1917.32,1918.71,1909.8,1917.64,302100,1917.64
8/20/13,1910.3,1923.42,1885.93,1887.85,350400,1887.85
8/21/13,1891.01,1894.74,1863.6,1867.46,411200,1867.46
8/22/13,1847.94,1858.5,1838.52,1849.12,425900,1849.12
8/23/13,1861.58,1876.14,1854.67,1870.16,375000,1870.16
8/26/13,1876.59,1890.38,1876.59,1887.86,316300,1887.86
8/27/13,1883.71,1896.63,1881.44,1885.84,409300,1885.84
8/28/13,1862.51,1885.35,1861.56,1884.52,378300,1884.52
8/29/13,1892.03,1914.9,1891.59,1907.54,301700,1907.54
8/30/13,1918.91,1926.37,1910.37,1926.36,301000,1926.36
9/2/13,1925.32,1932.46,1921.01,1924.81,244000,1924.81
9/3/13,1934.24,1940.99,1928.09,1933.74,300100,1933.74
9/4/13,1929.6,1938.26,1921.93,1933.03,284200,1933.03
9/5/13,1943.66,1954.21,1937.82,1951.65,286700,1951.65
9/6/13,1954.11,1962.15,1949.01,1955.31,325000,1955.31
9/9/13,1964.09,1974.67,1962.62,1974.67,270700,1974.67
9/10/13,1978.08,1994.06,1974.59,1994.06,264300,1994.06
9/11/13,1995.96,2003.85,1987.4,2003.85,299400,2003.85
9/12/13,2004.67,2017.48,1995.16,2004.06,359300,2004.06
9/13/13,1994.95,2004.87,1992.26,1994.32,254000,1994.32
9/16/13,2011.69,2018.02,2004.45,2013.37,248500,2013.37
9/17/13,2009.31,2009.31,1994.31,2005.58,264700,2005.58
9/23/13,2000.72,2015.18,1994.77,2009.41,249500,2009.41
9/24/13,2001.51,2011.11,1990.36,2007.1,309400,2007.1
9/25/13,2004.53,2006.88,1988.87,1998.06,294800,1998.06
9/26/13,1992.1,2007.32,1991.1,2007.32,255600,2007.32
9/27/13,2012.26,2016.34,2008.25,2011.8,282300,2011.8
9/30/13,2002.02,2005.41,1994.22,1996.96,292800,1996.96
10/1/13,1997.62,2012.52,1991.22,1998.87,281300,1998.87
10/2/13,2012.07,2012.82,1999.02,1999.47,238300,1999.47
10/4/13,1999.92,2004.65,1985.63,1996.98,241100,1996.98
10/7/13,1997.17,2002.61,1991.02,1994.42,249800,1994.42
10/8/13,1987.97,2002.78,1981.21,2002.76,329600,2002.76
10/10/13,2000.91,2010,1997.66,2001.4,222700,2001.4
10/11/13,2018.01,2028.11,2012.66,2024.9,254300,2024.9
10/14/13,2026.07,2026.79,2019.65,2020.27,220700,2020.27
10/15/13,2034.69,2045.5,2033.84,2040.96,233600,2040.96
10/16/13,2040.03,2049.5,2033.75,2034.61,267500,2034.61
10/17/13,2051.19,2052.44,2035.96,2040.61,306900,2040.61
10/18/13,2046.56,2052.4,2041.36,2052.4,257600,2052.4
