1/4/07,17322.5,17379.46,17315.76,17353.67,80200,17353.67
1/5/07,17315.54,17327.13,17011.1,17091.59,158600,17091.59
1/9/07,17018.89,17261.03,16983.97,17237.77,142400,17237.77
1/10/07,17192.42,17199.42,16847.57,16942.4,133400,16942.4
1/11/07,16958.57,17057.45,16758.46,16838.17,122000,16838.17
1/12/07,16979.73,17160.77,16941.39,17057.01,139400,17057.01
1/15/07,17160.25,17273.58,17144.44,17209.92,124400,17209.92
1/16/07,17190.9,17287.96,17175.85,17202.46,128400,17202.46
1/17/07,17153.25,17335.03,17002.67,17261.35,147000,17261.35
1/18/07,17248.14,17408.62,17220.42,17370.93,148800,17370.93
1/19/07,17340.38,17378.21,17242.77,17310.44,121400,17310.44
1/22/07,17429.9,17484.59,17401.32,17424.18,125600,17424.18
1/23/07,17350.31,17442,17321.29,17408.57,161200,17408.57
1/24/07,17505.31,17553.03,17498.36,17507.4,192200,17507.4
1/25/07,17604.6,17617.64,17427.54,17458.3,159000,17458.3
1/26/07,17368.05,17421.93,17300.84,17421.93,134400,17421.93
1/29/07,17393.19,17489.59,17319.37,17470.46,149200,17470.46
1/30/07,17510,17558.53,17452.63,17490.19,155000,17490.19
1/31/07,17493.83,17497.86,17275.84,17383.42,146000,17383.42
2/1/07,17377.03,17543.96,17361.01,17519.5,167800,17519.5
2/2/07,17569.16,17633.61,17532.64,17547.11,162000,17547.11
2/5/07,17531.41,17531.41,17294.98,17344.8,152400,17344.8
2/6/07,17384.5,17433.27,17345.1,17406.86,157000,17406.86
2/7/07,17367.91,17374.82,17199.66,17292.32,172200,17292.32
2/8/07,17368.35,17400.35,17212.78,17292.48,141800,17292.48
2/9/07,17339.56,17545.71,17274.89,17504.33,159600,17504.33
2/13/07,17481.77,17628.03,17440.43,17621.45,170000,17621.45
2/14/07,17662.29,17789.92,17648.81,17752.64,164800,17752.64
2/15/07,17891.24,17911.58,17815.17,17897.23,151400,17897.23
2/16/07,17828.78,17884.89,17793.35,17875.65,137600,17875.65
2/19/07,17835.13,17974,17810.05,17940.09,137000,17940.09
2/20/07,17919.33,17953.03,17828.95,17939.12,152200,17939.12
2/21/07,17896.6,17968.26,17850.09,17913.21,211200,17913.21
2/22/07,18033.23,18132.84,18024.48,18108.79,183200,18108.79
2/23/07,18113.56,18239.13,18046.42,18188.42,193400,18188.42
2/26/07,18219.75,18300.39,18145.42,18215.35,194800,18215.35
2/27/07,18239.3,18272.68,18073.22,18119.92,198000,18119.92
2/28/07,17843.61,17843.61,17382.79,17604.12,250200,17604.12
3/1/07,17542.23,17557.42,17261.6,17453.51,222400,17453.51
3/2/07,17351.4,17356.45,17160.43,17217.93,198000,17217.93
3/5/07,16992.44,16992.44,16532.91,16642.25,211000,16642.25
3/6/07,16654.85,16882.92,16649.1,16844.5,210000,16844.5
3/7/07,16982.3,16988.01,16731.77,16764.62,217400,16764.62
3/8/07,16729.79,17090.31,16685.95,17090.31,179200,17090.31
3/9/07,17224.67,17246.21,17100.74,17164.04,231600,17164.04
3/12/07,17312.14,17325.45,17206.94,17292.39,130000,17292.39
3/13/07,17268.71,17299.48,17153.2,17178.84,135200,17178.84
3/14/07,16936.19,16936.19,16628.85,16676.89,163600,16676.89
3/15/07,16803.99,16942.31,16760.68,16860.39,165000,16860.39
3/16/07,16779.48,16939.43,16643.76,16744.15,173200,16744.15
3/19/07,16713.99,17026.46,16713.99,17009.55,130800,17009.55
3/20/07,17155.35,17267.74,17146.53,17163.2,129400,17163.2
3/22/07,17383.62,17489.19,17379.4,17419.2,146400,17419.2
3/23/07,17519.51,17534.77,17407.97,17480.61,128400,17480.61
3/26/07,17517.92,17558.04,17425,17521.96,91800,17521.96
3/27/07,17357.26,17516.89,17315.91,17365.05,125800,17365.05
3/28/07,17328.12,17442.62,17141.65,17254.73,153000,17254.73
3/29/07,17119.95,17350.88,17036.22,17263.94,144600,17263.94
3/30/07,17318.85,17380.8,17267.1,17287.65,115200,17287.65
4/2/07,17346.25,17425.74,16999.05,17028.41,154000,17028.41
4/3/07,17154.78,17279.73,17095.92,17244.05,152000,17244.05
4/4/07,17400.68,17576.51,17394.14,17544.09,150400,17544.09
4/5/07,17507.46,17531.3,17430.38,17491.42,132800,17491.42
4/6/07,17502.9,17560.3,17422.55,17484.78,121000,17484.78
4/9/07,17606.03,17747.82,17606.03,17743.76,124600,17743.76
4/10/07,17631.02,17706.92,17613.15,17664.69,131400,17664.69
4/11/07,17699.39,17723.39,17618.19,17670.07,113800,17670.07
4/12/07,17601.65,17601.65,17455.18,17540.42,122200,17540.42
4/13/07,17629.02,17662.89,17327.37,17363.95,134000,17363.95
4/16/07,17507.18,17696.87,17507.18,17628.3,112000,17628.3
4/17/07,17750.67,17782.08,17452.12,17527.45,125200,17527.45
4/18/07,17557.4,17706.85,17538.34,17667.33,120000,17667.33
4/19/07,17530,17530,17219.73,17371.97,142600,17371.97
4/20/07,17471.56,17502.02,17404.62,17452.62,123400,17452.62
4/23/07,17589.61,17656.55,17413.64,17455.37,123600,17455.37
4/24/07,17363.84,17500.34,17305.78,17451.77,116000,17451.77
4/25/07,17379.52,17379.52,17221.55,17236.16,115200,17236.16
4/26/07,17359.84,17496.11,17321.05,17429.17,130000,17429.17
4/27/07,17377.04,17542.25,17299.37,17400.41,153800,17400.41
5/1/07,17396.3,17396.3,17203.03,17274.98,120200,17274.98
5/2/07,17310.75,17441.1,17227.09,17394.92,113400,17394.92
5/7/07,17564.17,17715.99,17558.24,17669.83,149400,17669.83
5/8/07,17651.47,17711.67,17587.92,17656.84,152400,17656.84
5/9/07,17616.58,17753.33,17616.58,17748.12,167000,17748.12
5/10/07,17793.49,17827.48,17712.89,17736.96,165400,17736.96
5/11/07,17616.02,17616.02,17455.28,17553.72,157600,17553.72
5/14/07,17682.74,17786.65,17673.86,17677.94,151400,17677.94
5/15/07,17577.14,17609.55,17491.59,17512.98,136000,17512.98
5/16/07,17487,17539.95,17430.7,17529,141000,17529
5/17/07,17586.33,17656.07,17482.44,17498.6,117000,17498.6
5/18/07,17563.53,17563.53,17320.81,17399.58,114800,17399.58
5/21/07,17455.55,17599.35,17411.51,17556.87,118400,17556.87
5/22/07,17578.31,17730.84,17545.26,17680.05,127800,17680.05
5/23/07,17763.15,17802.71,17699.12,17705.12,130600,17705.12
5/24/07,17680.45,17760.57,17606.56,17696.97,116400,17696.97
5/25/07,17529.27,17529.27,17370.18,17481.21,117800,17481.21
5/28/07,17544.98,17630.37,17544.67,17587.59,94200,17587.59
5/29/07,17524.82,17700.52,17521.64,17672.56,108000,17672.56
5/30/07,17664.37,17727.17,17484.3,17588.26,125800,17588.26
5/31/07,17715.77,17875.75,17701.57,17875.75,134200,17875.75
6/1/07,17949.92,18017.73,17943.68,17958.88,158600,17958.88
6/4/07,18067.9,18071.8,17973.42,17973.42,166600,17973.42
6/5/07,18019.79,18071.72,17950.45,18053.81,126200,18053.81
6/6/07,18001.2,18073.05,17991.19,18040.93,140800,18040.93
6/7/07,17879.01,18053.38,17866.52,18053.38,152400,18053.38
6/8/07,17904.68,17904.68,17696.51,17779.09,223600,17779.09
6/11/07,17899.02,17932.1,17801.63,17834.48,119600,17834.48
6/12/07,17845.22,17862.99,17735.56,17760.91,117200,17760.91
6/13/07,17631.87,17781.41,17591.93,17732.77,119200,17732.77
6/14/07,17834.78,17875.02,17815.3,17842.29,106800,17842.29
6/15/07,17945.84,18007.99,17930.34,17971.49,123800,17971.49
6/18/07,18127.41,18194.26,18112.93,18149.52,120600,18149.52
6/19/07,18131.59,18163.61,18103.56,18163.61,112000,18163.61
6/20/07,18173.07,18297,18141.95,18211.68,141400,18211.68
6/21/07,18117.3,18287.73,18107.81,18240.3,137200,18240.3
6/22/07,18177.89,18200.11,18092.36,18188.63,125600,18188.63
6/25/07,18107.68,18203.56,18079.85,18087.48,114400,18087.48
6/26/07,18098.33,18101.89,18008.6,18066.11,100400,18066.11
6/27/07,17981.77,17983.35,17848.05,17849.28,114200,17849.28
6/28/07,17915.63,17960.22,17893.37,17932.27,100000,17932.27
6/29/07,18010.5,18144.63,17973.5,18138.36,106000,18138.36
7/2/07,18139.04,18175.3,18062.49,18146.3,108600,18146.3
7/3/07,18206.49,18230.89,18146.74,18149.9,104800,18149.9
7/4/07,18158.77,18207.97,18143.58,18168.72,80400,18168.72
7/5/07,18191.89,18295.27,18191.89,18221.48,88800,18221.48
7/6/07,18184.64,18184.64,18086.01,18140.94,100600,18140.94
7/9/07,18226.07,18282.15,18213.59,18261.98,101200,18261.98
7/10/07,18244.69,18259.81,18204.04,18252.67,118800,18252.67
7/11/07,18116.66,18116.66,18028.87,18049.51,120600,18049.51
7/12/07,18105.89,18130.44,17919.17,17984.14,125600,17984.14
7/13/07,18161.02,18268.64,18150.99,18238.95,126200,18238.95
7/17/07,18269.36,18269.36,18167.82,18217.27,123400,18217.27
7/18/07,18136.06,18136.06,17964.28,18015.58,136600,18015.58
7/19/07,18095.95,18131.12,18037.33,18116.57,127600,18116.57
7/20/07,18148.6,18223.04,18124.74,18157.93,176600,18157.93
7/23/07,17995.71,18009.47,17892.75,17963.64,147200,17963.64
7/24/07,17998.76,18018.94,17906.11,18002.03,127400,18002.03
7/25/07,17810.97,17881.31,17733.96,17858.42,135200,17858.42
7/26/07,17807.23,17861.47,17678.98,17702.09,125200,17702.09
7/27/07,17454.59,17454.59,17196.16,17283.81,160400,17283.81
7/30/07,17138.53,17289.3,17042.66,17289.3,154000,17289.3
7/31/07,17318.01,17318.01,17195.29,17248.89,146400,17248.89
8/1/07,17169.2,17169.2,16845.54,16870.98,161400,16870.98
8/2/07,16956.33,16999.16,16652.8,16984.11,158000,16984.11
8/3/07,17019.8,17102.07,16913.27,16979.86,137200,16979.86
8/6/07,16781.14,16951.98,16675.39,16914.46,130600,16914.46
8/7/07,17009.63,17049.45,16863.46,16921.77,135000,16921.77
8/8/07,16930.39,17085.1,16911.68,17029.28,165000,17029.28
8/9/07,17170.36,17274.33,17148.95,17170.6,218800,17170.6
8/10/07,16923.21,16948.96,16651.71,16764.09,213200,16764.09
8/13/07,16791.8,16948.4,16725.55,16800.05,148200,16800.05
8/14/07,16824.63,16855.05,16747.94,16844.61,115400,16844.61
8/15/07,16659.07,16667.36,16433.3,16475.61,131400,16475.61
8/16/07,16296.4,16296.4,15859.46,16148.49,177000,16148.49
8/17/07,16035.38,16062.59,15262.1,15273.68,196800,15273.68
8/20/07,15477.26,15940.61,15477.26,15732.48,146600,15732.48
8/21/07,15773.86,16101.64,15754.51,15901.34,132600,15901.34
8/22/07,15866.6,15957.96,15787.96,15900.64,106400,15900.64
8/23/07,16093.82,16333.36,16093.82,16316.32,118200,16316.32
8/24/07,16286.01,16329.96,16188.08,16248.97,102800,16248.97
8/27/07,16429.01,16504.72,16263.95,16301.39,91600,16301.39
8/28/07,16214.09,16343.28,16192.84,16287.49,83800,16287.49
8/29/07,16068.1,16068.1,15830.28,16012.83,112000,16012.83
8/30/07,16182.09,16269.66,16091.28,16153.82,97200,16153.82
8/31/07,16270.99,16569.09,16266.23,16569.09,119400,16569.09
9/3/07,16511.07,16575.97,16452.74,16524.93,96600,16524.93
9/4/07,16445.73,16511.64,16392.21,16420.47,86600,16420.47
9/5/07,16506.11,16553.22,16154.9,16158.45,114200,16158.45
9/6/07,16003.88,16257,15840.05,16257,141200,16257
9/7/07,16179.78,16230.58,16027.93,16122.16,101000,16122.16
9/10/07,15906.52,15906.52,15651.83,15764.97,115400,15764.97
9/11/07,15787.86,15940.38,15610.65,15877.67,111000,15877.67
9/12/07,15978.78,16032.26,15731.32,15797.6,111000,15797.6
9/13/07,15886.76,15931.09,15802.36,15821.19,101600,15821.19
9/14/07,15895.05,16142.08,15877.09,16127.42,173000,16127.42
9/18/07,16037.49,16037.49,15780.9,15801.8,101000,15801.8
9/19/07,16038.12,16386.17,16038.12,16381.54,112200,16381.54
9/20/07,16474.66,16491.45,16344.28,16413.79,120800,16413.79
9/21/07,16284.43,16353.97,16245.94,16312.61,123000,16312.61
9/25/07,16317.19,16434.8,16240.26,16401.73,118000,16401.73
9/26/07,16388.51,16457.72,16388.51,16435.74,103800,16435.74
9/27/07,16551.94,16868.94,16551.94,16832.22,126800,16832.22
9/28/07,16903.64,16929.26,16755.21,16785.69,111600,16785.69
10/1/07,16773.1,16899.84,16685.8,16845.96,108600,16845.96
10/2/07,17027.92,17072.67,16986.38,17046.78,136000,17046.78
10/3/07,17066.14,17205.42,17017.77,17199.89,148200,17199.89
10/4/07,17085.32,17160.47,17043.76,17092.49,129200,17092.49
10/5/07,17070.61,17144.35,17032.75,17065.04,97200,17065.04
10/9/07,17166.17,17237.4,17133.52,17159.9,104600,17159.9
10/10/07,17231.14,17254.52,17146.39,17177.89,101800,17177.89
10/11/07,17188.81,17488.97,17154.75,17458.98,133000,17458.98
10/12/07,17417.94,17441.75,17280.6,17331.17,127000,17331.17
10/15/07,17399.67,17430.09,17292.13,17358.15,97000,17358.15
10/16/07,17267.07,17283.05,17104.2,17137.92,114400,17137.92
10/17/07,17114.2,17114.2,16795.74,16955.31,150600,16955.31
10/18/07,16974.69,17147.73,16974.69,17106.09,113800,17106.09
10/19/07,16965,16965,16711.57,16814.37,111600,16814.37
10/22/07,16563.57,16563.57,16264.7,16438.47,122000,16438.47
10/23/07,16486.71,16554.91,16416.92,16450.58,90400,16450.58
10/24/07,16518,16578.59,16330.33,16358.39,109200,16358.39
10/25/07,16368.02,16438.57,16199.02,16284.17,111600,16284.17
10/26/07,16358.61,16505.63,16348.86,16505.63,110200,16505.63
10/29/07,16613.3,16774.18,16613.3,16698.08,122000,16698.08
10/30/07,16655.31,16682.87,16492.56,16651.01,149200,16651.01
10/31/07,16620.59,16738.98,16552.54,16737.63,144800,16737.63
11/1/07,16812.9,16887.04,16795.55,16870.4,145000,16870.4
11/2/07,16647.4,16654.73,16484.54,16517.48,148200,16517.48
11/5/07,16458.14,16458.14,16211.79,16268.92,142800,16268.92
11/6/07,16152.58,16353.93,16144.4,16249.63,138800,16249.63
11/7/07,16325.18,16326.58,16081.03,16096.68,136000,16096.68
11/8/07,15889.03,15891.23,15626.06,15771.57,161200,15771.57
11/9/07,15675.48,15834.97,15566.12,15583.42,160400,15583.42
11/12/07,15377.37,15386.8,14998.51,15197.09,158600,15197.09
11/13/07,15148.16,15235.56,14988.77,15126.63,151000,15126.63
11/14/07,15311.38,15504.99,15287.26,15499.56,139000,15499.56
11/15/07,15536.35,15587.31,15396.3,15396.3,129800,15396.3
11/16/07,15238.73,15238.73,15030.02,15154.61,118800,15154.61
11/19/07,15177.17,15302.76,15040.1,15042.56,125400,15042.56
11/20/07,14868.98,15222.24,14751.27,15211.52,184600,15211.52
11/21/07,15113.83,15154.31,14770.22,14837.66,149000,14837.66
11/22/07,14726.62,15000.18,14669.85,14888.77,161200,14888.77
11/26/07,14921.57,15295.21,14912.83,15135.21,146000,15135.21
11/27/07,14953.93,15312.55,14801.87,15222.85,159200,15222.85
11/28/07,15271.14,15280.91,15089.35,15153.78,134200,15153.78
11/29/07,15339.61,15555.04,15339.61,15513.74,129800,15513.74
11/30/07,15520.53,15751.2,15520.53,15680.67,171200,15680.67
12/3/07,15747.47,15799.69,15577.69,15628.97,137600,15628.97
12/4/07,15613.89,15683.18,15446.47,15480.19,124200,15480.19
12/5/07,15418.95,15621.54,15365.39,15608.88,137000,15608.88
12/6/07,15782.4,15898.26,15740.94,15874.08,129200,15874.08
12/7/07,15992.24,16107.65,15948.54,15956.37,146000,15956.37
12/10/07,16007.33,16017.14,15826.25,15924.39,116200,15924.39
12/11/07,16003.09,16075.61,15972.45,16044.72,102800,16044.72
12/12/07,15828.65,15963.43,15700.15,15932.26,142800,15932.26
12/13/07,15818.48,15833.1,15532.53,15536.52,141000,15536.52
12/14/07,15547.19,15697.05,15433.77,15514.51,200200,15514.51
12/17/07,15433.3,15508.5,15219.07,15249.79,113200,15249.79
12/18/07,15099.2,15301.69,15004.41,15207.86,139800,15207.86
12/19/07,15165.09,15267.75,15030.51,15030.51,118200,15030.51
12/20/07,15151.37,15161.66,15017.97,15031.6,108600,15031.6
12/21/07,15044.35,15275.61,14998.01,15257,135400,15257
12/25/07,15441.33,15583.39,15441.33,15552.59,90600,15552.59
12/26/07,15613.96,15653.54,15559.47,15653.54,94000,15653.54
12/27/07,15616.41,15628.31,15535.51,15564.69,93000,15564.69
12/28/07,15413.37,15413.37,15240.96,15307.78,61200,15307.78
1/4/08,15155.73,15156.66,14542.58,14691.41,98800,14691.41
1/7/08,14549.38,14667.85,14438.61,14500.55,139800,14500.55
1/8/08,14429.3,14547.8,14365.86,14528.67,146800,14528.67
1/9/08,14364.71,14602.65,14271.57,14599.16,155400,14599.16
1/10/08,14546.32,14584.73,14388.11,14388.11,130200,14388.11
1/11/08,14419.43,14447.49,14096.54,14110.79,175400,14110.79
1/15/08,14134.91,14224,13915.15,13972.63,163800,13972.63
1/16/08,13796.73,13841.93,13500.59,13504.51,204600,13504.51
1/17/08,13596.38,13803.08,13472.45,13783.45,192800,13783.45
1/18/08,13577.5,13902.64,13365.32,13861.29,191000,13861.29
1/21/08,13701.43,13704.65,13320.51,13325.94,152600,13325.94
1/22/08,13125.23,13125.23,12572.68,12573.05,199000,12573.05
1/23/08,12756.31,13063.78,12619.78,12829.06,178000,12829.06
1/24/08,12952.5,13134.77,12952.5,13092.78,189600,13092.78
1/25/08,13258.77,13647.16,13248.89,13629.16,178800,13629.16
1/28/08,13482.84,13501.86,13087.91,13087.91,152800,13087.91
1/29/08,13246.69,13506.81,13224.66,13478.86,147000,13478.86
1/30/08,13500.52,13514.13,13271.13,13345.03,152400,13345.03
1/31/08,13227.48,13622.68,13154.77,13592.47,165200,13592.47
2/1/08,13517.74,13648.39,13444.08,13497.16,142600,13497.16
2/4/08,13642.6,13889.24,13642.6,13859.7,138200,13859.7
2/5/08,13806.17,13821.92,13665.64,13745.5,133600,13745.5
2/6/08,13548.53,13552.19,13099.24,13099.24,176800,13099.24
2/7/08,13077.25,13244.19,12972.55,13207.15,163000,13207.15
2/8/08,13143.08,13279.52,12997.88,13017.24,170600,13017.24
2/12/08,12998.87,13138.28,12923.42,13021.96,147600,13021.96
2/13/08,13162.95,13240.26,13036.62,13068.3,138800,13068.3
2/14/08,13254.59,13626.45,13251.86,13626.45,147200,13626.45
2/15/08,13508.53,13666.68,13356.39,13622.56,154800,13622.56
2/19/08,13761.76,13853.21,13691.88,13757.91,147400,13757.91
2/20/08,13729.75,13729.75,13310.37,13310.37,163600,13310.37
2/21/08,13462.72,13783.97,13439.59,13688.28,143000,13688.28
2/22/08,13530.19,13540.62,13378.72,13500.46,144200,13500.46
2/25/08,13612.31,13969.18,13612.31,13914.57,152000,13914.57
2/26/08,14036.89,14053.85,13803.46,13824.72,133800,13824.72
2/27/08,14007.32,14105.47,13956.44,14031.3,127400,14031.3
2/28/08,13877.88,13962.3,13794.71,13925.51,118400,13925.51
2/29/08,13735.44,13738.56,13533.25,13603.02,126600,13603.02
3/3/08,13412.87,13413.63,12992.18,12992.18,142400,12992.18
3/4/08,13080.29,13110.39,12883.07,12992.28,138600,12992.28
3/5/08,12973.03,13044.01,12919.81,12972.06,128800,12972.06
3/6/08,13068.89,13365.22,13050.55,13215.42,134200,13215.42
3/7/08,13024.61,13024.61,12744.52,12782.8,144200,12782.8
3/10/08,12716.84,12777.07,12527.07,12532.13,151200,12532.13
3/11/08,12392.31,12674.89,12352.79,12658.28,162200,12658.28
3/12/08,12841.88,13071.22,12799.42,12861.13,141000,12861.13
3/13/08,12741.26,12772.37,12351.72,12433.44,143400,12433.44
3/14/08,12509.81,12582.57,12167.09,12241.6,232000,12241.6
3/17/08,12089.03,12132.69,11691,11787.51,172600,11787.51
3/18/08,11828.99,11995.06,11793.6,11964.16,157800,11964.16
3/19/08,12142.33,12374.75,12142.33,12260.44,143800,12260.44
3/21/08,12331.64,12496.41,12308.03,12482.57,122000,12482.57
3/24/08,12473.06,12582.46,12438.2,12480.09,108400,12480.09
3/25/08,12639.74,12791.24,12572.77,12745.22,130200,12745.22
3/26/08,12648.97,12711.78,12591.01,12706.63,107400,12706.63
3/27/08,12618.42,12621.56,12475.88,12604.58,114200,12604.58
3/28/08,12594.34,12874.45,12507.68,12820.47,122600,12820.47
3/31/08,12709.28,12709.28,12430.63,12525.54,124000,12525.54
4/1/08,12539.8,12779.14,12521.84,12656.42,114600,12656.42
4/2/08,12836.41,13189.36,12836.41,13189.36,145000,13189.36
4/3/08,13190.16,13389.9,13137.1,13389.9,142600,13389.9
4/4/08,13286.35,13360.81,13220,13293.22,122000,13293.22
4/7/08,13240.56,13485.9,13228.86,13450.23,125200,13450.23
4/8/08,13373.96,13402.91,13225.76,13250.43,110600,13250.43
4/9/08,13295.16,13348.38,12998.54,13111.89,117200,13111.89
4/10/08,13029.81,13062.46,12898.49,12945.3,128000,12945.3
4/11/08,13061.77,13329.4,13040.35,13323.73,147600,13323.73
4/14/08,13132.67,13132.67,12858.63,12917.51,101000,12917.51
4/15/08,12952.65,13052.82,12875.92,12990.58,112400,12990.58
4/16/08,13130.66,13222.43,13112.07,13146.13,121200,13146.13
4/17/08,13315.83,13495.94,13313.06,13398.3,127200,13398.3
4/18/08,13426.26,13485.04,13323.74,13476.45,102400,13476.45
4/21/08,13639.85,13739.44,13639.77,13696.55,124600,13696.55
4/22/08,13587.51,13608.17,13519.12,13547.82,100800,13547.82
4/23/08,13455.56,13717.05,13449.04,13579.16,112200,13579.16
4/24/08,13613.83,13654.78,13497.16,13540.87,108800,13540.87
4/25/08,13614.53,13886.37,13614.53,13863.47,127200,13863.47
4/28/08,13907.97,14003.28,13745.61,13894.37,139400,13894.37
4/30/08,13802.94,13976.1,13766.24,13849.99,143200,13849.99
5/1/08,13802.59,13884.63,13727.07,13766.86,110800,13766.86
5/2/08,13944.26,14072.92,13944.26,14049.26,114000,14049.26
5/7/08,14147.57,14208.67,14022.79,14102.48,139800,14102.48
5/8/08,14008.19,14036.31,13930.28,13943.26,120400,13943.26
5/9/08,13941.3,13946.51,13639.99,13655.34,130400,13655.34
5/12/08,13565.91,13793.41,13540.68,13743.36,103000,13743.36
5/13/08,13814.39,13976.92,13734.5,13953.73,129200,13953.73
5/14/08,13961.96,14121.94,13877.4,14118.55,142400,14118.55
5/15/08,14167.02,14352.84,14167.02,14251.74,160200,14251.74
5/16/08,14363.62,14392.53,14194.91,14219.48,144200,14219.48
5/19/08,14294.52,14343.19,14219.08,14269.61,133800,14269.61
5/20/08,14220.12,14286.67,14121.92,14160.09,159800,14160.09
5/21/08,14002.52,14041.24,13847.18,13926.3,160200,13926.3
5/22/08,13772.65,13984.81,13658.02,13978.46,159200,13978.46
5/23/08,13945.1,14157.24,13925.38,14012.2,146400,14012.2
5/26/08,13875.98,13883.51,13670.92,13690.19,117800,13690.19
5/27/08,13750.82,13931.23,13750.82,13893.31,100200,13893.31
5/28/08,13937.14,13979.39,13665.57,13709.44,132400,13709.44
5/29/08,13832.65,14147.89,13832.65,14124.47,128800,14124.47
5/30/08,14195.66,14366.63,14192.17,14338.54,166600,14338.54
6/2/08,14342.96,14461.03,14189.97,14440.14,152600,14440.14
6/3/08,14275.61,14289.47,14127.75,14209.17,152600,14209.17
6/4/08,14270.07,14435.57,14250.11,14435.57,168800,14435.57
6/5/08,14392.59,14392.59,14262.02,14341.12,152000,14341.12
6/6/08,14530.36,14601.27,14489.44,14489.44,150600,14489.44
6/9/08,14275.34,14278.84,14117.79,14181.38,122000,14181.38
6/10/08,14281.36,14308.89,13983.56,14021.17,120600,14021.17
6/11/08,14137.54,14194.48,13993.57,14183.48,131000,14183.48
6/12/08,14010.32,14010.32,13826.07,13888.6,133400,13888.6
6/13/08,14011.12,14041.34,13810.38,13973.73,230400,13973.73
6/16/08,14118.23,14369.09,14103.5,14354.37,120000,14354.37
6/17/08,14387,14387,14299.67,14348.37,110800,14348.37
6/18/08,14301.36,14469.99,14301.36,14452.82,110800,14452.82
6/19/08,14324.71,14324.71,14069.16,14130.17,130800,14130.17
6/20/08,14171.02,14190,13903.21,13942.08,129600,13942.08
6/23/08,13769.44,13920.75,13667.84,13857.47,117600,13857.47
6/24/08,13766.28,13877.49,13738.39,13849.56,100200,13849.56
6/25/08,13820.78,13833.23,13635.68,13829.92,123600,13829.92
6/26/08,13845.41,13950.56,13798.05,13822.32,114400,13822.32
6/27/08,13605.26,13605.56,13453.35,13544.36,127800,13544.36
6/30/08,13584.51,13598.48,13454.28,13481.38,123600,13481.38
7/1/08,13514.86,13576.41,13448.35,13463.2,121400,13463.2
7/2/08,13489.87,13489.87,13247.05,13286.37,136600,13286.37
7/3/08,13161.78,13326.95,13118.89,13265.4,154200,13265.4
7/4/08,13285.49,13288.55,13135.46,13237.89,117400,13237.89
7/7/08,13212.8,13409.3,13169.55,13360.04,107000,13360.04
7/8/08,13286.5,13294.97,12984.54,13033.1,121800,13033.1
7/9/08,13169.89,13284.65,13038.77,13052.13,123000,13052.13
7/10/08,12934.31,13139.85,12930.32,13067.21,120200,13067.21
7/11/08,13063.5,13164.1,12918.22,13039.69,146200,13039.69
7/14/08,13022.29,13185.9,12969.93,13010.16,123800,13010.16
7/15/08,12902.13,12902.13,12715.81,12754.56,118800,12754.56
7/16/08,12725.12,12815.4,12671.34,12760.8,122400,12760.8
7/17/08,12889.8,12929.74,12852.93,12887.95,111000,12887.95
7/18/08,12976.22,12999.64,12762.33,12803.7,113200,12803.7
7/22/08,12944.56,13184.96,12921.02,13184.96,112400,13184.96
7/23/08,13259.65,13388.63,13238.55,13312.93,127200,13312.93
7/24/08,13411.28,13603.31,13393.57,13603.31,126200,13603.31
7/25/08,13452.37,13469.83,13324.22,13334.76,109600,13334.76
7/28/08,13407.36,13468.94,13327.12,13353.78,93600,13353.78
7/29/08,13220.33,13220.33,13018.22,13159.45,106400,13159.45
7/30/08,13267.37,13372.28,13264.08,13367.79,109000,13367.79
7/31/08,13410.4,13467.67,13256.38,13376.81,137000,13376.81
8/1/08,13276.57,13294.17,13039.21,13094.59,135000,13094.59
8/4/08,13083.28,13113.94,12910.17,12933.18,142000,12933.18
8/5/08,12957.01,13049.58,12893.34,12914.66,144600,12914.66
8/6/08,13059.43,13295.51,13048.97,13254.89,156400,13254.89
8/7/08,13257.99,13257.99,13034.15,13124.99,136000,13124.99
8/8/08,13026.53,13259.73,12962.82,13168.41,162400,13168.41
8/11/08,13259.46,13468.81,13259.46,13430.91,113800,13430.91
8/12/08,13397.99,13420.1,13276.15,13303.6,125200,13303.6
8/13/08,13205.64,13205.64,12953.34,13023.05,125200,13023.05
8/14/08,12942.61,13090.68,12926.98,12956.8,116400,12956.8
8/15/08,12991.91,13029.58,12952.21,13019.41,94800,13019.41
8/18/08,12971.49,13270.37,12934.22,13165.45,114000,13165.45
8/19/08,13016.5,13016.5,12782.1,12865.05,103200,12865.05
8/20/08,12753.98,12923.66,12753.98,12851.69,110400,12851.69
8/21/08,12885.34,12885.34,12723.83,12752.21,105200,12752.21
8/22/08,12727.37,12732.69,12631.94,12666.04,87800,12666.04
8/25/08,12797.54,12949.33,12797.54,12878.66,86600,12878.66
8/26/08,12711.03,12801.21,12656.09,12778.71,87000,12778.71
8/27/08,12734.39,12783.63,12681.98,12752.96,87000,12752.96
8/28/08,12827.72,12847.46,12718.53,12768.25,89600,12768.25
8/29/08,12925.45,13079.37,12918.49,13072.87,120800,13072.87
9/1/08,12936.81,12940.55,12834.18,12834.18,87600,12834.18
9/2/08,12779.89,12920.52,12491.07,12609.47,126600,12609.47
9/3/08,12703.36,12767.5,12647.29,12689.59,129200,12689.59
9/4/08,12627.64,12660.57,12514.26,12557.66,145200,12557.66
9/5/08,12385.65,12385.65,12163.33,12212.23,155600,12212.23
9/8/08,12359.93,12671.76,12352.35,12624.46,135000,12624.46
9/9/08,12529.96,12529.96,12335.74,12400.65,119600,12400.65
9/10/08,12249.14,12404.67,12159.97,12346.63,155200,12346.63
9/11/08,12237.52,12259.02,12081.51,12102.5,131600,12102.5
9/12/08,12256.78,12277.57,12059.09,12214.76,194600,12214.76
9/16/08,12028.45,12028.45,11551.4,11609.72,184000,11609.72
9/17/08,11737.62,11880.03,11708.7,11749.79,158000,11749.79
9/18/08,11576.94,11577.88,11301.46,11489.3,163000,11489.3
9/19/08,11631.6,11920.86,11615.2,11920.86,184600,11920.86
9/22/08,12037.89,12263.95,12037.89,12090.59,150400,12090.59
9/24/08,12031.98,12115.03,11904.6,12115.03,152600,12115.03
9/25/08,11925.71,12025.41,11835.28,12006.53,113600,12006.53
9/26/08,12026.34,12082.64,11788.73,11893.16,131400,11893.16
9/29/08,11883.25,12062.67,11721.05,11743.61,122400,11743.61
9/30/08,11565.7,11565.7,11160.83,11259.86,165000,11259.86
10/1/08,11396.61,11456.64,11314.28,11368.26,142400,11368.26
10/2/08,11423.13,11452.39,11143.79,11154.76,156400,11154.76
10/3/08,11052.1,11099.73,10938.14,10938.14,174400,10938.14
10/6/08,10817.27,10839.5,10374.38,10473.09,185000,10473.09
10/7/08,10328.54,10363.14,9916.21,10155.9,210800,10155.9
10/8/08,10011.64,10011.64,9159.81,9203.32,205400,9203.32
10/9/08,9168.16,9443.45,9100.93,9157.49,213400,9157.49
10/10/08,9016.34,9016.34,8115.41,8276.43,247200,8276.43
10/14/08,8407.94,9455.62,8407.94,9447.57,169400,9447.57
10/15/08,9390.5,9601.3,9269.49,9547.47,185000,9547.47
10/16/08,9400.85,9400.85,8458.45,8458.45,186200,8458.45
10/17/08,8579.57,8763.71,8539.51,8693.82,171400,8693.82
10/20/08,8775.24,9038.45,8687.7,9005.59,165600,9005.59
10/21/08,9139.26,9358.51,9135.41,9306.25,154800,9306.25
10/22/08,9198.14,9198.14,8674.69,8674.69,160600,8674.69
10/23/08,8547.79,8547.79,8016.61,8460.98,216800,8460.98
10/24/08,8391.04,8391.04,7647.07,7649.08,194600,7649.08
10/27/08,7568.36,7878.97,7141.27,7162.9,237400,7162.9
10/28/08,7143.34,7626.42,6994.9,7621.92,240800,7621.92
10/29/08,7741.52,8211.9,7741.52,8211.9,222800,8211.9
10/30/08,8269.71,9030.85,8269.71,9029.76,220600,9029.76
10/31/08,8958.22,9012.31,8576.98,8576.98,206000,8576.98
11/4/08,8702.77,9142.29,8699.77,9114.6,164800,9114.6
11/5/08,9224.05,9521.24,9216.3,9521.24,208600,9521.24
11/6/08,9373.65,9380.3,8806.71,8899.14,176000,8899.14
11/7/08,8774.49,8868.1,8266.09,8583,206400,8583
11/10/08,8711.99,9106.29,8711.99,9081.43,155400,9081.43
11/11/08,8965.29,9056.31,8704.56,8809.3,153800,8809.3
11/12/08,8694.91,8782.48,8574.2,8695.51,153800,8695.51
11/13/08,8564.47,8564.47,8148.3,8238.64,166600,8238.64
11/14/08,8378.13,8689.85,8378.13,8462.39,155600,8462.39
11/17/08,8366.88,8767.98,8218.82,8522.58,146000,8522.58
11/18/08,8415.6,8440.41,8302.24,8328.41,144200,8328.41
11/19/08,8309.35,8370.09,8115.71,8273.22,143800,8273.22
11/20/08,8149.77,8149.79,7703.04,7703.04,154400,7703.04
11/21/08,7600.35,7994.68,7406.18,7910.79,185200,7910.79
11/25/08,8026.06,8356.83,8025.69,8323.93,155000,8323.93
11/26/08,8229.72,8317.83,8149.56,8213.22,118800,8213.22
11/27/08,8311.24,8458.68,8300.49,8373.39,116600,8373.39
11/28/08,8400.05,8518.13,8336.57,8512.27,145400,8512.27
12/1/08,8464.36,8464.36,8307.28,8397.22,107000,8397.22
12/2/08,8266.32,8266.32,7863.69,7863.69,136000,7863.69
12/3/08,7965.31,8056.38,7889.82,8004.1,121200,8004.1
12/4/08,8030.2,8107.69,7849.84,7924.24,148000,7924.24
12/5/08,7975.05,8024.33,7908.65,7917.51,139400,7917.51
12/8/08,7970.69,8358.27,7959.01,8329.05,139000,8329.05
12/9/08,8362.37,8499.6,8314.85,8395.87,150800,8395.87
12/10/08,8376,8704.92,8376,8660.24,155600,8660.24
12/11/08,8642.26,8720.55,8519.11,8720.55,162200,8720.55
12/12/08,8599.12,8610.73,8087.99,8235.87,185600,8235.87
12/15/08,8349.85,8700.17,8349.85,8664.66,129200,8664.66
12/16/08,8608.4,8634.26,8471.24,8568.02,132200,8568.02
12/17/08,8658.22,8741.24,8425.66,8612.52,148400,8612.52
12/18/08,8565.16,8728.36,8534.84,8667.23,138800,8667.23
12/19/08,8640.22,8743.22,8570.56,8588.52,138000,8588.52
12/22/08,8602.5,8751.18,8593.76,8723.78,109800,8723.78
12/24/08,8630.25,8631.83,8476.69,8517.1,100800,8517.1
12/25/08,8531.51,8599.5,8531.16,8599.5,61200,8599.5
12/26/08,8642.14,8740.76,8611.36,8739.52,75800,8739.52
12/29/08,8726.31,8763.67,8638.6,8747.17,83200,8747.17
12/30/08,8716.28,8859.56,8702.95,8859.56,60800,8859.56
1/5/09,8991.21,9127.38,8987.36,9043.12,85000,9043.12
1/6/09,9130.01,9171.03,9029.94,9080.84,154800,9080.84
1/7/09,9133.8,9325.35,9106.05,9239.24,205600,9239.24
1/8/09,9143.21,9148.83,8876.42,8876.42,150000,8876.42
1/9/09,8932.71,8956.85,8773.2,8836.8,137000,8836.8
1/13/09,8732.63,8732.93,8405.5,8413.91,135600,8413.91
1/14/09,8425.75,8516.07,8359.16,8438.45,132800,8438.45
1/15/09,8309.38,8309.38,7997.73,8023.31,158400,8023.31
1/16/09,8125.2,8283.91,8067.47,8230.15,140600,8230.15
1/19/09,8318.26,8351.68,8221.84,8256.85,102600,8256.85
1/20/09,8187.14,8190.42,7962.46,8065.79,128000,8065.79
1/21/09,7949.96,8009.22,7829.3,7901.64,147000,7901.64
1/22/09,7988.3,8051.74,7809.89,8051.74,142600,8051.74
1/23/09,7965.41,7965.41,7745.25,7745.25,119800,7745.25
1/26/09,7714.26,7807.16,7671.04,7682.14,115000,7682.14
1/27/09,7782.9,8115.15,7782.07,8061.07,152400,8061.07
1/28/09,8052.25,8171.63,7936.59,8106.29,140000,8106.29
1/29/09,8201.16,8305.38,8138.99,8251.24,160200,8251.24
1/30/09,8142.88,8142.88,7922.39,7994.05,148000,7994.05
2/2/09,7908.51,7955.75,7795.27,7873.98,159800,7873.98
2/3/09,7862.95,8084.41,7800.8,7825.51,181600,7825.51
2/4/09,7897.24,8084.97,7863.65,8038.94,156800,8038.94
2/5/09,7985.53,8093.96,7901.04,7949.65,169400,7949.65
2/6/09,8054.27,8169.04,8033.24,8076.62,147200,8076.62
2/9/09,8178.07,8257.71,7969.03,7969.03,140400,7969.03
2/10/09,8066.94,8124.79,7917.27,7945.94,138600,7945.94
2/12/09,7842.53,7862.52,7685.68,7705.36,146000,7705.36
2/13/09,7789.35,7887.74,7730.27,7779.4,149600,7779.4
2/16/09,7732.68,7804.24,7694.73,7750.17,110600,7750.17
2/17/09,7690.13,7710.43,7615.94,7645.51,120800,7645.51
2/18/09,7539.96,7565.79,7479.18,7534.44,149400,7534.44
2/19/09,7604.22,7642.69,7537.56,7557.65,138200,7557.65
2/20/09,7544.07,7554.7,7382.33,7416.38,140800,7416.38
2/23/09,7314.3,7417.18,7209.43,7376.16,164200,7376.16
2/24/09,7266.68,7270.9,7155.16,7268.56,146800,7268.56
2/25/09,7368.44,7471.03,7330.44,7461.22,165400,7461.22
2/26/09,7470.6,7599.81,7433.06,7457.93,143200,7457.93
2/27/09,7463.42,7589.77,7414.4,7568.42,140600,7568.42
3/2/09,7454.28,7454.28,7234.96,7280.15,125400,7280.15
3/3/09,7177.79,7288.14,7088.47,7229.72,146600,7229.72
3/4/09,7146.71,7320.65,7104.63,7290.96,159800,7290.96
3/5/09,7336.02,7532.87,7336.02,7433.49,185400,7433.49
3/6/09,7328.29,7328.29,7167.07,7173.1,159600,7173.1
3/9/09,7191.13,7241.02,7028.49,7086.03,132800,7086.03
3/10/09,7059.77,7100.77,7021.28,7054.98,133000,7054.98
3/11/09,7165.39,7393.81,7161.85,7376.12,155800,7376.12
3/12/09,7320.45,7345.02,7198.25,7198.25,153200,7198.25
3/13/09,7301.12,7571.45,7300.87,7569.28,217000,7569.28
3/16/09,7630.2,7754.75,7630.2,7704.15,150400,7704.15
3/17/09,7767.34,7967.03,7723.94,7949.13,171400,7949.13
3/18/09,8006.86,8054.35,7895.28,7972.17,176800,7972.17
3/19/09,8017.93,8034.09,7902.49,7945.96,138000,7945.96
3/23/09,7943.14,8229.13,7922.55,8215.53,178400,8215.53
3/24/09,8334.68,8504.41,8297.27,8488.3,195000,8488.3
3/25/09,8499.69,8553.01,8392.56,8479.99,162000,8479.99
3/26/09,8430.22,8640.28,8383.99,8636.33,135200,8636.33
3/27/09,8711.72,8843.18,8626.97,8626.97,157800,8626.97
3/30/09,8621.85,8651.06,8236.08,8236.08,164200,8236.08
3/31/09,8199.43,8383.74,8088.45,8109.53,178800,8109.53
4/1/09,8173.36,8351.91,8084.62,8351.91,157000,8351.91
4/2/09,8453.73,8741.67,8449.87,8719.78,213000,8719.78
4/3/09,8814.1,8884.63,8697.17,8749.84,217400,8749.84
4/6/09,8856.84,8992.06,8812.36,8857.93,173600,8857.93
4/7/09,8838.66,8884.45,8778.92,8832.85,150600,8832.85
4/8/09,8746.73,8765.64,8556.75,8595.01,168000,8595.01
4/9/09,8665.16,8920.86,8664.26,8916.06,192000,8916.06
4/10/09,9041.23,9068.8,8856.69,8964.11,228600,8964.11
4/13/09,8930.35,9024.45,8888.1,8924.43,167400,8924.43
4/14/09,8955.9,8961.73,8749.92,8842.68,181800,8842.68
4/15/09,8777.68,8800.52,8681.03,8742.96,158400,8742.96
4/16/09,8848.43,9030,8720.62,8755.26,173000,8755.26
4/17/09,8854.33,8953.34,8834.63,8907.58,184200,8907.58
4/20/09,8899.59,8933.8,8813.72,8924.75,167800,8924.75
4/21/09,8802.09,8802.09,8612.76,8711.33,175400,8711.33
4/22/09,8777.53,8802.9,8683.27,8727.3,195000,8727.3
4/23/09,8776.94,8860.55,8647.8,8847.01,186200,8847.01
4/24/09,8832.1,8852.83,8694.92,8707.99,212200,8707.99
4/27/09,8783.34,8840.53,8648.51,8726.34,152200,8726.34
4/28/09,8678.28,8808.64,8493.77,8493.77,169600,8493.77
4/30/09,8615.45,8844.77,8615.45,8828.26,174800,8828.26
5/1/09,8848.84,9017.32,8827.13,8977.37,154800,8977.37
5/7/09,9102.35,9385.7,9100.11,9385.7,239000,9385.7
5/8/09,9351.4,9464.43,9349.57,9432.83,220200,9432.83
5/11/09,9460.72,9503.91,9342.75,9451.98,230800,9451.98
5/12/09,9358.25,9389.61,9298.61,9298.61,188400,9298.61
5/13/09,9305.79,9379.47,9278.89,9340.49,176000,9340.49
5/14/09,9212.3,9223.77,9052.41,9093.73,169400,9093.73
5/15/09,9150.21,9272.08,9140.9,9265.02,172000,9265.02
5/18/09,9167.05,9167.82,8997.74,9038.69,147800,9038.69
5/19/09,9172.56,9326.75,9166.97,9290.29,167000,9290.29
5/20/09,9372.72,9399.4,9311.61,9344.64,143200,9344.64
5/21/09,9280.35,9286.35,9189.92,9264.15,133200,9264.15
5/22/09,9156.14,9267.82,9126.69,9225.81,134800,9225.81
5/25/09,9245.95,9402.76,9245.95,9347,129200,9347
5/26/09,9364.22,9379.78,9231.93,9310.81,121200,9310.81
5/27/09,9426.62,9491.13,9411.54,9438.77,149000,9438.77
5/28/09,9353.33,9492.66,9353.33,9451.39,155600,9451.39
5/29/09,9478.21,9522.5,9426.52,9522.5,175800,9522.5
6/1/09,9517.49,9691.73,9491.26,9677.75,177600,9677.75
6/2/09,9774.55,9793.47,9704.31,9704.31,184800,9704.31
6/3/09,9723.82,9774.55,9718.7,9741.67,140600,9741.67
6/4/09,9690.93,9743.46,9654.45,9668.96,175800,9668.96
6/5/09,9752.51,9774.98,9719.14,9768.01,156200,9768.01
6/8/09,9829.28,9914.07,9816.17,9865.63,155800,9865.63
6/9/09,9824.17,9855.89,9755.81,9786.82,159000,9786.82
6/10/09,9833.64,9991.49,9813.77,9991.49,192800,9991.49
6/11/09,9992.98,10022.23,9958.98,9981.33,211200,9981.33
6/12/09,10088.21,10170.82,10050.96,10135.82,297200,10135.82
6/15/09,10126.55,10126.55,10029.59,10039.67,158200,10039.67
6/16/09,9914.4,9941.5,9752.88,9752.88,174600,9752.88
6/17/09,9705.73,9845.52,9705.73,9840.85,179400,9840.85
6/18/09,9778.35,9778.35,9649.83,9703.72,168600,9703.72
6/19/09,9757.85,9822.83,9703.87,9786.26,174800,9786.26
6/22/09,9788.07,9887.13,9763.37,9826.27,149800,9826.27
6/23/09,9695.76,9712.09,9511.45,9549.61,185600,9549.61
6/24/09,9596.78,9624.41,9534.24,9590.32,153000,9590.32
6/25/09,9628.18,9871.14,9619.02,9796.08,161200,9796.08
6/26/09,9852.92,9893,9793.95,9877.39,135800,9877.39
6/29/09,9866.28,9943.83,9748.73,9783.47,160200,9783.47
6/30/09,9896.56,10000.3,9894.95,9958.44,143200,9958.44
7/1/09,9889.34,10086.18,9874,9939.93,158200,9939.93
7/2/09,9993.77,9993.77,9869.54,9876.15,141600,9876.15
7/3/09,9751.69,9816.07,9691.16,9816.07,127000,9816.07
7/6/09,9738.49,9771.76,9650.75,9680.87,109800,9680.87
7/7/09,9713.62,9734.43,9619.68,9647.79,142800,9647.79
7/8/09,9548.81,9557.39,9407.98,9420.75,147800,9420.75
7/9/09,9342.33,9384.24,9291.06,9291.06,148400,9291.06
7/10/09,9338.76,9370.15,9265.24,9287.28,151400,9287.28
7/13/09,9242.13,9343.86,9050.33,9050.33,168800,9050.33
7/14/09,9173.14,9284.38,9166.63,9261.81,168000,9261.81
7/15/09,9307.45,9333.64,9250.73,9269.25,169600,9269.25
7/16/09,9393.98,9489.67,9317.11,9344.16,178400,9344.16
7/17/09,9413.86,9420.61,9360.59,9395.32,122200,9395.32
7/21/09,9512.52,9652.02,9508.92,9652.02,151400,9652.02
7/22/09,9642.79,9750.63,9608.77,9723.16,153800,9723.16
7/23/09,9712.1,9861.29,9703.84,9792.94,171800,9792.94
7/24/09,9909.4,9950.04,9863.87,9944.55,205400,9944.55
7/27/09,10020.87,10179.59,10015.11,10088.66,161200,10088.66
7/28/09,10116.89,10116.89,10049.63,10087.26,138400,10087.26
7/29/09,10035.91,10161.95,10035.91,10113.24,146800,10113.24
7/30/09,10155.71,10169.68,10067.51,10165.21,147400,10165.21
7/31/09,10275.14,10359.07,10259.57,10356.83,182800,10356.83
8/3/09,10355.23,10380.57,10322,10352.47,162000,10352.47
8/4/09,10438.4,10479.19,10358.48,10375.01,175400,10375.01
8/5/09,10405.05,10406.1,10252.53,10252.53,134600,10252.53
8/6/09,10266.01,10426.14,10266.01,10388.09,146400,10388.09
8/7/09,10365.71,10412.09,10249.04,10412.09,140600,10412.09
8/10/09,10530.62,10585.37,10487.7,10524.26,147800,10524.26
8/11/09,10514.74,10587.36,10512.21,10585.46,135200,10585.46
8/12/09,10486.36,10526.35,10434.09,10435,124000,10435
8/13/09,10508.09,10556.28,10489.12,10517.19,126000,10517.19
8/14/09,10551.33,10630.38,10539.43,10597.33,142600,10597.33
8/17/09,10521.02,10521.02,10268.61,10268.61,134000,10268.61
8/18/09,10208.12,10325.06,10181.1,10284.96,126600,10284.96
8/19/09,10269.97,10327.17,10195.11,10204,138000,10204
8/20/09,10254.53,10407.3,10204.26,10383.41,137000,10383.41
8/21/09,10375.22,10375.22,10142.22,10238.2,154200,10238.2
8/24/09,10389.57,10591,10388.78,10581.05,122400,10581.05
8/25/09,10515.57,10566.31,10469.69,10497.36,127000,10497.36
8/26/09,10554.44,10668.74,10526.51,10639.71,132000,10639.71
8/27/09,10570.78,10575.79,10400.83,10473.97,138800,10473.97
8/28/09,10546.88,10560.44,10471.63,10534.14,130200,10534.14
8/31/09,10608.16,10767,10423.9,10492.53,152400,10492.53
9/1/09,10453.37,10577.19,10438.51,10530.06,114400,10530.06
9/2/09,10378.08,10378.08,10215.6,10280.46,138200,10280.46
9/3/09,10240.02,10290.83,10185.38,10214.64,117600,10214.64
9/4/09,10256.49,10256.49,10143.26,10187.11,131200,10187.11
9/7/09,10288.56,10326.45,10274.38,10320.94,97200,10320.94
9/8/09,10353.51,10393.23,10300.5,10393.23,118000,10393.23
9/9/09,10343.8,10390.25,10249.11,10312.14,140800,10312.14
9/10/09,10385.35,10521.14,10382.99,10513.67,133400,10513.67
9/11/09,10519.33,10522.23,10407.97,10444.33,189200,10444.33
9/14/09,10388.32,10388.32,10170.74,10202.06,121800,10202.06
9/15/09,10255.73,10292.47,10183.3,10217.62,101200,10217.62
9/16/09,10288.72,10394.56,10247.24,10270.77,136800,10270.77
9/17/09,10373.25,10443.8,10340.14,10443.8,144600,10443.8
9/18/09,10379.21,10399.42,10292.5,10370.54,174600,10370.54
9/24/09,10405.53,10566.98,10386.88,10544.22,168400,10544.22
9/25/09,10395.45,10395.45,10228.6,10265.98,141600,10265.98
9/28/09,10136.24,10151.6,9971.05,10009.52,159200,10009.52
9/29/09,10089.11,10125.88,10059.87,10100.2,135600,10100.2
9/30/09,10105.17,10138.04,10063.69,10133.23,121000,10133.23
10/1/09,10072.64,10077.22,9965.06,9978.64,134800,9978.64
10/2/09,9848.07,9852.17,9714.18,9731.87,165200,9731.87
10/5/09,9733.07,9751.56,9669.31,9674.49,145000,9674.49
10/6/09,9744.42,9744.42,9628.67,9691.8,154800,9691.8
10/7/09,9750.24,9821.74,9735.68,9799.6,175600,9799.6
10/8/09,9806.03,9863.34,9746.15,9832.47,139200,9832.47
10/9/09,9893.63,10016.39,9857.39,10016.39,154800,10016.39
10/13/09,10066.85,10116.72,10039.62,10076.56,132600,10076.56
10/14/09,10096.01,10096.01,10016.24,10060.21,162000,10060.21
10/15/09,10194.91,10272.62,10184.81,10238.65,148400,10238.65
10/16/09,10276.4,10290.31,10216.14,10257.56,152400,10257.56
10/19/09,10179.46,10264.44,10125.33,10236.51,139600,10236.51
10/20/09,10329.3,10357.59,10307.59,10336.84,139200,10336.84
10/21/09,10292.39,10350.45,10292.39,10333.39,133400,10333.39
10/22/09,10251.09,10274.61,10159.66,10267.17,154400,10267.17
10/23/09,10335.34,10364.17,10271.71,10282.99,146800,10282.99
10/26/09,10271.84,10397.69,10250.84,10362.62,127600,10362.62
10/27/09,10283.46,10290.92,10201.93,10212.46,143400,10212.46
10/28/09,10182.14,10209.2,10060.39,10075.05,135000,10075.05
10/29/09,9941.57,9945.41,9850.12,9891.1,203800,9891.1
10/30/09,10006.84,10049.59,9984.33,10034.74,145600,10034.74
11/2/09,9903.77,9904.61,9736.14,9802.95,128400,9802.95
11/4/09,9785.28,9845,9767.91,9844.31,119400,9844.31
11/5/09,9803.5,9825.82,9691.69,9717.44,147200,9717.44
11/6/09,9812.73,9849.72,9767,9789.35,141400,9789.35
11/9/09,9777.64,9845.9,9731.59,9808.99,117600,9808.99
11/10/09,9904.68,9979.46,9857.1,9870.73,130400,9870.73
11/11/09,9890.18,9949.71,9849.99,9871.68,122800,9871.68
11/12/09,9921.45,9943.57,9788.49,9804.49,123600,9804.49
11/13/09,9793.19,9805.2,9719.38,9770.31,123000,9770.31
11/16/09,9784.14,9802.53,9725.81,9791.18,140800,9791.18
11/17/09,9834.58,9847.64,9715.28,9729.93,138800,9729.93
11/18/09,9723.23,9788.81,9631.83,9676.8,170600,9676.8
11/19/09,9691.86,9691.86,9496.07,9549.47,203000,9549.47
11/20/09,9460.21,9513.6,9423.66,9497.68,163200,9497.68
11/24/09,9511,9511,9397.79,9401.58,136400,9401.58
11/25/09,9381.9,9453.7,9366.33,9441.64,145200,9441.64
11/26/09,9354.8,9457.24,9324.99,9383.24,146600,9383.24
11/27/09,9257.2,9257.2,9076.41,9081.52,176400,9081.52
11/30/09,9189.17,9353.74,9162.18,9345.55,185600,9345.55
12/1/09,9281.82,9572.2,9233.2,9572.2,212800,9572.2
12/2/09,9551.79,9643.32,9514.15,9608.94,167200,9608.94
12/3/09,9707.02,9977.67,9707.02,9977.67,192000,9977.67
12/4/09,10019.24,10022.59,9902.83,10022.59,180000,10022.59
12/7/09,10131.9,10204.58,10106.31,10167.6,164400,10167.6
12/8/09,10079.81,10149.32,10079.81,10140.47,150000,10140.47
12/9/09,10048.94,10048.94,9985.97,10004.72,149000,10004.72
12/10/09,9964.05,10035.92,9834.22,9862.82,162000,9862.82
12/11/09,9958,10107.87,9916.21,10107.87,222000,10107.87
12/14/09,10126.61,10126.61,10009.6,10105.68,161200,10105.68
12/15/09,10053.45,10111.76,10033.9,10083.48,159800,10083.48
12/16/09,10179.33,10222.22,10117.12,10177.41,225200,10177.41
12/17/09,10199.92,10260.12,10163.8,10163.8,148200,10163.8
12/18/09,10110.64,10157.25,10027.85,10142.05,151800,10142.05
12/21/09,10196.71,10215.49,10183.47,10183.47,120400,10183.47
12/22/09,10256,10378.03,10235.22,10378.03,171800,10378.03
12/24/09,10413.37,10558.41,10413.37,10536.92,144200,10536.92
12/25/09,10546.97,10546.97,10476.65,10494.71,83000,10494.71
12/28/09,10521.81,10652.99,10513.55,10634.23,106200,10634.23
12/29/09,10611.85,10683.12,10597.41,10638.06,122400,10638.06
12/30/09,10707.51,10707.51,10546.44,10546.44,141600,10546.44
1/4/10,10609.34,10694.49,10608.14,10654.79,104400,10654.79
1/5/10,10719.44,10791.04,10655.57,10681.83,166200,10681.83
1/6/10,10709.55,10768.61,10661.17,10731.45,181800,10731.45
1/7/10,10742.75,10774,10636.67,10681.66,182600,10681.66
1/8/10,10743.3,10816.45,10677.56,10798.32,211800,10798.32
1/12/10,10770.35,10905.39,10763.68,10879.14,192800,10879.14
1/13/10,10795.48,10866.62,10729.86,10735.03,250000,10735.03
1/14/10,10778.07,10909.94,10774.25,10907.68,267400,10907.68
1/15/10,10917.41,10982.1,10878.83,10982.1,253000,10982.1
1/18/10,10887.61,10895.1,10781.03,10855.08,186600,10855.08
1/19/10,10866.83,10866.83,10749.47,10764.9,174600,10764.9
1/20/10,10834.91,10860.93,10724.57,10737.52,146400,10737.52
1/21/10,10704.79,10886.64,10649.84,10868.41,176800,10868.41
1/22/10,10740.21,10768.07,10528.33,10590.55,187400,10590.55
1/25/10,10478.31,10557.64,10414.58,10512.69,139800,10512.69
1/26/10,10506.15,10566.49,10324.98,10325.28,175400,10325.28
1/27/10,10344.07,10373.82,10252.08,10252.08,139400,10252.08
1/28/10,10309.73,10462.7,10296.98,10414.29,168000,10414.29
1/29/10,10308.05,10324.37,10198.04,10198.04,156800,10198.04
2/1/10,10212.36,10224.83,10129.91,10205.02,162000,10205.02
2/2/10,10310.98,10396.48,10287.74,10371.09,142000,10371.09
2/3/10,10428.12,10436.52,10356.03,10404.33,154200,10404.33
2/4/10,10434.52,10438.41,10279.57,10355.98,164600,10355.98
2/5/10,10162.34,10166.3,10036.33,10057.09,172000,10057.09
2/8/10,10007.47,10063.53,9942.05,9951.82,137400,9951.82
2/9/10,9876.61,9956.79,9867.39,9932.9,135000,9932.9
2/10/10,10024.26,10049.87,9963.99,9963.99,127000,9963.99
2/12/10,10085.35,10099.46,10014.5,10092.19,136000,10092.19
2/15/10,10097.82,10119.47,10012.53,10013.3,97400,10013.3
2/16/10,10044.53,10062.27,10019.43,10034.25,87000,10034.25
2/17/10,10161.72,10306.83,10150.24,10306.83,127200,10306.83
2/18/10,10324.98,10340.38,10285.05,10335.69,111800,10335.69
2/19/10,10334.4,10354.42,10123.58,10123.58,129400,10123.58
2/22/10,10302.07,10449.75,10298.15,10400.47,115400,10400.47
2/23/10,10327.64,10375.55,10280.33,10352.1,121400,10352.1
2/24/10,10205.15,10243.2,10129.65,10198.83,125200,10198.83
2/25/10,10256.1,10267.43,10087.21,10101.96,128200,10101.96
2/26/10,10107.08,10171.22,10085.13,10126.03,113200,10126.03
3/1/10,10128.73,10215.15,10116.86,10172.06,108400,10172.06
3/2/10,10199.19,10238.96,10150.3,10221.84,104000,10221.84
3/3/10,10193.95,10274.09,10186.68,10253.14,120600,10253.14
3/4/10,10255.69,10263.48,10134.37,10145.72,126400,10145.72
3/5/10,10254.61,10376.41,10254.61,10368.96,129800,10368.96
3/8/10,10538.12,10586.97,10514.28,10585.92,140600,10585.92
3/9/10,10567.32,10593.27,10542.81,10567.65,110000,10567.65
3/10/10,10555.85,10588.69,10547.34,10563.92,104800,10563.92
3/11/10,10627.99,10664.95,10588.86,10664.95,123800,10664.95
3/12/10,10777.49,10777.49,10699.3,10751.26,206600,10751.26
3/15/10,10802.11,10808.84,10708.97,10751.98,130600,10751.98
3/16/10,10718.63,10776.52,10716.2,10721.71,106600,10721.71
3/17/10,10789.24,10864.3,10761.89,10846.98,137600,10846.98
3/18/10,10841.71,10845.73,10731.66,10744.03,130200,10744.03
3/19/10,10785.88,10826.76,10775.57,10824.72,116200,10824.72
3/23/10,10793.05,10817.78,10766.65,10774.15,112400,10774.15
3/24/10,10829.36,10880.62,10769.18,10815.03,125400,10815.03
3/25/10,10857.81,10872.45,10808.71,10828.85,123600,10828.85
3/26/10,10895.29,11001.59,10889.33,10996.37,142200,10996.37
3/29/10,10909.98,10990.75,10901.2,10986.47,153600,10986.47
3/30/10,11022.2,11108.82,11003.35,11097.14,153600,11097.14
3/31/10,11138.72,11147.62,11085.55,11089.94,150000,11089.94
4/1/10,11178.92,11272.73,11118.18,11244.4,150000,11244.4
4/2/10,11274.18,11313.98,11235.98,11286.09,150000,11286.09
4/5/10,11380.63,11408.17,11306.62,11339.3,118000,11339.3
4/6/10,11350.7,11358.45,11217.25,11282.32,138000,11282.32
4/7/10,11296.31,11350.57,11260.42,11292.83,167400,11292.83
4/8/10,11179.67,11232.36,11159.45,11168.2,130200,11168.2
4/9/10,11174.62,11204.87,11148.8,11204.34,148400,11204.34
4/12/10,11300.79,11351.55,11248.57,11251.9,132400,11251.9
4/13/10,11202.92,11212.65,11088.48,11161.23,144600,11161.23
4/14/10,11213.46,11270.2,11161.01,11204.9,139400,11204.9
4/15/10,11310.07,11316.66,11255.8,11273.79,156800,11273.79
4/16/10,11230.53,11230.53,11084.72,11102.18,136800,11102.18
4/19/10,10929.64,10953.9,10878.99,10908.77,133200,10908.77
4/20/10,10960.11,10999.57,10890.82,10900.68,129600,10900.68
4/21/10,11031.79,11093.3,11023.88,11090.05,153000,11090.05
4/22/10,10988.01,10989.62,10866.23,10949.09,144200,10949.09
4/23/10,10930.9,10967.12,10865.92,10914.46,136800,10914.46
4/26/10,11039.59,11165.79,11035.66,11165.79,135000,11165.79
4/27/10,11109.26,11213.45,11108.72,11212.66,143000,11212.66
4/28/10,11005.51,11008.88,10882.4,10924.79,179400,10924.79
4/30/10,11062.12,11092.52,11035.27,11057.4,156800,11057.4
5/6/10,10847.9,10847.9,10682.61,10695.69,183800,10695.69
5/7/10,10472.7,10472.77,10257.32,10364.59,227600,10364.59
5/10/10,10399.05,10540.52,10362.34,10530.7,181000,10530.7
5/11/10,10643.24,10643.28,10392.47,10411.1,196800,10411.1
5/12/10,10465.03,10501.72,10345.19,10394.03,189400,10394.03
5/13/10,10542.77,10638.23,10535.94,10620.55,159600,10620.55
5/14/10,10453.4,10551.69,10390.77,10462.51,189000,10462.51
5/17/10,10329.37,10331.87,10158.3,10235.76,182400,10235.76
5/18/10,10313.14,10336.53,10197.74,10242.64,160800,10242.64
5/19/10,10087.33,10186.84,10041.93,10186.84,175000,10186.84
5/20/10,10121.85,10161.7,9999.59,10030.31,149600,10030.31
5/21/10,9823.84,9829.36,9696.63,9784.54,195000,9784.54
5/24/10,9754.99,9793.46,9693.07,9758.4,164800,9758.4
5/25/10,9632.14,9642.6,9432.09,9459.89,165200,9459.89
5/26/10,9567.35,9622.4,9477.45,9522.66,188000,9522.66
5/27/10,9419.3,9642.16,9395.29,9639.72,175000,9639.72
5/28/10,9806.06,9824.85,9699.14,9762.98,164400,9762.98
5/31/10,9735.47,9831.73,9728.42,9768.7,121400,9768.7
6/1/10,9747.26,9747.26,9658.44,9711.83,110400,9711.83
6/2/10,9604.45,9763.41,9560.16,9603.24,158400,9603.24
6/3/10,9758.82,9920.18,9758.82,9914.19,142600,9914.19
6/4/10,9909.24,9962.42,9868.09,9901.19,120200,9901.19
6/7/10,9705.36,9714.42,9502.62,9520.8,148400,9520.8
6/8/10,9448.79,9587.65,9434.81,9537.94,129600,9537.94
6/9/10,9475.57,9487.91,9378.23,9439.13,116600,9439.13
6/10/10,9476.78,9544.04,9437.47,9542.65,116600,9542.65
6/11/10,9701.32,9764.73,9673.6,9705.25,222400,9705.25
6/14/10,9824.93,9882.05,9819.95,9879.85,97200,9879.85
6/15/10,9845.65,9911.73,9826.44,9887.89,101600,9887.89
6/16/10,10043.1,10109.86,10033.24,10067.15,120200,10067.15
6/17/10,10009.25,10053.45,9989.21,9999.4,97600,9999.4
6/18/10,10027.98,10029.11,9965.16,9995.02,98400,9995.02
6/21/10,10109.27,10251.9,10109.27,10238.01,123000,10238.01
6/22/10,10131.91,10183.89,10105.48,10112.89,115000,10112.89
6/23/10,9973,9975.01,9912.8,9923.7,102600,9923.7
6/24/10,9902.62,10009.37,9893.75,9928.34,94800,9928.34
6/25/10,9778.7,9794.98,9697.87,9737.48,129400,9737.48
6/28/10,9758.91,9762.23,9679.17,9693.94,91600,9693.94
6/29/10,9718.4,9760.02,9548.98,9570.67,106800,9570.67
6/30/10,9396.45,9420.14,9347.07,9382.64,131000,9382.64
7/1/10,9296.86,9297.45,9147.68,9191.6,125400,9191.6
7/2/10,9234.56,9259.14,9160.47,9203.71,115600,9203.71
7/5/10,9230,9282.9,9213.79,9266.78,100600,9266.78
7/6/10,9158.28,9351.11,9091.7,9338.04,137400,9338.04
7/7/10,9322.56,9329.64,9223.8,9279.65,120800,9279.65
7/8/10,9462.82,9545.99,9456.19,9535.74,118200,9535.74
7/9/10,9601.62,9610.59,9516.97,9585.32,125200,9585.32
7/12/10,9540.47,9632.89,9533.56,9548.11,123600,9548.11
7/13/10,9592.87,9629.98,9502.24,9537.23,149600,9537.23
7/14/10,9707.5,9807.36,9693.33,9795.24,193400,9795.24
7/15/10,9701.14,9726.94,9667,9685.53,115800,9685.53
7/16/10,9600.88,9636.84,9392.21,9408.36,134000,9408.36
7/20/10,9267.24,9378.91,9247.76,9300.46,141000,9300.46
7/21/10,9404.07,9404.07,9230.84,9278.83,166600,9278.83
7/22/10,9216.28,9254.19,9176.12,9220.88,229600,9220.88
7/23/10,9380.12,9474.11,9367.3,9430.96,157600,9430.96
7/26/10,9520.73,9561.82,9493.61,9503.66,90400,9503.66
7/27/10,9512.67,9541.59,9487.65,9496.85,130600,9496.85
7/28/10,9614.47,9760.31,9614.47,9753.27,148200,9753.27
7/29/10,9653.51,9732.76,9648.97,9696.02,148200,9696.02
7/30/10,9658.61,9658.61,9505.64,9537.3,166200,9537.3
8/2/10,9574.64,9676.41,9548.86,9570.31,135600,9570.31
8/3/10,9716.57,9750.88,9632.86,9694.01,138600,9694.01
8/4/10,9606.82,9613.13,9474.67,9489.34,119400,9489.34
8/5/10,9640.34,9688.87,9578.31,9653.92,128800,9653.92
8/6/10,9560.65,9658.04,9545.41,9642.12,112000,9642.12
8/9/10,9535.51,9572.83,9523.63,9572.49,87800,9572.49
8/10/10,9629.97,9667.04,9505.34,9551.05,107000,9551.05
8/11/10,9423.03,9445.04,9283.6,9292.85,111600,9292.85
8/12/10,9125.49,9212.59,9065.94,9212.59,142400,9212.59
8/13/10,9214.81,9278.46,9163.25,9253.46,121800,9253.46
8/16/10,9145.22,9210.97,9095.94,9196.67,97000,9196.67
8/17/10,9089.85,9188.48,9084.24,9161.68,91400,9161.68
8/18/10,9261.5,9280.59,9153.42,9240.54,118400,9240.54
8/19/10,9242.84,9362.68,9242.84,9362.68,120200,9362.68
8/20/10,9239.36,9287.5,9169.17,9179.38,112000,9179.38
8/23/10,9147.24,9171.42,9090.96,9116.69,93600,9116.69
8/24/10,9024.6,9069.22,8983.52,8995.14,111200,8995.14
8/25/10,8904.44,8949.41,8807.41,8845.39,134000,8845.39
8/26/10,8908.02,8910.62,8834.09,8906.48,104800,8906.48
8/27/10,8811.47,9021.75,8810.46,8991.06,127800,8991.06
8/30/10,9141.45,9280.7,9117.87,9149.26,114400,9149.26
8/31/10,8998.8,9008.36,8819.26,8824.06,121800,8824.06
9/1/10,8833.32,8932.15,8796.45,8927.02,120000,8927.02
9/2/10,9069.62,9083.37,8958.81,9062.84,119200,9062.84
9/3/10,9097.59,9141.09,9050.83,9114.13,102000,9114.13
9/6/10,9199.99,9303,9173.38,9301.32,106800,9301.32
9/7/10,9232.02,9311.02,9206.81,9226,118000,9226
9/8/10,9098.86,9105.89,8997.63,9024.6,107000,9024.6
9/9/10,9120.54,9136.26,9069.93,9098.39,92800,9098.39
9/10/10,9132.25,9291.5,9132.25,9239.17,169800,9239.17
9/13/10,9325.64,9390.9,9317.3,9321.82,108600,9321.82
9/14/10,9319.5,9330.05,9258.18,9299.31,117400,9299.31
9/15/10,9243.48,9578.53,9199.08,9516.56,187800,9516.56
9/16/10,9613.89,9620.9,9479.63,9509.5,142200,9509.5
9/17/10,9581.65,9643.28,9554.36,9626.09,122800,9626.09
9/21/10,9700.88,9704.25,9579.83,9602.11,109400,9602.11
9/22/10,9563.2,9625.41,9546.82,9566.32,108800,9566.32
9/24/10,9435.04,9601.77,9415.96,9471.67,146600,9471.67
9/27/10,9557.37,9613.47,9539.12,9603.14,122600,9603.14
9/28/10,9547.03,9553.91,9471.35,9495.76,97400,9495.76
9/29/10,9530.05,9600.93,9502.34,9559.38,134600,9559.38
9/30/10,9554.83,9566.84,9369.35,9369.35,145800,9369.35
10/1/10,9440.52,9470.36,9358.62,9404.23,163200,9404.23
10/4/10,9410.92,9508.36,9358.82,9381.06,161200,9381.06
10/5/10,9337.43,9538.35,9332.19,9518.76,193800,9518.76
10/6/10,9588.47,9693.74,9567,9691.43,234200,9691.43
10/7/10,9661.09,9716.92,9649.17,9684.81,171200,9684.81
10/8/10,9675.59,9675.59,9588.88,9588.88,148000,9588.88
10/12/10,9648.59,9650.2,9387.73,9388.64,140800,9388.64
10/13/10,9473.78,9510.19,9393.52,9403.51,144000,9403.51
10/14/10,9515.17,9614.44,9481.51,9583.51,171000,9583.51
10/15/10,9551.21,9553.57,9478.64,9500.25,143800,9500.25
10/18/10,9517.68,9564.85,9471.48,9498.49,104800,9498.49
10/19/10,9490.09,9575.14,9489.68,9539.45,118400,9539.45
10/20/10,9399.65,9402.05,9316.97,9381.6,138400,9381.6
10/21/10,9443.95,9479.25,9326.78,9376.48,131400,9376.48
10/22/10,9404.09,9457.62,9390.14,9426.71,108400,9426.71
10/25/10,9424.44,9460.7,9392.68,9401.16,98000,9401.16
10/26/10,9386.55,9455.04,9362.13,9377.38,107400,9377.38
10/27/10,9436.01,9453.79,9329.86,9387.03,130200,9387.03
10/28/10,9368.61,9413.68,9350.44,9366.03,146800,9366.03
10/29/10,9327.25,9337.92,9179.15,9202.45,167000,9202.45
11/1/10,9166.85,9258.32,9134.47,9154.72,125400,9154.72
11/2/10,9140.28,9172.03,9123.62,9159.98,115200,9159.98
11/4/10,9282.79,9377.76,9276.71,9358.78,133000,9358.78
11/5/10,9500.6,9680.68,9497.45,9625.99,161000,9625.99
11/8/10,9699.79,9737.01,9677.87,9732.92,118200,9732.92
11/9/10,9667.44,9726.6,9659.86,9694.49,122000,9694.49
11/10/10,9748.61,9842.9,9747.03,9830.52,168800,9830.52
11/11/10,9878.11,9885.37,9834.82,9861.46,139600,9861.46
11/12/10,9810.3,9851.42,9724.81,9724.81,129400,9724.81
11/15/10,9782.11,9830.59,9744.99,9827.51,128600,9827.51
11/16/10,9892.82,9908.3,9774.12,9797.1,133200,9797.1
11/17/10,9693.21,9817.37,9693.21,9811.66,112600,9811.66
11/18/10,9820.6,10013.63,9798.56,10013.63,189000,10013.63
11/19/10,10124.84,10130.23,10019.08,10022.39,160800,10022.39
11/22/10,10133.48,10157.97,10091.99,10115.19,121800,10115.19
11/24/10,9942.54,10064.31,9904.92,10030.11,150200,10030.11
11/25/10,10117.85,10123.27,10038.79,10079.76,133800,10079.76
11/26/10,10078.09,10134.64,10039.56,10039.56,115800,10039.56
11/29/10,10075.66,10149.94,10044.01,10125.99,124800,10125.99
11/30/10,10070.31,10101.42,9937.04,9937.04,153400,9937.04
12/1/10,9939.8,9988.05,9918.55,9988.05,122600,9988.05
12/2/10,10151.15,10187.59,10143.08,10168.52,131400,10168.52
12/3/10,10231.78,10254,10154.99,10178.32,107800,10178.32
12/6/10,10175.23,10179.82,10143.58,10167.23,95400,10167.23
12/7/10,10152.92,10167.1,10094.41,10141.1,114800,10141.1
12/8/10,10200.16,10258.9,10184.32,10232.33,126600,10232.33
12/9/10,10277.87,10298.25,10240.11,10285.88,153400,10285.88
12/10/10,10373.7,10373.7,10194.27,10211.95,240600,10211.95
12/13/10,10212.52,10293.89,10199.73,10293.89,145200,10293.89
12/14/10,10272.7,10319.24,10267.22,10316.77,170600,10316.77
12/15/10,10338.14,10340.69,10282.85,10309.78,137400,10309.78
12/16/10,10297.55,10347.39,10282.54,10311.29,140800,10311.29
12/17/10,10307.17,10327.42,10280.8,10303.83,140400,10303.83
12/20/10,10296.55,10301.15,10182.74,10216.41,113600,10216.41
12/21/10,10277.14,10372.51,10266.29,10370.53,113200,10370.53
12/22/10,10348.48,10394.22,10327.6,10346.48,142200,10346.48
12/24/10,10275.97,10290.89,10264.06,10279.19,86200,10279.19
12/27/10,10292.84,10376.91,10292.84,10355.99,83200,10355.99
12/28/10,10330.01,10340.84,10292.63,10292.63,78000,10292.63
12/29/10,10282.84,10344.54,10276.61,10344.54,87600,10344.54
12/30/10,10303.13,10315.47,10209.93,10228.92,107800,10228.92
1/4/11,10352.19,10409.17,10321.28,10398.1,114000,10398.1
1/5/11,10387.95,10413.45,10358.01,10380.77,114600,10380.77
1/6/11,10477.52,10530.11,10477.52,10529.76,166000,10529.76
1/7/11,10506.72,10550.71,10503.02,10541.04,161800,10541.04
1/11/11,10484.62,10538.39,10476.29,10510.68,138400,10510.68
1/12/11,10562.28,10576.51,10502.96,10512.8,170800,10512.8
1/13/11,10593.46,10620.57,10565.28,10589.76,160800,10589.76
1/14/11,10502.77,10579.97,10497.26,10499.04,170800,10499.04
1/17/11,10562.09,10562.39,10482.69,10502.86,126800,10502.86
1/18/11,10461.04,10548.21,10456.71,10518.98,126400,10518.98
1/19/11,10567.88,10580.68,10534.02,10557.1,138600,10557.1
1/20/11,10492.32,10505.63,10421.83,10437.31,133000,10437.31
1/21/11,10459.04,10461.07,10257.99,10274.52,184000,10274.52
1/24/11,10318.6,10347.94,10278.81,10345.11,134000,10345.11
1/25/11,10374.64,10480.24,10355.8,10464.42,142800,10464.42
1/26/11,10410.29,10440.35,10392.46,10401.9,111000,10401.9
1/27/11,10466.34,10496.4,10421.75,10478.66,145200,10478.66
1/28/11,10460.29,10480.08,10332.65,10360.34,150800,10360.34
1/31/11,10219.98,10265.96,10182.57,10237.92,146000,10237.92
2/1/11,10281.55,10299.38,10245.75,10274.5,149000,10274.5
2/2/11,10368.48,10479.75,10366.96,10457.36,180600,10457.36
2/3/11,10424.68,10450.46,10409.84,10431.36,150800,10431.36
2/4/11,10526.39,10580.36,10524.13,10543.52,200200,10543.52
2/7/11,10641.3,10644.21,10572.72,10592.04,162200,10592.04
2/8/11,10645.03,10648.8,10623.7,10635.98,150400,10635.98
2/9/11,10686.72,10701.92,10599.5,10617.83,165000,10617.83
2/10/11,10574.8,10631.94,10570.62,10605.65,145600,10605.65
2/14/11,10689.65,10725.54,10674.44,10725.54,140600,10725.54
2/15/11,10738.81,10760.99,10712.49,10746.67,189200,10746.67
2/16/11,10758.86,10842.31,10752.61,10808.29,189200,10808.29
2/17/11,10882.91,10891.6,10820.48,10836.64,173800,10836.64
2/18/11,10829.15,10862.43,10810.12,10842.8,151400,10842.8
2/21/11,10820.78,10859.39,10789.41,10857.53,136400,10857.53
2/22/11,10745.52,10761.22,10639.78,10664.7,179000,10664.7
2/23/11,10588.82,10666.72,10569.93,10579.1,182200,10579.1
2/24/11,10533.2,10542.7,10428.38,10452.71,185000,10452.71
2/25/11,10475.78,10532.21,10454.46,10526.76,154800,10526.76
2/28/11,10504.54,10628.76,10448.83,10624.09,186600,10624.09
3/1/11,10676.24,10754.03,10672.91,10754.03,156400,10754.03
3/2/11,10609.28,10629.5,10492.38,10492.38,153400,10492.38
3/3/11,10529.77,10593.34,10522.4,10586.02,122400,10586.02
3/4/11,10730.91,10768.43,10664.37,10693.66,148400,10693.66
3/7/11,10626.97,10626.97,10472.51,10505.02,149400,10505.02
3/8/11,10513.08,10565.1,10509.23,10525.19,150200,10525.19
3/9/11,10607.23,10662.07,10563.82,10589.5,131000,10589.5
3/10/11,10544.13,10549.17,10410.1,10434.38,131000,10434.38
3/11/11,10298.64,10378.55,10254.43,10254.43,236000,10254.43
3/14/11,10044.17,10049.92,9578.65,9620.49,349800,9620.49
3/15/11,9441.66,9441.66,8227.63,8605.15,415800,8605.15
3/16/11,8767.2,9168.51,8763.95,9093.72,372000,9093.72
3/17/11,8913.35,9093.61,8639.56,8962.67,312000,8962.67
3/18/11,9083.95,9275.6,9073.25,9206.75,245400,9206.75
3/22/11,9403.05,9625.03,9395.85,9608.32,252600,9608.32
3/23/11,9590.38,9592.4,9387.95,9449.47,265200,9449.47
3/24/11,9479.77,9509.85,9418.71,9435.01,200200,9435.01
3/25/11,9565.49,9569.71,9469.37,9536.13,203800,9536.13
3/28/11,9541.76,9541.76,9405.2,9478.53,192800,9478.53
3/29/11,9348.6,9502.23,9317.38,9459.08,200600,9459.08
3/30/11,9489.51,9708.79,9479.03,9708.79,217000,9708.79
3/31/11,9765.28,9765.81,9658.64,9755.1,187000,9755.1
4/1/11,9757.28,9822.06,9698.6,9708.39,191600,9708.39
4/4/11,9773.91,9808.6,9718.89,9718.89,171800,9718.89
4/5/11,9732.26,9732.26,9566.05,9615.55,182800,9615.55
4/6/11,9668.11,9671.46,9562.16,9584.37,203200,9584.37
4/7/11,9652.65,9687.18,9578.47,9590.93,165400,9590.93
4/8/11,9586.17,9804.28,9536.68,9768.08,215000,9768.08
4/11/11,9731.32,9775.6,9700.75,9719.7,147600,9719.7
4/12/11,9603.5,9603.64,9513.27,9555.26,169000,9555.26
4/13/11,9516.5,9655.83,9516.5,9641.18,157400,9641.18
4/14/11,9579.79,9676.97,9553.75,9653.92,153000,9653.92
4/15/11,9646.22,9651.96,9577.96,9591.52,147800,9591.52
4/18/11,9593.41,9608.92,9539.03,9556.65,110000,9556.65
4/19/11,9448.65,9478.87,9405.19,9441.03,131600,9441.03
4/20/11,9536.79,9631,9519.36,9606.82,126000,9606.82
4/21/11,9686.27,9725.12,9643.92,9685.77,118000,9685.77
4/22/11,9623,9732.63,9611.38,9682.21,126200,9682.21
4/25/11,9705.9,9748.4,9657.24,9671.96,100600,9671.96
4/26/11,9627.43,9627.43,9536.51,9558.69,100200,9558.69
4/27/11,9631.53,9728.03,9630.37,9691.84,115800,9691.84
4/28/11,9749.36,9849.74,9712.58,9849.74,158000,9849.74
5/2/11,9964.39,10017.47,9936.27,10004.2,127800,10004.2
5/6/11,9851.15,9876.1,9782.66,9859.2,132400,9859.2
5/9/11,9881.67,9897.88,9776.74,9794.38,110800,9794.38
5/10/11,9804.27,9853.13,9755.93,9818.76,132000,9818.76
5/11/11,9912.48,9929.04,9842.67,9864.26,141600,9864.26
5/12/11,9770.71,9836.71,9716.65,9716.65,145000,9716.65
5/13/11,9751.45,9751.45,9552.93,9648.77,212600,9648.77
5/16/11,9571.13,9598.33,9552.86,9558.3,126200,9558.3
5/17/11,9513.5,9593.13,9502.39,9567.02,136000,9567.02
5/18/11,9602.88,9693.6,9590.4,9662.08,132800,9662.08
5/19/11,9711.32,9731.12,9600.81,9620.82,117200,9620.82
5/20/11,9612.87,9670.92,9600.48,9607.08,120800,9607.08
5/23/11,9547.86,9547.86,9437.87,9460.63,131600,9460.63
5/24/11,9406.04,9490.35,9406.04,9477.17,115800,9477.17
5/25/11,9492.43,9503.77,9415.33,9422.88,116600,9422.88
5/26/11,9499.45,9567.46,9489.12,9562.05,117400,9562.05
5/27/11,9514.16,9588.7,9493.44,9521.94,109000,9521.94
5/30/11,9489.78,9540.02,9448,9504.97,93600,9504.97
5/31/11,9500.6,9697.35,9497.4,9693.73,156600,9693.73
6/1/11,9708.05,9720.73,9659.31,9719.61,136000,9719.61
6/2/11,9560.63,9575.01,9517.28,9555.04,144000,9555.04
6/3/11,9550.59,9603.03,9490.68,9492.21,115600,9492.21
6/6/11,9467.37,9490.55,9359.78,9380.35,140400,9380.35
6/7/11,9371.21,9454.66,9358.31,9442.95,128400,9442.95
6/8/11,9428.62,9458.43,9394.74,9449.46,117200,9449.46
6/9/11,9411.71,9472.41,9383.12,9467.15,143000,9467.15
6/10/11,9536.84,9613.75,9493.05,9514.44,188800,9514.44
6/13/11,9405.16,9466.51,9391.26,9448.21,96400,9448.21
6/14/11,9446.84,9565.65,9438.41,9547.79,141200,9547.79
6/15/11,9589.54,9599.9,9520.93,9574.32,142800,9574.32
6/16/11,9478.63,9497.59,9411.28,9411.28,125600,9411.28
6/17/11,9443.32,9447.44,9318.62,9351.4,139600,9351.4
6/20/11,9383.24,9421.38,9346.76,9354.32,121800,9354.32
6/21/11,9420.43,9459.66,9378.36,9459.66,116000,9459.66
6/22/11,9525.25,9658.62,9525.25,9629.43,137800,9629.43
6/23/11,9557.72,9652.41,9553.3,9596.74,127600,9596.74
6/24/11,9626.43,9695.09,9609.24,9678.71,130800,9678.71
6/27/11,9633.92,9638.49,9570.58,9578.31,119400,9578.31
6/28/11,9668.01,9703.41,9632.54,9648.98,117400,9648.98
6/29/11,9767.91,9797.26,9734.66,9797.26,123400,9797.26
6/30/11,9838.09,9849.69,9785.89,9816.09,136200,9816.09
7/1/11,9878.69,9900.57,9849.64,9868.07,111600,9868.07
7/4/11,9980.16,10005.75,9940.47,9965.09,131400,9965.09
7/5/11,9959.39,9995.17,9948.38,9972.46,132600,9972.46
7/6/11,9987.25,10082.48,9967.87,10082.48,137800,10082.48
7/7/11,10047.15,10102.19,10029.33,10071.14,133200,10071.14
7/8/11,10205.71,10207.91,10126.47,10137.73,127200,10137.73
7/11/11,10069.01,10109.3,10057.77,10069.53,104800,10069.53
7/12/11,9943.32,9971.14,9907.81,9925.92,135000,9925.92
7/13/11,9891.11,9979.67,9887.33,9963.14,119000,9963.14
7/14/11,9929.18,9998.49,9884,9936.12,126800,9936.12
7/15/11,9919.59,9985.32,9919.1,9974.47,101400,9974.47
7/19/11,9921.5,9945.72,9889.72,9889.72,108800,9889.72
7/20/11,10008,10042.75,9986.33,10005.9,104400,10005.9
7/21/11,10019.94,10026.18,9974,10010.39,125400,10010.39
7/22/11,10096.89,10149.18,10076.53,10132.11,134200,10132.11
7/25/11,10080.82,10091.02,10039.1,10050.01,104200,10050.01
7/26/11,10078.48,10130.25,10043.99,10097.72,111200,10097.72
7/27/11,10048.34,10053.5,10009.37,10047.19,123800,10047.19
7/28/11,9936.97,9945.98,9853.85,9901.35,131400,9901.35
7/29/11,9866.82,9914.22,9824.34,9833.03,146400,9833.03
8/1/11,9907.04,10040.13,9906.17,9965.01,145000,9965.01
8/2/11,9872.17,9873.46,9822.3,9844.59,120600,9844.59
8/3/11,9705.02,9705.02,9610.38,9637.14,131200,9637.14
8/4/11,9685.5,9768.4,9615.35,9659.18,154800,9659.18
8/5/11,9469.16,9469.16,9264.09,9299.88,189000,9299.88
8/8/11,9169.67,9215.09,9057.29,9097.56,147000,9097.56
8/9/11,8911.8,8949.97,8656.79,8944.48,252400,8944.48
8/10/11,9110.81,9144.33,9021.36,9038.74,173600,9038.74
8/11/11,8876.54,8983.33,8832.42,8981.94,162800,8981.94
8/12/11,9064.17,9070.27,8926.89,8963.72,150600,8963.72
8/15/11,9082.53,9117.11,9032.84,9086.41,107800,9086.41
8/16/11,9135.06,9150.31,9072.53,9107.43,117600,9107.43
8/17/11,9047.89,9081.8,9003.7,9057.26,115000,9057.26
8/18/11,9043.18,9043.18,8931.25,8943.76,119400,8943.76
8/19/11,8771.7,8796.42,8707.47,8719.24,152200,8719.24
8/22/11,8686.91,8756.1,8619.21,8628.13,146200,8628.13
8/23/11,8703.31,8747.41,8630.49,8733.01,158600,8733.01
8/24/11,8812.16,8825.27,8620.89,8639.61,167200,8639.61
8/25/11,8748.01,8849.94,8741.74,8772.36,160800,8772.36
8/26/11,8746.77,8805.1,8742.46,8797.78,140800,8797.78
8/29/11,8802.25,8926.27,8751.29,8851.35,143600,8851.35
8/30/11,8958.5,8992.86,8935.85,8953.9,135600,8953.9
8/31/11,8938.31,8967.8,8905.52,8955.2,136200,8955.2
9/1/11,9017.01,9098.15,8998.01,9060.8,126200,9060.8
9/2/11,8980.56,9014.27,8914.65,8950.74,127000,8950.74
9/5/11,8828.46,8842.56,8757.18,8784.46,112000,8784.46
9/6/11,8687.11,8709.92,8588.34,8590.57,152800,8590.57
9/7/11,8723.05,8773.26,8702.78,8763.41,130000,8763.41
9/8/11,8863.24,8876.49,8757.58,8793.12,105000,8793.12
9/9/11,8739.49,8803.75,8726.25,8737.66,169400,8737.66
9/12/11,8578.71,8584.05,8520.97,8535.67,126800,8535.67
9/13/11,8588.74,8635.88,8549.06,8616.55,126000,8616.55
9/14/11,8623.55,8671.24,8499.34,8518.57,129400,8518.57
9/15/11,8645.38,8695.95,8634.02,8668.86,126600,8668.86
9/16/11,8785.28,8864.16,8774.16,8864.16,143200,8864.16
9/20/11,8763.61,8771.72,8704.23,8721.24,104000,8721.24
9/21/11,8717,8771.62,8707.16,8741.16,106600,8741.16
9/22/11,8643.02,8643.02,8545.46,8560.26,125000,8560.26
9/26/11,8547.62,8556.66,8359.7,8374.13,159000,8374.13
9/27/11,8496.33,8609.95,8479.05,8609.95,140400,8609.95
9/28/11,8607.92,8665.54,8595.85,8615.65,140200,8615.65
9/29/11,8527.64,8706.14,8501.42,8701.23,165600,8701.23
9/30/11,8713.91,8756,8653.62,8700.29,148800,8700.29
10/3/11,8567.98,8577.52,8455.67,8545.48,143600,8545.48
10/4/11,8426.39,8470.76,8359.24,8456.12,158600,8456.12
10/5/11,8491.43,8501.03,8343.01,8382.98,158000,8382.98
10/6/11,8463.83,8545.79,8463.83,8522.02,123600,8522.02
10/7/11,8593.22,8663.57,8589.36,8605.62,122400,8605.62
10/11/11,8733.54,8806.44,8725.62,8773.68,112600,8773.68
10/12/11,8719.67,8763.02,8689.38,8738.9,109800,8738.9
10/13/11,8832.81,8854.16,8808.73,8823.25,108200,8823.25
10/14/11,8782.91,8787.89,8733.71,8747.96,108400,8747.96
10/17/11,8881.44,8911.7,8856.58,8879.6,96000,8879.6
10/18/11,8758.74,8773.99,8727.39,8741.91,81600,8741.91
10/19/11,8808.25,8831.55,8745.36,8772.54,91200,8772.54
10/20/11,8733.6,8733.6,8672.21,8682.15,109200,8682.15
10/21/11,8679.04,8700.49,8652.26,8678.89,97000,8678.89
10/24/11,8764.92,8844.28,8762.02,8843.98,97400,8843.98
10/25/11,8866.43,8870.37,8755.38,8762.31,106800,8762.31
10/26/11,8673.85,8798.8,8642.56,8748.47,108800,8748.47
10/27/11,8779.4,8926.54,8731.77,8926.54,139800,8926.54
10/28/11,9059.04,9086.43,9003.09,9050.47,165000,9050.47
10/31/11,9011.18,9152.39,8988.39,8988.39,133800,8988.39
11/1/11,8880.75,8946,8831.69,8835.52,103800,8835.52
11/2/11,8719.92,8719.92,8640.42,8640.42,129200,8640.42
11/4/11,8761.27,8814.71,8729.08,8801.4,125000,8801.4
11/7/11,8771.82,8779.55,8741.25,8767.09,100000,8767.09
11/8/11,8744.36,8772.04,8644,8655.51,136400,8655.51
11/9/11,8724.6,8762.98,8678.78,8755.44,137400,8755.44
11/10/11,8597.28,8600.21,8500.67,8500.8,150000,8500.8
11/11/11,8545.92,8566.49,8485.77,8514.47,124800,8514.47
11/14/11,8631.28,8655.31,8595.43,8603.7,104400,8603.7
11/15/11,8546.99,8584.3,8527.63,8541.93,80200,8541.93
11/16/11,8546.75,8567.64,8459.3,8463.16,95400,8463.16
11/17/11,8421.88,8491.82,8400.22,8479.63,113000,8479.63
11/18/11,8374.16,8398.8,8359.6,8374.91,108600,8374.91
11/21/11,8349.05,8375.6,8343.93,8348.27,89800,8348.27
11/22/11,8263.86,8350.35,8261.01,8314.74,112200,8314.74
11/24/11,8189.42,8212.95,8157.39,8165.18,109800,8165.18
11/25/11,8138.19,8199.67,8135.79,8160.01,111400,8160.01
11/28/11,8269.91,8322.01,8259.71,8287.49,102400,8287.49
11/29/11,8371.01,8477.82,8351.38,8477.82,115800,8477.82
11/30/11,8407.63,8435.34,8361.69,8434.61,126600,8434.61
12/1/11,8581.2,8653.88,8577.09,8597.38,147800,8597.38
12/2/11,8603.23,8643.75,8591.93,8643.75,101000,8643.75
12/5/11,8697.78,8704.48,8668.04,8695.98,91200,8695.98
12/6/11,8644.97,8671.54,8571.09,8575.16,107800,8575.16
12/7/11,8629.19,8729.81,8614.21,8722.17,132600,8722.17
12/8/11,8664.35,8688.81,8625.19,8664.58,127800,8664.58
12/9/11,8521.33,8576.68,8503.03,8536.46,199800,8536.46
12/12/11,8652.98,8682.47,8633.35,8653.82,101000,8653.82
12/13/11,8535.52,8594.32,8518.8,8552.81,113200,8552.81
12/14/11,8513.77,8540.57,8486.37,8519.13,98400,8519.13
12/15/11,8449.05,8455.32,8374.25,8377.37,103200,8377.37
12/16/11,8416.21,8433.18,8390.98,8401.72,105000,8401.72
12/19/11,8363.39,8364.93,8272.26,8296.12,95000,8296.12
12/20/11,8318.03,8354.9,8317.73,8336.48,80000,8336.48
12/21/11,8442.74,8471.11,8440.89,8459.98,90800,8459.98
12/22/11,8429.54,8436.59,8383.96,8395.16,83800,8395.16
12/27/11,8443,8458.26,8428.53,8440.56,51400,8440.56
12/28/11,8426.09,8456.66,8414.9,8423.62,70800,8423.62
12/29/11,8367.71,8404.89,8330.87,8398.89,66400,8398.89
12/30/11,8434.9,8455.35,8415.56,8455.35,57600,8455.35
1/4/12,8549.54,8581.45,8547.7,8560.11,106000,8560.11
1/5/12,8515.66,8519.16,8481.83,8488.71,77600,8488.71
1/6/12,8488.98,8488.98,8349.33,8390.35,101400,8390.35
1/10/12,8422.99,8450.59,8405.18,8422.26,112400,8422.26
1/11/12,8440.96,8463.72,8426.03,8447.88,106200,8447.88
1/12/12,8423.1,8426.83,8360.33,8385.59,84800,8385.59
1/13/12,8471.1,8509.76,8458.68,8500.02,109800,8500.02
1/16/12,8409.79,8409.79,8352.23,8378.36,76400,8378.36
1/17/12,8420.12,8475.66,8413.22,8466.4,85400,8466.4
1/18/12,8458.29,8595.78,8446.09,8550.58,136200,8550.58
1/19/12,8596.68,8668.94,8596.68,8639.68,125000,8639.68
1/20/12,8751.18,8791.39,8725.32,8766.36,177600,8766.36
1/23/12,8753.91,8795.27,8744.54,8765.9,119800,8765.9
1/24/12,8815.36,8825.09,8768.51,8785.33,111000,8785.33
1/25/12,8842.01,8911.62,8816.09,8883.69,132400,8883.69
1/26/12,8890.49,8894.6,8834.93,8849.47,122200,8849.47
1/27/12,8851.02,8886.02,8810.89,8841.22,133200,8841.22
1/30/12,8803.79,8832.48,8774.23,8793.05,98000,8793.05
1/31/12,8781.44,8836.68,8776.65,8802.51,138000,8802.51
2/1/12,8789.06,8830.28,8780.1,8809.79,127200,8809.79
2/2/12,8865.28,8893.22,8849.25,8876.82,157800,8876.82
2/3/12,8849.17,8877.57,8825.98,8831.93,157400,8831.93
2/6/12,8939.99,8949.32,8916.94,8929.2,143200,8929.2
2/7/12,8904.16,8928.44,8887.19,8917.52,129200,8917.52
2/8/12,8971.88,9015.59,8956.78,9015.59,157400,9015.59
2/9/12,8996.13,9018.49,8942.87,9002.24,178200,9002.24
2/10/12,9010.53,9016.97,8947.17,8947.17,154000,8947.17
2/13/12,8954.03,9023.5,8948.54,8999.18,126800,8999.18
2/14/12,8978.72,9072.08,8972.74,9052.07,141800,9052.07
2/15/12,9108.84,9314.37,9107.68,9260.34,208200,9260.34
2/16/12,9232.38,9308.93,9214.23,9238.1,180000,9238.1
2/17/12,9371.12,9435.03,9369.25,9384.17,188800,9384.17
2/20/12,9534.03,9549.31,9462.67,9485.09,169400,9485.09
2/21/12,9458.68,9517.04,9440.41,9463.02,169800,9463.02
2/22/12,9459.74,9564.05,9442.58,9554,165000,9554
2/23/12,9549.77,9609.84,9513.65,9595.57,180000,9595.57
2/24/12,9594.85,9647.38,9576.21,9647.38,180000,9647.38
2/27/12,9726.2,9736.11,9628.25,9633.93,177200,9633.93
2/28/12,9567.12,9722.52,9528.77,9722.52,185400,9722.52
2/29/12,9771.62,9866.41,9706.22,9723.24,179200,9723.24
3/1/12,9771.34,9865.75,9666.02,9707.37,175200,9707.37
3/2/12,9797.05,9803.75,9729.24,9777.03,158600,9777.03
3/5/12,9756.98,9792.14,9673.75,9698.59,132600,9698.59
3/6/12,9704.61,9732.89,9602.84,9637.63,171800,9637.63
3/7/12,9509.1,9603.19,9509.1,9576.06,155800,9576.06
3/8/12,9674.94,9768.96,9659.15,9768.96,144000,9768.96
3/9/12,9911.07,10007.62,9853.18,9929.74,265400,9929.74
3/12/12,10015.92,10021.51,9889.86,9889.86,153600,9889.86
3/13/12,9921.25,10011.88,9888.3,9899.08,206000,9899.08
3/14/12,10064.12,10115.79,10050.52,10050.52,168200,10050.52
3/15/12,10115.4,10158.74,10077.55,10123.28,177600,10123.28
3/16/12,10110.57,10148.47,10090.09,10129.83,163000,10129.83
3/19/12,10150.85,10172.64,10134.48,10141.99,135200,10141.99
3/21/12,10100.87,10132.02,10073.9,10086.49,149800,10086.49
3/22/12,10055.16,10136.85,10052.5,10127.08,147000,10127.08
3/23/12,10014.87,10031.96,9999.37,10011.47,121600,10011.47
3/26/12,10040.1,10056.2,10016.05,10018.24,126600,10018.24
3/27/12,10152.9,10255.15,10152.25,10255.15,161000,10255.15
3/28/12,10153.51,10197.8,10124.28,10182.57,141200,10182.57
3/29/12,10134.78,10147.04,10084.77,10114.79,149400,10114.79
3/30/12,10089.1,10111.09,10033.19,10083.56,137400,10083.56
4/2/12,10161.72,10190.35,10109.87,10109.87,152000,10109.87
4/3/12,10082.21,10084.07,10040.99,10050.39,112400,10050.39
4/4/12,10045.88,10059.19,9819.99,9819.99,147800,9819.99
4/5/12,9737.5,9806.4,9692.7,9767.61,165200,9767.61
4/6/12,9710.25,9739.59,9659.16,9688.45,118400,9688.45
4/9/12,9565.31,9618.1,9535.33,9546.26,111600,9546.26
4/10/12,9583.36,9648.12,9509.72,9538.02,134800,9538.02
4/11/12,9398.6,9487.84,9388.14,9458.74,155800,9458.74
4/12/12,9486.19,9541.04,9449.49,9524.79,134800,9524.79
4/13/12,9613.19,9690.29,9603.97,9637.99,171400,9637.99
4/16/12,9522.7,9532.91,9464.49,9470.64,113000,9470.64
4/17/12,9476.15,9519.8,9455.32,9464.71,109200,9464.71
4/18/12,9594.3,9682.88,9594.3,9667.26,116800,9667.26
4/19/12,9578.68,9617.93,9565.83,9588.38,118800,9588.38
4/20/12,9574.99,9580.87,9532.68,9561.36,109800,9561.36
4/23/12,9599.2,9643.27,9520.98,9542.17,101600,9542.17
4/24/12,9466.08,9510.7,9423.3,9468.04,106400,9468.04
4/25/12,9578.42,9582.73,9530.02,9561.01,97400,9561.01
4/26/12,9613.16,9630.97,9531.03,9561.83,104800,9561.83
4/27/12,9564.4,9691.7,9463.6,9520.89,165600,9520.89
5/1/12,9471.66,9472.25,9332.79,9350.95,118000,9350.95
5/2/12,9397.87,9417.96,9344.53,9380.25,94600,9380.25
5/7/12,9198.17,9206.45,9109.01,9119.14,133000,9119.14
5/8/12,9190.5,9207.56,9159.47,9181.65,112400,9181.65
5/9/12,9112.72,9115.94,9021.2,9045.06,131600,9045.06
5/10/12,9013.26,9075.63,8985.9,9009.65,141600,9009.65
5/11/12,9019.4,9050.61,8944.63,8953.31,143400,8953.31
5/14/12,8986.22,9031.09,8947.82,8973.84,112800,8973.84
5/15/12,8910.85,8930.78,8838.78,8900.74,145000,8900.74
5/16/12,8865.78,8883.73,8756.07,8801.17,145400,8801.17
5/17/12,8789.47,8885.08,8765.71,8876.59,160200,8876.59
5/18/12,8727.58,8735.54,8588.16,8611.31,155000,8611.31
5/21/12,8617.92,8676.2,8608.62,8633.89,110800,8633.89
5/22/12,8721.59,8740.48,8690.47,8729.29,111000,8729.29
5/23/12,8715.14,8715.14,8538.69,8556.6,142800,8556.6
5/24/12,8537.99,8597.85,8496.61,8563.38,134200,8563.38
5/25/12,8616.85,8616.85,8550.93,8580.39,113600,8580.39
5/28/12,8604.99,8624.51,8568.87,8593.15,97000,8593.15
5/29/12,8565.56,8657.08,8517.18,8657.08,129600,8657.08
5/30/12,8637.95,8656.71,8568.97,8633.19,119000,8633.19
5/31/12,8499.68,8542.73,8455.13,8542.73,162800,8542.73
6/1/12,8465.47,8487.44,8422.5,8440.25,125200,8440.25
6/4/12,8278.65,8303.35,8238.96,8295.63,126800,8295.63
6/5/12,8331.02,8388.14,8306.93,8382,137000,8382
6/6/12,8428.36,8549,8412.55,8533.53,160200,8533.53
6/7/12,8639.25,8647.79,8599.64,8639.72,127400,8639.72
6/8/12,8609.78,8611.93,8427.2,8459.26,182800,8459.26
6/11/12,8612.14,8665.8,8594.58,8624.9,108800,8624.9
6/12/12,8478.78,8575.87,8452.5,8536.72,113200,8536.72
6/13/12,8557.57,8615.89,8554.14,8587.84,101600,8587.84
6/14/12,8531.4,8592.17,8520.99,8568.89,101600,8568.89
6/15/12,8608.43,8625.19,8552.75,8569.32,106600,8569.32
6/18/12,8723.55,8766.56,8711.49,8721.02,109800,8721.02
6/19/12,8692.82,8712.86,8630.66,8655.87,99200,8655.87
6/20/12,8739.1,8770.41,8711.22,8752.31,114200,8752.31
6/21/12,8794.03,8859.04,8790.86,8824.07,132600,8824.07
6/22/12,8733.5,8830.34,8731.79,8798.35,113200,8798.35
6/25/12,8837.83,8837.83,8726.4,8734.62,92800,8734.62
6/26/12,8671.61,8712.68,8619.36,8663.99,127600,8663.99
6/27/12,8677.76,8730.49,8641.52,8730.49,106000,8730.49
6/28/12,8816.07,8881.44,8805.65,8874.11,118600,8874.11
6/29/12,8811.46,9044.04,8803.33,9006.78,143800,9006.78
7/2/12,9103.79,9103.79,9003.48,9003.48,99800,9003.48
7/3/12,9013.65,9082.39,9012.86,9066.59,121000,9066.59
7/4/12,9119.69,9136.02,9095.31,9104.17,105600,9104.17
7/5/12,9078.46,9130.54,9069.01,9079.8,97000,9079.8
7/6/12,9052.7,9082.04,8977.35,9020.75,108200,9020.75
7/9/12,8922.99,8954.44,8892.17,8896.88,92000,8896.88
7/10/12,8922.03,8966.99,8855.93,8857.73,108400,8857.73
7/11/12,8819.04,8851,8797.73,8851,98000,8851
7/12/12,8859.39,8862.8,8709.75,8720.01,141800,8720.01
7/13/12,8701.35,8759.06,8695.44,8724.12,122800,8724.12
7/17/12,8740.98,8808.87,8711.73,8755,112000,8755
7/18/12,8796.15,8802.09,8715.14,8726.74,119000,8726.74
7/19/12,8795,8835.8,8771.19,8795.55,113200,8795.55
7/20/12,8785.87,8792.19,8662.72,8669.87,117000,8669.87
7/23/12,8582.28,8606.23,8500.27,8508.32,103400,8508.32
7/24/12,8497.99,8517.52,8446.18,8488.09,126200,8488.09
7/25/12,8410.98,8433.58,8328.02,8365.9,137400,8365.9
7/26/12,8408.22,8448.55,8358.51,8443.1,153400,8443.1
7/27/12,8547.34,8569.09,8522.74,8566.64,129000,8566.64
7/30/12,8658.83,8663.3,8589.19,8635.44,112000,8635.44
7/31/12,8600.92,8732.84,8585.26,8695.06,140200,8695.06
8/1/12,8622.04,8654.61,8578.16,8641.85,123200,8641.85
8/2/12,8642.89,8705.91,8635.51,8653.18,127000,8653.18
8/3/12,8539.71,8565.06,8513.2,8555.11,141800,8555.11
8/6/12,8683.2,8751.8,8676.25,8726.29,113000,8726.29
8/7/12,8714.12,8812.42,8711.9,8803.31,109400,8803.31
8/8/12,8889.38,8962.95,8851.59,8881.16,162400,8881.16
8/9/12,8870.81,9004.81,8862.17,8978.6,151200,8978.6
8/10/12,8931.92,8954.85,8857.23,8891.44,120000,8891.44
8/13/12,8871.68,8906.21,8867.63,8885.15,72000,8885.15
8/14/12,8913.7,8970.99,8897.87,8929.88,117600,8929.88
8/15/12,8960.28,8960.28,8866.06,8925.04,104400,8925.04
8/16/12,8967.11,9094.09,8962.97,9092.76,115200,9092.76
8/17/12,9120.22,9181.57,9097,9162.5,132600,9162.5
8/20/12,9202.36,9222.87,9150.79,9171.16,91400,9171.16
8/21/12,9165.15,9196.67,9146.07,9156.92,84200,9156.92
8/22/12,9150.69,9162.97,9075.08,9131.74,85800,9131.74
8/23/12,9080.67,9194.47,9062.54,9178.12,102800,9178.12
8/24/12,9069.95,9090.67,9045.79,9070.76,85800,9070.76
8/27/12,9140.41,9150.48,9084.87,9085.39,79400,9085.39
8/28/12,9138.51,9140.62,8988.99,9033.29,124000,9033.29
8/29/12,9045.73,9073.99,9033.83,9069.81,107600,9069.81
8/30/12,9062.07,9062.07,8960.24,8983.78,98200,8983.78
8/31/12,8891.75,8933.99,8839.91,8839.91,122800,8839.91
9/3/12,8836.61,8893.39,8773.4,8783.89,123400,8783.89
9/4/12,8787.97,8804.44,8729.22,8775.51,110800,8775.51
9/5/12,8756.59,8759.26,8679.82,8679.82,111800,8679.82
9/6/12,8690.34,8697,8646.03,8680.57,119200,8680.57
9/7/12,8821.37,8871.65,8804.27,8871.65,157200,8871.65
9/10/12,8853.19,8874.54,8838.18,8869.37,111800,8869.37
9/11/12,8811.33,8814.03,8769.47,8807.38,95400,8807.38
9/12/12,8827.21,8959.96,8821.8,8959.96,116200,8959.96
9/13/12,8950.01,9022.2,8932.1,8995.15,95000,8995.15
9/14/12,9097.92,9193.27,9081.8,9159.39,198000,9159.39
9/18/12,9155.49,9180.44,9120.61,9123.77,137600,9123.77
9/19/12,9166.52,9288.53,9140.75,9232.21,157200,9232.21
9/20/12,9174.19,9215.57,9079.19,9086.98,144600,9086.98
9/21/12,9113.3,9159.33,9103.95,9110,121800,9110
9/24/12,9071.32,9091.97,9031.13,9069.29,105800,9069.29
9/25/12,9031.37,9112.54,9023.63,9091.54,128400,9091.54
9/26/12,8941.75,8971.75,8894.02,8906.7,109200,8906.7
9/27/12,8856.31,8959.25,8844.06,8949.87,124800,8949.87
9/28/12,8986.63,8989.08,8838.85,8870.16,135600,8870.16
10/1/12,8815.07,8829.35,8759.07,8796.51,99000,8796.51
10/2/12,8826.36,8843.33,8774.75,8786.05,98200,8786.05
10/3/12,8778.26,8806.75,8729.56,8746.87,103600,8746.87
10/4/12,8783.13,8865.92,8738.31,8824.59,123400,8824.59
10/5/12,8850.29,8880.23,8805.79,8863.3,112000,8863.3
10/9/12,8822.39,8840.69,8765.55,8769.59,124400,8769.59
10/10/12,8650.55,8660.68,8578.25,8596.23,122400,8596.23
10/11/12,8514.63,8607.42,8514.63,8546.78,133000,8546.78
10/12/12,8607.7,8620.18,8516.11,8534.12,139400,8534.12
10/15/12,8517.77,8595.11,8488.14,8577.93,126800,8577.93
10/16/12,8638.68,8707.95,8633.68,8701.31,119800,8701.31
10/17/12,8777.39,8837.19,8758.7,8806.55,139600,8806.55
10/18/12,8886.56,8992.36,8877.17,8982.86,165000,8982.86
10/19/12,8944.03,9016.9,8940.38,9002.68,134600,9002.68
10/22/12,8874.52,9031.55,8867.79,9010.71,118200,9010.71
10/23/12,9066.03,9075.58,8970.5,9014.25,116400,9014.25
10/24/12,8896.41,9043.8,8896.41,8954.3,133000,8954.3
10/25/12,8952.13,9057.31,8941.85,9055.2,115600,9055.2
10/26/12,9058.93,9075.59,8933.06,8933.06,132000,8933.06
10/29/12,8958.79,8986.05,8909.37,8929.34,97200,8929.34
10/30/12,8941.82,8995.81,8841.98,8841.98,149200,8841.98
10/31/12,8911.08,8985.58,8905.44,8928.29,135400,8928.29
11/1/12,8931.71,8976.08,8871.48,8946.87,140600,8946.87
11/2/12,9049.22,9072.39,9031.43,9051.22,137800,9051.22
11/5/12,9000.81,9040.18,8984.69,9007.44,101400,9007.44
11/6/12,8989.58,8990.35,8957.49,8975.15,104800,8975.15
11/7/12,9030.56,9032.32,8924.41,8972.89,131000,8972.89
11/8/12,8868.42,8891.08,8811.41,8837.15,106400,8837.15
11/9/12,8742.68,8779.24,8729.45,8757.6,104000,8757.6
11/12/12,8701.28,8728.85,8676.44,8676.44,86400,8676.44
11/13/12,8710.52,8723.46,8619.45,8661.05,94800,8661.05
11/14/12,8660.27,8680.4,8653.49,8664.73,81000,8664.73
11/15/12,8703.82,8829.72,8684.23,8829.72,161400,8829.72
11/16/12,8898.33,9032.35,8898.33,9024.16,199000,9024.16
11/19/12,9141.27,9183.46,9135.29,9153.2,143000,9153.2
11/20/12,9198.42,9200.85,9129.43,9142.64,133600,9142.64
11/21/12,9213.73,9248.98,9161.21,9222.52,134800,9222.52
11/22/12,9336.32,9366.8,9304.72,9366.8,147400,9366.8
11/26/12,9466.06,9487.94,9388.94,9388.94,151600,9388.94
11/27/12,9371.13,9449.72,9370.59,9423.3,136800,9423.3
11/28/12,9375.48,9407.62,9308.35,9308.35,118600,9308.35
11/29/12,9370.29,9412.08,9350.4,9400.88,113400,9400.88
11/30/12,9446.77,9492.91,9380.25,9446.01,159800,9446.01
12/3/12,9484.2,9525.82,9453.48,9458.18,110000,9458.18
12/4/12,9419.15,9457.19,9406.03,9432.46,104000,9432.46
12/5/12,9380.37,9515.86,9376.97,9468.84,116000,9468.84
12/6/12,9535.69,9565.43,9503.31,9545.16,123200,9545.16
12/7/12,9547.14,9572.75,9522.13,9527.39,133800,9527.39
12/10/12,9584.46,9584.46,9517.4,9533.75,115200,9533.75
12/11/12,9510.6,9534.18,9487.95,9525.32,97200,9525.32
12/12/12,9606.25,9606.25,9565.95,9581.46,129400,9581.46
12/13/12,9681.2,9767.05,9672.47,9742.73,212000,9742.73
12/14/12,9703.56,9775.75,9687.7,9737.56,247400,9737.56
12/17/12,9895.68,9903.35,9826.3,9828.88,213600,9828.88
12/18/12,9848.87,9967.24,9848.87,9923.01,260400,9923.01
12/19/12,10025.4,10160.4,10016.98,10160.4,277400,10160.4
12/20/12,10093.11,10147.68,10028.65,10039.33,274800,10039.33
12/21/12,10145.58,10175.06,9924.42,9940.06,256600,9940.06
12/25/12,10092.35,10119.35,10030.44,10080.12,141800,10080.12
12/26/12,10131.22,10230.36,10107.34,10230.36,182000,10230.36
12/27/12,10295.26,10376.39,10288.85,10322.98,235200,10322.98
12/28/12,10406.36,10433.63,10374.85,10395.18,202800,10395.18
1/4/13,10604.5,10734.23,10602.24,10688.11,219000,10688.11
1/7/13,10743.69,10743.69,10589.7,10599.01,187800,10599.01
1/8/13,10544.21,10602.12,10463.43,10508.06,211400,10508.06
1/9/13,10405.67,10620.7,10398.61,10578.57,215000,10578.57
1/10/13,10635.11,10686.12,10619.65,10652.64,268600,10652.64
1/11/13,10786.14,10830.43,10748.06,10801.57,236600,10801.57
1/15/13,10914.65,10952.31,10851.66,10879.08,215000,10879.08
1/16/13,10806.41,10806.41,10591.3,10600.44,226000,10600.44
1/17/13,10660.94,10694.85,10432.97,10609.64,268400,10609.64
1/18/13,10791.97,10913.3,10787.12,10913.3,286600,10913.3
1/21/13,10941.45,10941.45,10747.74,10747.74,207400,10747.74
1/22/13,10765.1,10859.42,10615.2,10709.93,248000,10709.93
1/23/13,10575.6,10663.09,10486.99,10486.99,198800,10486.99
1/24/13,10441.11,10634.74,10441.11,10620.87,211200,10620.87
1/25/13,10797.3,10926.65,10790.95,10926.65,220600,10926.65
1/28/13,11002.86,11002.86,10824.31,10824.31,198200,10824.31
1/29/13,10751.01,10937.63,10751.01,10866.72,238400,10866.72
1/30/13,10913.97,11113.95,10905.64,11113.95,202800,11113.95
1/31/13,11057.5,11145.38,11007.77,11138.66,275800,11138.66
2/1/13,11193.72,11237.84,11142.26,11191.34,278200,11191.34
2/4/13,11254.16,11285.49,11194.74,11260.35,354200,11260.35
2/5/13,11105.24,11170.85,11046.92,11046.92,385200,11046.92
2/6/13,11236.7,11498.42,11232.05,11463.75,353400,11463.75
2/7/13,11406.32,11446.81,11295.62,11357.07,404400,11357.07
2/8/13,11179.97,11299.71,11135.89,11153.16,328000,11153.16
2/12/13,11346.72,11460.64,11343.44,11369.12,301200,11369.12
2/13/13,11333.72,11365.27,11196.66,11251.41,275400,11251.41
2/14/13,11273.4,11356.54,11243.49,11307.28,280000,11307.28
2/15/13,11239.21,11261.58,11065.06,11173.83,346200,11173.83
2/18/13,11318.22,11445.46,11308.83,11407.87,238400,11407.87
2/19/13,11336.45,11412.86,11336.45,11372.34,190000,11372.34
2/20/13,11485.65,11510.52,11440.1,11468.28,202000,11468.28
2/21/13,11404.73,11442.11,11301.77,11309.13,196200,11309.13
2/22/13,11238.75,11390.65,11175.67,11385.94,248000,11385.94
2/25/13,11564.55,11662.52,11562.1,11662.52,240800,11662.52
2/26/13,11449.66,11520.24,11374.83,11398.81,268000,11398.81
2/27/13,11418.56,11419.62,11253.97,11253.97,193200,11253.97
2/28/13,11396.73,11563.75,11392.56,11559.36,217200,11559.36
3/1/13,11464.71,11648.63,11464.71,11606.38,190200,11606.38
3/4/13,11695.45,11767.68,11613.59,11652.29,205200,11652.29
3/5/13,11732.57,11779.42,11666.38,11683.45,198800,11683.45
3/6/13,11811.06,11933.82,11803.09,11932.27,201000,11932.27
3/7/13,12037.25,12069.6,11946.01,11968.08,216000,11968.08
3/8/13,12066.5,12283.62,12065.09,12283.62,364600,12283.62
3/11/13,12363.09,12403.95,12300.83,12349.05,332400,12349.05
3/12/13,12433.6,12461.97,12314.81,12314.81,306400,12314.81
3/13/13,12252.29,12339.45,12234.48,12239.66,196000,12239.66
3/14/13,12332.16,12395.73,12248.65,12381.19,171600,12381.19
3/15/13,12437.68,12560.95,12434.47,12560.95,251000,12560.95
3/18/13,12365.44,12373.17,12220.63,12220.63,195800,12220.63
3/19/13,12405.61,12491.16,12401.12,12468.23,165200,12468.23
3/21/13,12592,12650.26,12586.06,12635.69,193400,12635.69
3/22/13,12498.51,12522.05,12338.53,12338.53,168000,12338.53
3/25/13,12507.61,12594.36,12480.42,12546.46,169800,12546.46
3/26/13,12461.79,12540.12,12456.04,12471.62,187600,12471.62
3/27/13,12476.58,12502.26,12442.39,12493.79,153000,12493.79
3/28/13,12457.13,12462.86,12286.37,12335.96,204600,12335.96
3/29/13,12405.53,12425.96,12319.75,12397.91,181600,12397.91
4/1/13,12371.34,12384.83,12133,12135.02,198200,12135.02
4/2/13,12051.57,12107.4,11805.78,12003.43,274600,12003.43
4/3/13,12112.09,12362.2,12102.05,12362.2,235000,12362.2
4/4/13,12188.22,12634.54,12075.97,12634.54,309400,12634.54
4/5/13,12880.82,13225.62,12831.1,12833.64,477400,12833.64
4/8/13,13082.61,13225.22,13080.29,13192.59,313800,13192.59
4/9/13,13309.13,13331.39,13151.73,13192.35,287600,13192.35
4/10/13,13177.31,13325.15,13177.31,13288.13,359800,13288.13
4/11/13,13444.95,13549.16,13384.11,13549.16,368400,13549.16
4/12/13,13568.25,13568.25,13402.86,13485.14,352000,13485.14
4/15/13,13345.86,13408.29,13257.86,13275.66,321000,13275.66
4/16/13,13023.91,13312.23,13004.46,13221.44,321600,13221.44
4/17/13,13330.5,13397.5,13318.69,13382.89,277400,13382.89
4/18/13,13272.22,13377.74,13200.85,13220.07,305000,13220.07
4/19/13,13268.43,13338.75,13186.89,13316.48,236000,13316.48
4/22/13,13537.17,13611.58,13529.44,13568.37,246200,13568.37
4/23/13,13545.6,13585.35,13505.53,13529.65,240200,13529.65
4/24/13,13687.28,13843.46,13686.78,13843.46,307400,13843.46
4/25/13,13887.53,13974.26,13827.96,13926.08,294400,13926.08
4/26/13,13978.98,13983.87,13852.2,13884.13,248400,13884.13
4/30/13,13854.82,13897.06,13778.75,13860.86,237600,13860.86
5/1/13,13837.72,13844.82,13782,13799.35,185400,13799.35
5/2/13,13727.25,13780.48,13637.96,13694.04,180000,13694.04
5/7/13,13960.04,14196.38,13951.81,14180.24,217200,14180.24
5/8/13,14196.2,14421.38,14186.83,14285.69,252600,14285.69
5/9/13,14366.95,14409.82,14191.48,14191.48,268400,14191.48
5/10/13,14449.24,14636.81,14426.74,14607.54,312400,14607.54
5/13/13,14759.5,14849.01,14727.7,14782.21,387200,14782.21
5/14/13,14822.56,14839.79,14755.08,14758.42,304600,14758.42
5/15/13,14962.34,15108.83,14956.38,15096.03,435000,15096.03
5/16/13,15146.05,15155.72,14879.51,15037.24,375200,15037.24
5/17/13,14926.42,15157.32,14902.3,15138.12,314400,15138.12
5/20/13,15260.61,15381.74,15245.8,15360.81,368000,15360.81
5/21/13,15264.79,15388.37,15264.42,15381.02,514200,15381.02
5/22/13,15440.69,15706.63,15432.64,15627.26,476800,15627.26
5/23/13,15739.98,15942.6,14483.98,14483.98,595200,14483.98
5/24/13,14731.75,15007.5,13981.52,14612.45,461200,14612.45
5/27/13,14373.82,14381.28,14027.42,14142.65,307400,14142.65
5/28/13,13943.62,14399.78,13943.62,14311.98,336200,14311.98
5/29/13,14492.55,14512.28,14243.49,14326.46,297000,14326.46
5/30/13,14072.9,14098.16,13555.66,13589.03,321600,13589.03
5/31/13,13804.23,13916.56,13681.39,13774.54,280600,13774.54
6/3/13,13551.36,13562.87,13261.82,13261.82,282200,13261.82
6/4/13,13186.6,13610.25,13060.94,13533.76,378200,13533.76
6/5/13,13566.75,13711.42,13011.16,13014.87,303800,13014.87
6/6/13,12925.29,13238.53,12862.02,12904.02,314000,12904.02
6/7/13,12706.41,13106.2,12548.2,12877.53,324400,12877.53
6/10/13,13141.85,13514.2,13141.37,13514.2,241400,13514.2
6/11/13,13504.77,13584.31,13296.31,13317.62,260200,13317.62
6/12/13,13087.66,13332.72,12994.08,13289.32,205600,13289.32
6/13/13,13038.02,13050.11,12415.85,12445.38,240800,12445.38
6/14/13,12668.9,12900.65,12629.31,12686.52,278200,12686.52
6/17/13,12584.37,13033.12,12549.82,13033.12,171800,13033.12
6/18/13,13015.15,13139.48,12919.03,13007.28,158800,13007.28
6/19/13,13233.08,13296.62,13107.65,13245.22,202000,13245.22
6/20/13,13101.85,13190.82,12966.41,13014.58,200600,13014.58
6/21/13,12787.87,13330.35,12702.67,13230.13,241000,13230.13
6/24/13,13417.54,13426.13,13026.23,13062.78,162600,13062.78
6/25/13,13081.62,13234.89,12758.22,12969.34,199200,12969.34
6/26/13,13152.75,13189.84,12826.51,12834.01,173400,12834.01
6/27/13,12968.72,13213.55,12873.5,13213.55,182400,13213.55
6/28/13,13383.92,13724.44,13354.7,13677.32,234400,13677.32
7/1/13,13746.72,13862.71,13562.7,13852.5,172200,13852.5
7/2/13,13969.15,14098.74,13898.54,14098.74,214200,14098.74
7/3/13,14149.99,14164.77,13984.08,14055.56,200600,14055.56
7/4/13,13970.27,14093.02,13962.3,14018.93,143600,14018.93
7/5/13,14150.85,14309.97,14149.5,14309.97,179400,14309.97
7/8/13,14491.07,14497.65,14109.34,14109.34,220400,14109.34
7/9/13,14295.44,14472.9,14186.03,14472.9,197600,14472.9
7/10/13,14464.82,14555.33,14287.69,14416.6,178200,14416.6
7/11/13,14275.26,14496.67,14275.26,14472.58,167400,14472.58
7/12/13,14475.17,14574.17,14417.3,14506.25,185000,14506.25
7/16/13,14594.88,14638.8,14550.89,14599.12,186000,14599.12
7/17/13,14491.8,14615.04,14460.56,14615.04,247600,14615.04
7/18/13,14645.25,14827.73,14645.25,14808.5,191200,14808.5
7/19/13,14909.76,14953.29,14413.28,14589.91,269400,14589.91
7/22/13,14770.02,14770.02,14514.29,14658.04,177400,14658.04
7/23/13,14555.36,14820.18,14549.06,14778.51,163000,14778.51
7/24/13,14719.64,14751.87,14630.68,14731.28,143000,14731.28
7/25/13,14747.21,14748.77,14533.21,14562.93,158200,14562.93
7/26/13,14339.39,14376.01,14114.52,14129.98,196000,14129.98
7/29/13,13899.27,13953.85,13661.13,13661.13,184600,13661.13
7/30/13,13634.2,13909.45,13613.78,13869.82,183400,13869.82
7/31/13,13733.55,13836.03,13644.21,13668.32,186500,13668.32
8/1/13,13674.5,14005.77,13645.61,14005.77,195700,14005.77
8/2/13,14178.66,14466.16,14146.92,14466.16,193500,14466.16
8/5/13,14318.21,14370.98,14225.5,14258.04,134100,14258.04
8/6/13,14237.1,14401.06,14031.61,14401.06,154000,14401.06
8/7/13,14155.95,14164.7,13824.94,13824.94,178500,13824.94
8/8/13,13779.47,14031.14,13556.65,13605.56,167700,13605.56
8/9/13,13673.49,13754.96,13527.81,13615.19,159100,13615.19
8/12/13,13469.7,13658.86,13430.64,13519.43,117700,13519.43
8/13/13,13696.36,13867,13689.49,13867,126100,13867
8/14/13,13936.74,14050.16,13747.18,14050.16,152600,14050.16
8/15/13,13845.64,13981.16,13711.12,13752.94,137800,13752.94
8/16/13,13532.61,13739.52,13532.61,13650.11,129600,13650.11
8/19/13,13669.74,13758.13,13589.78,13758.13,96900,13758.13
8/20/13,13632.96,13730.09,13383.18,13396.38,138000,13396.38
8/21/13,13431.28,13499.99,13250.36,13424.33,148300,13424.33
8/22/13,13314.05,13447.33,13238.73,13365.17,133200,13365.17
8/23/13,13583.76,13774.66,13575.4,13660.55,164200,13660.55
8/26/13,13719.56,13741.49,13586.84,13636.28,104100,13636.28
8/27/13,13551.75,13678.79,13517.1,13542.37,116800,13542.37
8/28/13,13285.03,13392.57,13188.14,13338.46,132800,13338.46
8/29/13,13382.95,13463.14,13364.82,13459.71,121400,13459.71
8/30/13,13573.24,13615.98,13335.91,13388.86,156600,13388.86
9/2/13,13438.07,13613.48,13407.53,13572.92,112600,13572.92
9/3/13,13748.68,13978.44,13748.68,13978.44,162400,13978.44
9/4/13,13875.17,14056.88,13843.61,14053.87,138400,14053.87
9/5/13,14140.2,14156.5,13981.52,14064.82,146600,14064.82
9/6/13,14088.41,14099.13,13834.52,13860.81,139800,13860.81
9/9/13,14141.67,14251.46,14117.68,14205.23,173500,14205.23
9/10/13,14318.72,14441.81,14296.78,14423.36,209900,14423.36
9/11/13,14511.74,14561.46,14422.72,14425.07,170000,14425.07
9/12/13,14397.9,14455.37,14321.57,14387.27,118400,14387.27
9/13/13,14316.7,14439.93,14233.12,14404.67,180600,14404.67
9/17/13,14456.99,14474.53,14311.67,14311.67,121300,14311.67
9/18/13,14411.55,14625.97,14396.41,14505.36,155900,14505.36
9/19/13,14680.4,14766.18,14581.79,14766.18,174600,14766.18
9/20/13,14801.64,14816.65,14702.25,14742.42,162500,14742.42
9/23/13,14742.42,14742.42,14742.42,14742.42,114900,14742.42
9/24/13,14626.04,14767.72,14607.27,14732.61,114900,14732.61
9/25/13,14713.03,14737.98,14620.53,14620.53,151000,14620.53
9/26/13,14553.06,14799.12,14410.52,14799.12,156600,14799.12
9/27/13,14803.99,14817.5,14699.21,14760.07,162100,14760.07
9/30/13,14530.62,14619.24,14425.82,14455.8,157300,14455.8
10/1/13,14517.98,14642.97,14471.7,14484.72,153000,14484.72
10/2/13,14492.47,14569.2,14114.54,14170.49,173500,14170.49
10/3/13,14140.11,14219.89,14082.31,14157.25,145300,14157.25
10/4/13,14029.73,14149.77,13944.27,14024.31,145300,14024.31
10/7/13,14057.79,14073.23,13841.93,13853.32,146100,13853.32
10/8/13,13794.74,13929.64,13748.94,13894.61,163700,13894.61
10/9/13,13789.89,14037.84,13751.85,14037.84,162100,14037.84
10/10/13,14097.62,14200.31,14077.03,14194.71,143200,14194.71
10/11/13,14376.89,14447.87,14320.3,14404.74,169900,14404.74
10/14/13,14404.74,14404.74,14404.74,14404.74,125600,14404.74
10/15/13,14510.27,14510.37,14415.76,14441.54,125600,14441.54
10/16/13,14433.64,14493.67,14417.61,14467.14,116200,14467.14
10/17/13,14640.08,14664.22,14492.67,14586.51,135600,14586.51
10/18/13,14589.6,14610.09,14503.09,14561.54,120100,14561.54
