1/3/07,8889.5,8922,8869.3,8920.2,67381600,8920.2
1/4/07,8880.8,8925.2,8865.9,8925.2,69011800,8925.2
1/5/07,8917.7,8949,8899.4,8900.2,66975800,8900.2
1/8/07,8917.4,8932.4,8837,8850.3,61637200,8850.3
1/9/07,8893.6,8920.4,8874,8874,55593000,8874
1/10/07,8846.6,8874.4,8814.6,8861.6,63554400,8861.6
1/11/07,8906.5,8987.9,8885,8987.9,74392400,8987.9
1/12/07,8979.1,9032.8,8967.6,9032.8,67872400,9032.8
1/15/07,9063.4,9112.9,9048.3,9101.7,52641800,9101.7
1/16/07,9104,9115.1,9067.3,9073,49699200,9073
1/17/07,9080.4,9119,9064,9104.6,56226400,9104.6
1/18/07,9116.8,9151.2,9074.7,9099.3,62533400,9099.3
1/19/07,9077.2,9155.1,9054.3,9155.1,81031200,9155.1
1/22/07,9154.5,9182.1,9085.2,9102.2,64020400,9102.2
1/23/07,9104.5,9147.6,9070.9,9105.5,80638200,9105.5
1/24/07,9135.3,9155.8,9116.4,9153.1,60854200,9153.1
1/25/07,9183.7,9200.8,9114.9,9134.1,66832200,9134.1
1/26/07,9109.2,9114.3,9041.1,9041.1,71285800,9041.1
1/29/07,9045.3,9128.2,9022.9,9110.8,55232000,9110.8
1/30/07,9106.1,9148.7,9091.9,9147,51995400,9147
1/31/07,9132,9159.3,9092.5,9135.1,64505200,9135.1
2/1/07,9205.6,9252.5,9200.7,9217.9,74199200,9217.9
2/2/07,9230.7,9264.4,9226.2,9260.5,62193400,9260.5
2/5/07,9249.6,9261.3,9225.3,9257.9,49954000,9257.9
2/6/07,9259.3,9303.2,9259.3,9266.2,51029000,9266.2
2/7/07,9271.9,9288.2,9235.1,9288.2,62206800,9288.2
2/8/07,9292,9301.2,9201.7,9229.3,90126200,9229.3
2/9/07,9268.5,9309.4,9260.4,9292.1,55549000,9292.1
2/12/07,9247.9,9272.6,9227.3,9261.6,56875800,9261.6
2/13/07,9273.7,9287.6,9231.1,9240,78439000,9240
2/14/07,9275.8,9299.2,9231.8,9299.2,75720200,9299.2
2/15/07,9332,9335.7,9262.3,9305.4,111212300,9305.4
2/16/07,9279.5,9337,9272,9336.3,85844200,9336.3
2/19/07,9338.4,9376.7,9335.8,9345.6,46258000,9345.6
2/20/07,9358.6,9359.3,9273.6,9315.3,61841800,9315.3
2/21/07,9334.1,9357.9,9197.7,9207.1,76673000,9207.1
2/22/07,9239.2,9286.3,9233.4,9251.8,86077200,9251.8
2/23/07,9258.7,9272.4,9205.8,9258,75431000,9258
2/26/07,9243.2,9267,9223,9223,88625200,9223
2/27/07,9129.7,9135.8,8891.7,8909.8,155950000,8909.8
2/28/07,8741.7,8862.9,8703.8,8789.7,168811900,8789.7
3/1/07,8785.3,8905.7,8622.1,8781.9,247398600,8781.9
3/2/07,8843.7,8878.3,8738.4,8798.7,117170600,8798.7
3/5/07,8640.8,8708.1,8609.4,8676.9,109098700,8676.9
3/6/07,8781,8792.2,8691.8,8775.6,166839000,8775.6
3/7/07,8798.8,8878.8,8770.9,8878.4,95236000,8878.4
3/8/07,8904,8966.2,8898.8,8955.7,80410600,8955.7
3/9/07,8937.7,8964.7,8869.2,8933.9,76883000,8933.9
3/12/07,8968.6,9000.9,8875.4,8899.4,59879600,8899.4
3/13/07,8900.3,8905.7,8822.7,8829.1,64869800,8829.1
3/14/07,8649.3,8690.7,8573.5,8577.7,125766300,8577.7
3/15/07,8685.4,8722,8646.1,8706.8,93444600,8706.8
3/16/07,8697.4,8760.9,8671.9,8717.6,131977400,8717.6
3/19/07,8803.2,8845.4,8775.2,8841.7,61836200,8841.7
3/20/07,8845.8,8886,8787.8,8882.4,62198000,8882.4
3/21/07,8880.8,8960.9,8871.4,8942.2,55620400,8942.2
3/22/07,9053.5,9100.8,9030.6,9074.3,111317400,9074.3
3/23/07,9068.8,9107.1,9038.5,9089.8,49151200,9089.8
3/26/07,9092.3,9092.3,8974,9006,50881600,9006
3/27/07,9053,9058,8965.4,8966.3,60405400,8966.3
3/28/07,8925.9,8931.7,8836.5,8870.6,57719400,8870.6
3/29/07,8907.2,8978.9,8895.2,8977.5,45364600,8977.5
3/30/07,8987.3,9030.8,8950,8977,67828600,8977
4/2/07,8932.2,8975.7,8887.3,8956.3,71884200,8956.3
4/3/07,9010.7,9077.5,8995.2,9054,73666000,9054
4/4/07,9079.2,9081.4,9034.1,9057.6,107111300,9057.6
4/5/07,9052.6,9100.7,9033,9099.1,68414000,9099.1
4/10/07,9103,9160.5,9083.6,9150.7,94010600,9150.7
4/11/07,9145.3,9180.8,9114.6,9136.1,85857200,9136.1
4/12/07,9122.3,9139.1,9059.4,9110.1,111808000,9110.1
4/13/07,9126.1,9191.2,9122.9,9177.5,60349600,9177.5
4/16/07,9223.7,9280.3,9216.8,9269.9,77481400,9269.9
4/17/07,9256,9260.5,9211.2,9228,85741000,9228
4/18/07,9234,9288.8,9202.9,9278.5,122686800,9278.5
4/19/07,9183.2,9262,9158,9256.8,81882200,9256.8
4/20/07,9317.5,9417.1,9303.7,9399.8,116175700,9399.8
4/23/07,9441.2,9468.3,9407.8,9438.1,76121200,9438.1
4/24/07,9443.8,9447.5,9344.5,9392.4,80425400,9392.4
4/25/07,9380.6,9429.3,9374.6,9429.3,76769800,9429.3
4/26/07,9497.6,9515.3,9431.8,9481.3,127788400,9481.3
4/27/07,9469.7,9486.3,9398.1,9419.9,73784200,9419.9
4/30/07,9397.5,9474.1,9394.7,9428.3,54283800,9428.3
5/2/07,9440,9462,9386.1,9445,120229900,9445
5/3/07,9434.6,9458.3,9312.5,9393,155019500,9393
5/4/07,9412.8,9470,9411.1,9455.5,85803800,9455.5
5/7/07,9475.6,9478.7,9418.1,9455.5,56227600,9455.5
5/8/07,9448.8,9470.8,9345.5,9377.1,84317000,9377.1
5/9/07,9433.9,9471.5,9377.8,9427.7,120105900,9427.7
5/10/07,9440.5,9440.7,9367.3,9367.3,78661000,9367.3
5/11/07,9288.8,9412.3,9248.9,9408.3,89699000,9408.3
5/14/07,9464,9465.6,9363.5,9387.3,82158200,9387.3
5/15/07,9365.9,9402.7,9341.7,9391,79040800,9391
5/16/07,9377.6,9394.4,9348.8,9357.5,90378800,9357.5
5/18/07,9389.6,9429.8,9380.2,9424.7,132117800,9424.7
5/21/07,9447.3,9474.1,9398.9,9405.3,57492200,9405.3
5/22/07,9391.4,9404.2,9346.3,9361.1,96485200,9361.1
5/23/07,9391.1,9458.5,9378.2,9438.8,71101600,9438.8
5/24/07,9396.8,9433.6,9353.2,9357,71205000,9357
5/25/07,9323.2,9385.1,9313.3,9381.3,62490000,9381.3
5/29/07,9407.8,9416.7,9377.6,9396,48113200,9396
5/30/07,9343,9382.8,9303,9382.8,61979800,9382.8
5/31/07,9457.7,9479,9438.2,9450.8,84946000,9450.8
6/1/07,9473.9,9536.7,9473.9,9531.5,121822700,9531.5
6/4/07,9515.8,9548.1,9451.8,9487.5,61706400,9487.5
6/5/07,9498.5,9504,9407.6,9408.2,114858300,9408.2
6/6/07,9395.9,9424.8,9245.8,9277.5,125503700,9277.5
6/7/07,9307,9319.8,9138.9,9152.1,88712800,9152.1
6/8/07,9092.6,9168.7,9057.2,9150.7,112046200,9150.7
6/11/07,9201.6,9223,9170.3,9223,67864600,9223
6/12/07,9196,9254.5,9155.9,9181,86756600,9181
6/13/07,9156.3,9178.8,9110.3,9146.1,98589600,9146.1
6/14/07,9222.7,9292.3,9211.8,9292.3,98913600,9292.3
6/15/07,9297.4,9429.9,9297.4,9395.8,174629200,9395.8
6/18/07,9415.8,9441,9340.1,9365.7,63291000,9365.7
6/19/07,9387,9404.6,9308.7,9333.4,66444600,9333.4
6/20/07,9363.9,9398.3,9333.1,9347.3,73947200,9347.3
6/21/07,9290.9,9319.3,9188.5,9230.3,85275000,9230.3
6/22/07,9249.2,9261,9157.8,9166.5,108723400,9166.5
6/25/07,9115.7,9155.3,9079.7,9141.2,61001600,9141.2
6/26/07,9083.5,9115.7,9047.7,9073.3,80411200,9073.3
6/27/07,9043.3,9053.8,8993.4,9025.8,102752900,9025.8
6/28/07,9107.1,9146.2,9094.2,9138.9,74779600,9138.9
6/29/07,9165.3,9209.4,9104.7,9209.4,66526000,9209.4
7/2/07,9196,9231.7,9176,9192.6,55510800,9192.6
7/3/07,9238,9261.4,9219.3,9240.3,56270400,9240.3
7/4/07,9245.8,9300,9233.1,9294.5,42430200,9294.5
7/5/07,9324.4,9336,9203.9,9219.4,64314200,9219.4
7/6/07,9215.8,9264,9204.5,9264,76167600,9264
7/9/07,9308.8,9323.5,9269.1,9296.4,55818400,9296.4
7/10/07,9282.3,9327.6,9191.3,9248.4,74265000,9248.4
7/11/07,9160.3,9225.7,9140.1,9214.4,78005200,9214.4
7/12/07,9230.6,9253.1,9153,9248.5,81638600,9248.5
7/13/07,9334.8,9354.7,9250.7,9261.7,79858200,9261.7
7/16/07,9286.1,9336.8,9272.8,9299.8,50359800,9299.8
7/17/07,9263.8,9271.8,9215.7,9219.3,67405000,9219.3
7/18/07,9128,9162.3,9072.5,9074.1,85131400,9074.1
7/19/07,9122.7,9278.6,9121.6,9189.3,93295600,9189.3
7/20/07,9219,9239.7,9102.2,9105.5,136678500,9105.5
7/23/07,9105.7,9117.5,9037.5,9117.5,75330400,9117.5
7/24/07,9087.1,9145.2,9020.5,9047.7,89440800,9047.7
7/25/07,8984.4,9027.5,8893,8922.7,108198600,8922.7
7/26/07,8966.7,8980.1,8705.6,8706.4,145920100,8706.4
7/27/07,8615.9,8782.2,8613.1,8705.6,128627300,8705.6
7/30/07,8724.6,8756.2,8645.5,8705.1,98012200,8705.1
7/31/07,8767.7,8889.9,8757.3,8885,110434800,8885
8/2/07,8897.3,8910.5,8763.6,8775.7,124069100,8775.7
8/3/07,8800.2,8816.9,8642.9,8671.4,75007800,8671.4
8/6/07,8583.2,8664.7,8571.4,8639.9,97325800,8639.9
8/7/07,8708.7,8750.6,8692.1,8747,93260800,8747
8/8/07,8805.1,8992.2,8797,8964.2,98208000,8964.2
8/9/07,8920.6,8926.6,8759.1,8805.3,120738700,8805.3
8/10/07,8677.5,8687.8,8515.1,8565.5,136223100,8565.5
8/13/07,8667.2,8707.7,8616.7,8687.5,76061000,8687.5
8/14/07,8608.2,8668,8540.2,8549.3,96575600,8549.3
8/15/07,8494.2,8678.4,8483.7,8661.6,95860400,8661.6
8/16/07,8474,8535.3,8386.7,8422.3,137323600,8422.3
8/17/07,8364.1,8654.9,8329.6,8543,180382600,8543
8/20/07,8598.1,8651,8575.9,8594.3,78814800,8594.3
8/21/07,8603.4,8644.9,8528.1,8603.2,80150800,8603.2
8/22/07,8638.8,8740.7,8638.6,8714.6,80506400,8714.6
8/23/07,8795.6,8824.2,8710.6,8738.5,83281600,8738.5
8/24/07,8689.2,8775.9,8682,8775.9,58536000,8775.9
8/27/07,8818.3,8853,8794.6,8846.2,38070600,8846.2
8/28/07,8826.2,8840.1,8709.8,8714.7,68706200,8714.7
8/29/07,8655.3,8736.2,8630.7,8727.8,68577200,8727.8
8/30/07,8792.5,8797.9,8674.4,8776.7,60213800,8776.7
8/31/07,8814,8908,8790.3,8881.5,69383600,8881.5
9/3/07,8934.6,8937.5,8863.1,8877.8,40953400,8877.8
9/4/07,8854.3,8974.8,8813.2,8966.3,79542600,8966.3
9/5/07,8953.6,8962.8,8823.8,8843.1,86982200,8843.1
9/6/07,8896.7,8897.2,8758.3,8830.1,71846200,8830.1
9/7/07,8801.5,8852.8,8667.1,8676.1,88324400,8676.1
9/10/07,8688,8713.9,8603.8,8612.5,80134800,8612.5
9/11/07,8674.3,8731.2,8657.6,8717.2,66848600,8717.2
9/12/07,8733.9,8795.7,8696.2,8784,70677400,8784
9/13/07,8765.2,8891.6,8734.6,8878,67005000,8878
9/14/07,8827.1,8839.9,8727.4,8772.6,65435000,8772.6
9/17/07,8740.6,8745.5,8658.2,8685.8,54840000,8685.8
9/18/07,8668.9,8797.6,8666.2,8775.9,85255800,8775.9
9/19/07,8966.3,9057.9,8923.5,9006.8,128352200,9006.8
9/20/07,8948.4,8977.1,8896.7,8896.7,80604400,8896.7
9/21/07,8902.2,8958.3,8874.2,8897.3,148191200,8897.3
9/24/07,8874.2,8940.3,8866.3,8906.1,80303600,8906.1
9/25/07,8867.2,8886.9,8777.4,8829.2,77853600,8829.2
9/26/07,8862.9,8894.2,8831.9,8859.7,71362400,8859.7
9/27/07,8909,8930.8,8881,8886,69560400,8886
9/28/07,8903.6,8941,8863.5,8933.5,67090200,8933.5
10/1/07,8856.1,9030.5,8856.1,9022.5,107671600,9022.5
10/2/07,9069.8,9111.8,9041.2,9074,108557500,9074
10/3/07,9079.9,9096.8,9035.3,9088.7,76582400,9088.7
10/4/07,9051,9099.9,9037.9,9053.4,69417000,9053.4
10/5/07,9059.8,9100.8,9025.3,9075.3,57836800,9075.3
10/8/07,9079.5,9119.8,9067.5,9097,41085800,9097
10/9/07,9107.3,9146.1,9082.8,9137.8,55860200,9137.8
10/10/07,9159.3,9185.3,9135.8,9182.3,58592000,9182.3
10/11/07,9179.2,9243.8,9170.4,9218.3,74306600,9218.3
10/12/07,9165.7,9197.5,9120.1,9197.5,68912400,9197.5
10/15/07,9185.4,9227.5,9149.3,9179.5,55571800,9179.5
10/16/07,9132.6,9133.9,9040.1,9062.7,84518400,9062.7
10/17/07,9042.7,9122.6,9032,9071.8,65509800,9071.8
10/18/07,9087.5,9113.6,9013.3,9027.5,83155400,9027.5
10/19/07,9008.3,9028.7,8915.9,8937.2,73535000,8937.2
10/22/07,8827.6,8883.3,8801.1,8845.4,84596600,8845.4
10/23/07,8891.1,8949.3,8889.4,8903.2,55208400,8903.2
10/24/07,8899.7,8928.4,8838.2,8851,91219400,8851
10/25/07,8901.8,8932.6,8886.3,8917.5,102346900,8917.5
10/26/07,8920.2,8996.4,8861.2,8962.9,92119400,8962.9
10/29/07,9018.9,9023.1,8958.8,9007.3,71573800,9007.3
10/30/07,8969.6,8977.8,8920.6,8939.2,84959200,8939.2
10/31/07,8942.2,9033.8,8910.8,9019.6,97694000,9019.6
11/1/07,9029.5,9041.7,8846.2,8891.5,143519300,8891.5
11/2/07,8822.7,8891.5,8734.4,8770.4,127767900,8770.4
11/5/07,8709.4,8766,8696.6,8707.8,102999500,8707.8
11/6/07,8740.5,8792.7,8728.4,8770.3,82244400,8770.3
11/7/07,8799.5,8825.5,8685.2,8703.2,104950800,8703.2
11/8/07,8605.9,8671,8577.5,8605.2,112502200,8605.2
11/9/07,8661.3,8668.2,8367.8,8417.2,137479200,8417.2
11/12/07,8361.5,8479.7,8357.4,8442,104910600,8442
11/13/07,8396.1,8530.7,8372.5,8500.6,108396900,8500.6
11/14/07,8591.6,8679.5,8576.3,8631,110916700,8631
11/15/07,8654.5,8680.1,8539.7,8593.7,82842200,8593.7
11/16/07,8529.5,8551.9,8445.3,8478.8,85409800,8478.8
11/19/07,8463.6,8511.4,8250.5,8270.9,116769300,8270.9
11/20/07,8336.7,8367.4,8171.7,8339,130045800,8339
11/21/07,8229.7,8260.7,8080.9,8125.4,128641500,8125.4
11/22/07,8147.1,8289.5,8087.5,8227.1,92466400,8227.1
11/23/07,8243.4,8402.4,8234.6,8371.8,93415200,8371.8
11/26/07,8439.1,8474.8,8343.4,8361.2,92021000,8361.2
11/27/07,8334.2,8462.4,8301.2,8431.1,104328600,8431.1
11/28/07,8467.7,8664.3,8432.5,8650.8,118562700,8650.8
11/29/07,8674,8757.7,8658.9,8734.5,98828200,8734.5
11/30/07,8757.7,8849.4,8743.6,8828.4,114319200,8828.4
12/3/07,8799.8,8855.2,8678.8,8706.2,77454800,8706.2
12/4/07,8699.6,8702.4,8592.1,8645,76429400,8645
12/5/07,8686.8,8789.3,8633.5,8758.2,72239800,8758.2
12/6/07,8733.4,8813.2,8670.4,8741.7,88113400,8741.7
12/7/07,8795.2,8829.1,8760.2,8799.7,71561600,8799.7
12/10/07,8789.8,8904.7,8749.3,8885.3,102083100,8885.3
12/11/07,8903,8910.2,8819.6,8855.9,91676800,8855.9
12/12/07,8745.7,8918.8,8722.5,8852.3,102151100,8852.3
12/13/07,8763.8,8810.4,8652.5,8658.4,99025600,8658.4
12/14/07,8701.7,8707.9,8602.8,8675.9,61544600,8675.9
12/17/07,8617.3,8617.3,8515.5,8544.6,72120400,8544.6
12/18/07,8485.9,8565.2,8458.4,8467.1,72019600,8467.1
12/19/07,8463.8,8465.2,8387.1,8395,65080200,8395
12/20/07,8402.3,8483.8,8369.2,8402.8,55018000,8402.8
12/21/07,8463.9,8506,8446.4,8468.4,115625800,8468.4
12/27/07,8497.9,8561.7,8447.7,8518.2,37416200,8518.2
12/28/07,8467.6,8571.8,8453.2,8484.5,32228600,8484.5
1/3/08,8410.1,8421,8273.3,8318.8,70784600,8318.8
1/4/08,8306.7,8344.3,8109.9,8130,82516600,8130
1/7/08,8090.5,8213.1,8070.3,8110.6,102996500,8110.6
1/8/08,8128.9,8385.4,8127.6,8316.4,132311200,8316.4
1/9/08,8263.5,8345.5,8216.3,8339.8,107972400,8339.8
1/10/08,8365.7,8379.3,8227.6,8290.8,94847600,8290.8
1/11/08,8296.9,8303.8,8156.4,8159.7,95764000,8159.7
1/14/08,8148.5,8249.8,8125.4,8193.4,74924400,8193.4
1/15/08,8162.7,8165.6,7949.2,7973.9,89881800,7973.9
1/16/08,7928.9,7959.1,7778.7,7847.5,123731400,7847.5
1/17/08,7907.4,7951.4,7767.2,7788.1,120486400,7788.1
1/18/08,7805.7,7938.8,7690.1,7692,150715700,7692
1/21/08,7571,7586.8,7263.5,7287.1,166608000,7287.1
1/22/08,7030.9,7534.5,6950.9,7487.9,212511200,7487.9
1/23/08,7625.9,7625.9,7180,7356.1,165486700,7356.1
1/24/08,7563.9,7718.2,7531.3,7691,155902600,7691
1/25/08,7812.1,7839.2,7685,7686.9,113346500,7686.9
1/28/08,7594.7,7647.5,7477.9,7581.7,89112800,7581.7
1/29/08,7626.3,7730.8,7612.6,7704.4,81957400,7704.4
1/30/08,7655.8,7746.3,7610.5,7671.8,75897200,7671.8
1/31/08,7659.9,7696.9,7436.9,7670.4,133002000,7670.4
2/1/08,7729.7,7881.7,7695.5,7816,105370900,7816
2/4/08,7879.8,7888.5,7725,7751.7,73700200,7751.7
2/5/08,7740,7742,7504.7,7517.4,107092700,7517.4
2/6/08,7431.9,7565.5,7424.6,7565.5,96289600,7565.5
2/7/08,7543.7,7546.1,7361.9,7420,87502000,7420
2/8/08,7503.6,7532.3,7405.8,7447,65831000,7447
2/11/08,7382.2,7456.1,7332.3,7347.5,73755200,7347.5
2/12/08,7380.3,7554.1,7278.1,7546.9,122731900,7546.9
2/13/08,7485.1,7578.6,7445.2,7536.5,165075900,7536.5
2/14/08,7611.5,7650.1,7482.8,7502,165438000,7502
2/15/08,7494.5,7517.4,7346.3,7353,184779300,7353
2/19/08,7420.3,7541.8,7367,7462.7,118232500,7462.7
2/20/08,7385.2,7454.1,7337.6,7381.6,90558200,7381.6
2/21/08,7402,7577.8,7402,7486.1,88644600,7486.1
2/22/08,7436.4,7569.1,7425.3,7454.8,83321800,7454.8
2/25/08,7585.3,7634.5,7546.5,7615.8,79883800,7615.8
2/26/08,7640.6,7766.5,7622.6,7743.2,87729600,7743.2
2/27/08,7778.2,7782.5,7658.4,7782.5,85803200,7782.5
2/28/08,7751.7,7802.6,7658,7663,95294400,7663
2/29/08,7580.9,7645.2,7489.6,7533.9,112318500,7533.9
3/3/08,7402.9,7460.4,7361.1,7403.9,91853600,7403.9
3/4/08,7394,7452.4,7229.1,7276,93295200,7276
3/5/08,7335,7387.8,7293.5,7338.8,82559400,7338.8
3/6/08,7346,7352.8,7238.3,7269.9,86385800,7269.9
3/7/08,7147.4,7223,7097.9,7174.1,97546400,7174.1
3/10/08,7117.5,7149.3,7021.3,7055,90864400,7055
3/11/08,7067.1,7257.7,7042.4,7143,107957000,7143
3/12/08,7248.3,7303.3,7204.9,7245,106504400,7245
3/13/08,7159.8,7255.2,7114.5,7251.7,110069200,7251.7
3/14/08,7241.8,7338.5,7052.5,7132,122508400,7132
3/17/08,6910.9,6972.7,6769.8,6774.3,160568200,6774.3
3/18/08,6875.6,7034.4,6847.9,7013.9,116515100,7013.9
3/19/08,7097.9,7118.1,6973.5,7073,122892100,7073
3/20/08,6965.9,7025.3,6945.5,7009.9,176662800,7009.9
3/25/08,7232.8,7271.2,7150.7,7234.4,103893500,7234.4
3/26/08,7219.4,7236.5,7122.6,7184.5,84565600,7184.5
3/27/08,7164.7,7316.6,7163.9,7265,82305600,7265
3/28/08,7273.5,7289.2,7221.1,7239.4,57845800,7239.4
3/31/08,7162,7224.3,7069.1,7224.3,63495600,7224.3
4/1/08,7221.2,7511,7219.1,7494.3,125380100,7494.3
4/2/08,7536.3,7625.1,7514.2,7596.6,106984700,7596.6
4/3/08,7598.9,7610.9,7480.6,7516.2,68678600,7516.2
4/4/08,7547.6,7594,7500.5,7573.5,66573600,7573.5
4/7/08,7679.7,7707.4,7622.9,7639.3,89604200,7639.3
4/8/08,7576.5,7603.3,7530.7,7568.1,66733200,7568.1
4/9/08,7529.1,7538.5,7403,7403.1,65564600,7403.1
4/10/08,7404.8,7413.6,7246.4,7312.6,91157800,7312.6
4/11/08,7352.6,7395.5,7221.9,7259,70387600,7259
4/14/08,7177.3,7209.5,7123.6,7139.5,64575200,7139.5
4/15/08,7173.5,7241.3,7107,7187.4,74150200,7187.4
4/16/08,7221.8,7256.7,7132.9,7250.7,66550400,7250.7
4/17/08,7260.6,7262.5,7133.4,7173.6,65986000,7173.6
4/18/08,7215.5,7421.9,7207,7418,95194200,7418
4/21/08,7452.4,7484.7,7349,7394.9,76659400,7394.9
4/22/08,7359.6,7388.4,7304.6,7328.9,60534600,7328.9
4/23/08,7345.3,7366.9,7227.2,7324.5,79400200,7324.5
4/24/08,7353.3,7460.5,7314.4,7460.5,115243400,7460.5
4/25/08,7510.9,7597.5,7493.5,7509.5,84484000,7509.5
4/28/08,7518.4,7587.7,7499.4,7550.1,72508200,7550.1
4/29/08,7502.1,7537.8,7431,7462,66286600,7462
4/30/08,7470.1,7543.5,7411.8,7529,91026000,7529
5/2/08,7583,7690.4,7579.4,7665.8,89924800,7665.8
5/5/08,7653.9,7692.7,7639.6,7658.3,42430600,7658.3
5/6/08,7636.9,7665.7,7496.8,7543.7,89614600,7543.7
5/7/08,7554.4,7642.6,7518.6,7639.2,76802800,7639.2
5/8/08,7560.8,7611.5,7551,7586.1,78702200,7586.1
5/9/08,7555.3,7579.8,7423.9,7484,67864200,7484
5/13/08,7558.3,7608.2,7513.9,7578.3,82506800,7578.3
5/14/08,7628.4,7646.5,7575.1,7594.6,63178000,7594.6
5/15/08,7574.8,7698.3,7566.3,7683.4,66098200,7683.4
5/16/08,7721.5,7734.5,7652.4,7653.7,61625200,7653.7
5/19/08,7687.9,7785.2,7664.3,7778.9,61824600,7778.9
5/20/08,7727.5,7744.7,7614,7626.6,63846400,7626.6
5/21/08,7644.8,7659.4,7535.4,7574.3,72315800,7574.3
5/22/08,7521,7613.8,7461.8,7578,72678000,7578
5/23/08,7573,7579.1,7444.8,7459.9,68429800,7459.9
5/26/08,7420.4,7436.5,7363.9,7363.9,66621600,7363.9
5/27/08,7383.8,7473.4,7374.8,7418,107198000,7418
5/28/08,7425.3,7505.8,7408.4,7474.5,83767200,7474.5
5/29/08,7502.3,7562,7484.9,7541.8,80234200,7541.8
5/30/08,7568.5,7598.1,7492,7511.3,99814600,7511.3
6/2/08,7549.5,7572,7492.4,7555.7,92830400,7555.7
6/3/08,7498.7,7594.5,7498.2,7590.4,111109900,7590.4
6/4/08,7548.7,7555.9,7448.4,7514.5,106173000,7514.5
6/5/08,7524.5,7587.8,7501.5,7567.2,132997400,7567.2
6/6/08,7610.9,7612.1,7355.3,7386.4,115359700,7386.4
6/9/08,7326.4,7385.8,7268,7325.9,119475600,7325.9
6/10/08,7266,7302.8,7227.8,7284.2,100890800,7284.2
6/11/08,7326,7336,7120.9,7167.3,89966200,7167.3
6/12/08,7159.4,7265.3,7122,7222.8,95181400,7222.8
6/13/08,7221,7313,7152,7261.4,85517800,7261.4
6/16/08,7276.1,7313.8,7163.2,7238.3,62224000,7238.3
6/17/08,7273.9,7327.7,7251.4,7251.4,76638000,7251.4
6/18/08,7235.6,7238.6,7148.1,7182.6,99054200,7182.6
6/19/08,7133.5,7186.1,7093.8,7158.9,80791000,7158.9
6/20/08,7159.5,7196.8,7012.2,7069.4,182574600,7069.4
6/23/08,7055.4,7097.5,7009.2,7026.9,76868000,7026.9
6/24/08,7020.3,7082.3,6955.6,7026.1,120763400,7026.1
6/25/08,7054.2,7081.7,7012,7081.4,94188600,7081.4
6/26/08,7044,7060.2,6934.3,6949.7,108280600,6949.7
6/27/08,6897.5,6932.2,6803.7,6861.5,101264800,6861.5
6/30/08,6850.7,6963.8,6799,6958.5,112894100,6958.5
7/1/08,6935.9,6949.2,6800.8,6849.7,135201400,6849.7
7/2/08,6891,6944.9,6831.3,6843.8,126300000,6843.8
7/3/08,6763.5,6895.9,6738.8,6844.1,125294700,6844.1
7/4/08,6905,6908.7,6751.6,6772.7,71704200,6772.7
7/7/08,6834.1,6835.5,6738.9,6815.7,81470400,6815.7
7/8/08,6685,6818.5,6661.1,6788.1,114028800,6788.1
7/9/08,6849.8,6949.4,6830.4,6921.4,103180100,6921.4
7/10/08,6823.5,6871.5,6763.9,6803.1,113798500,6803.1
7/11/08,6840.6,6856.4,6638.9,6638.9,107961200,6638.9
7/14/08,6701.5,6758,6675.3,6675.3,73272200,6675.3
7/15/08,6606.5,6613.2,6478.4,6562,122439400,6562
7/16/08,6584.5,6620,6422.9,6583.5,122453500,6583.5
7/17/08,6719.8,6821.8,6679.6,6739.2,142847900,6739.2
7/18/08,6694.9,6837.2,6648.5,6827.3,135272700,6827.3
7/21/08,6816.6,6925.3,6758.7,6858.2,85213200,6858.2
7/22/08,6787.3,6951.5,6759.7,6922.3,98275000,6922.3
7/23/08,7018.9,7082.1,6996.4,7058.2,119502000,7058.2
7/24/08,7147.4,7150,7040,7056.9,139374100,7056.9
7/25/08,7011.1,7039.4,6940.2,7015,106995600,7015
7/28/08,6991.3,7024.8,6939.8,6968.9,80412400,6968.9
7/29/08,6879.9,7048.7,6861.3,6993.3,119370500,6993.3
7/30/08,7091.1,7150.6,7019.8,7108.9,94157200,7108.9
7/31/08,7117.8,7188.6,7089,7141.2,82791800,7141.2
8/4/08,7070.5,7133.1,7069.7,7078.2,83390400,7078.2
8/5/08,7103.2,7194.8,7070.2,7190.8,105232200,7190.8
8/6/08,7246.1,7258.3,7161.8,7209.3,102118900,7209.3
8/7/08,7179,7265.1,7149.8,7182.1,106216900,7182.1
8/8/08,7146.5,7293.9,7143,7262.1,92188400,7262.1
8/11/08,7282.7,7348.4,7265.9,7337.7,77811200,7337.7
8/12/08,7313.2,7358.5,7280.1,7301.8,113765400,7301.8
8/13/08,7258.3,7280.4,7170.8,7193.5,90994800,7193.5
8/14/08,7220.1,7259.3,7155.9,7206.5,85905800,7206.5
8/15/08,7227,7273.8,7214,7235.9,72765800,7235.9
8/18/08,7172.9,7278.6,7143.3,7231.4,56136800,7231.4
8/19/08,7164.4,7179.5,7102.7,7115.2,74435000,7115.2
8/20/08,7135.7,7149,7053.9,7100,72557800,7100
8/21/08,7045.6,7055.2,6996.8,7000.5,76841400,7000.5
8/22/08,7014.4,7115.6,6995,7094.1,77284400,7094.1
8/25/08,7070.3,7141.6,7059.8,7062.6,33849800,7062.6
8/26/08,7025.4,7113.3,6980.1,7093.7,65126400,7093.7
8/27/08,7072.8,7094.2,7013,7086.6,72562600,7086.6
8/28/08,7087.2,7230.5,7056.5,7190.4,90222200,7190.4
8/29/08,7222.2,7273.1,7194.8,7238.7,77351000,7238.7
9/1/08,7183.5,7256,7170,7227.8,40695400,7227.8
9/2/08,7215.6,7343.1,7199.5,7298.6,90490000,7298.6
9/3/08,7243.5,7299.3,7240.9,7256.6,78890200,7256.6
9/4/08,7270.6,7289.7,7084.6,7084.6,89232400,7084.6
9/5/08,7045.3,7067.1,6954.9,6976.6,109977100,6976.6
9/8/08,7237.9,7241.5,7159.4,7177.4,134190400,7177.4
9/9/08,7156.8,7302.5,7149.6,7189.5,116368000,7189.5
9/10/08,7170.3,7229.5,7104.6,7121.4,120451400,7121.4
9/11/08,7117.4,7133.4,6986.5,7071.3,103629000,7071.3
9/12/08,7119.5,7217.8,7091.6,7215.5,93009000,7215.5
9/15/08,7040.9,7057.9,6827.5,6939.1,218201300,6939.1
9/16/08,6857.3,6891.3,6659.3,6732.9,267900300,6732.9
9/17/08,6856,6858.9,6654.3,6654.3,195623100,6654.3
9/18/08,6629.8,6736.1,6587,6623.3,180975300,6623.3
9/19/08,6861.8,7081.9,6861.8,7025.2,313854900,7025.2
9/22/08,7029.2,7079.8,6879.2,6887.4,106472600,6887.4
9/23/08,6861.6,6888,6769.1,6805.5,124092600,6805.5
9/24/08,6854.7,6864.8,6766.5,6780.3,83197800,6780.3
9/25/08,6793.3,6956.4,6785.6,6945.5,97424600,6945.5
9/26/08,6850.5,6865.3,6763.1,6815.5,94224600,6815.5
9/29/08,6748.6,6786.4,6500.1,6500.1,115959200,6500.1
9/30/08,6343.7,6676.6,6343.4,6654.9,129884300,6654.9
10/1/08,6744.1,6763.6,6654,6727.6,94353400,6727.6
10/2/08,6752.1,6825.1,6715.3,6730.9,123634400,6730.9
10/3/08,6754.3,6912,6629.9,6879.8,117004300,6879.8
10/6/08,6623.6,6671.3,6375.7,6458.7,131110300,6458.7
10/7/08,6584.1,6605.9,6390,6427.8,138997400,6427.8
10/8/08,6198.5,6371.2,6004.6,6073.5,194095500,6073.5
10/9/08,6179.4,6191.3,5764.4,5798.8,137404600,5798.8
10/10/08,5404.9,5555.6,5265.9,5347.2,218528400,5347.2
10/13/08,5709.5,5956.3,5566,5956.3,178771100,5956.3
10/14/08,6163.8,6408.8,6130.4,6260.2,164630900,6260.2
10/15/08,6244.6,6254.4,5893.8,5911.2,126036400,5911.2
10/16/08,5663.1,5959.2,5613.1,5718.5,179478000,5718.5
10/17/08,5928.9,6099.6,5805.9,6099.6,158442300,6099.6
10/20/08,6184.4,6216.5,6087.4,6216.5,101910800,6216.5
10/21/08,6337.2,6352.6,6139,6185.5,105842900,6185.5
10/22/08,6040.9,6102.1,5901.4,5925.5,101086300,5925.5
10/23/08,5965.1,6027.1,5763.5,5893.7,163074400,5893.7
10/24/08,5667.2,5733.2,5410.9,5675.1,160589800,5675.1
10/27/08,5407.9,5614.5,5367.4,5500.9,106563400,5500.9
10/28/08,5593.3,5680.4,5475.4,5538.5,105999200,5538.5
10/29/08,5781.8,5895.2,5660.2,5880.6,128420300,5880.6
10/30/08,6012.1,6037.9,5720.2,5842.3,110536900,5842.3
10/31/08,5838.4,6153.2,5792.1,6153.2,100393500,6153.2
11/3/08,6227.4,6233.9,6103.8,6233.9,72380800,6233.9
11/4/08,6256.9,6419,6229.9,6400,96475600,6400
11/5/08,6339.7,6343.1,6167.5,6177.1,84817600,6177.1
11/6/08,6027.5,6154.3,5882.5,5924.9,106554800,5924.9
11/7/08,5966,6071.6,5928.3,6008.2,82846400,6008.2
11/10/08,6166.5,6233,6083.6,6090.6,68351000,6090.6
11/11/08,5979.4,6038.3,5831,5880.8,91403200,5880.8
11/12/08,5958,5970.9,5668.1,5702.9,95515600,5702.9
11/13/08,5646.1,5761.5,5645.8,5740,84067000,5740
11/14/08,5879,5901.1,5786.9,5834.8,77579400,5834.8
11/17/08,5805.4,5845.5,5615.4,5646.4,67689800,5646.4
11/18/08,5662.8,5730.3,5547,5675.6,83101400,5675.6
11/19/08,5703.6,5714.2,5476.2,5524.1,85279600,5524.1
11/20/08,5426.5,5443.1,5172.8,5306.1,130585300,5306.1
11/21/08,5361.5,5374.9,5034.4,5144,117776800,5144
11/24/08,5236.6,5470.2,5192.6,5466.4,100589900,5466.4
11/25/08,5393.7,5610,5389.9,5478.4,131373200,5478.4
11/26/08,5433.6,5515.5,5326.4,5498.6,88040000,5498.6
11/27/08,5521,5640.8,5513.6,5640.8,58980400,5640.8
11/28/08,5656.5,5816.6,5613.5,5816.6,73361600,5816.6
12/1/08,5786.9,5790.1,5514.8,5527.6,69060200,5527.6
12/2/08,5471.3,5575.5,5403.7,5537.6,75873600,5537.6
12/3/08,5510.2,5617.2,5414.9,5604.2,79299600,5604.2
12/4/08,5562,5724.9,5526.1,5649.1,98853600,5649.1
12/5/08,5573.5,5604.8,5455.9,5530.8,76814200,5530.8
12/8/08,5787,5818.8,5701.4,5818.8,90347800,5818.8
12/9/08,5769.6,5910,5733.1,5845.6,91100600,5845.6
12/10/08,5813,5856.4,5711.1,5751.9,69626000,5751.9
12/11/08,5712.4,5744.8,5629.1,5729.9,65774000,5729.9
12/12/08,5534.7,5654.8,5492.6,5636.2,80455000,5636.2
12/15/08,5676.3,5702.2,5493.3,5526.5,65813200,5526.5
12/16/08,5524.3,5580.5,5479.3,5567.1,67081600,5567.1
12/17/08,5638.1,5651.7,5489.9,5548.2,82138400,5548.2
12/18/08,5595.3,5628.4,5484,5515,67017000,5515
12/19/08,5448.9,5530.8,5389.8,5459.9,147137600,5459.9
12/22/08,5424.1,5493.7,5402.4,5419.5,50586600,5419.5
12/23/08,5449.9,5486,5399,5399.6,36670000,5399.6
12/24/08,5399.6,5399.6,5399.6,5399.6,31583600,5399.6
12/26/08,5399.6,5399.6,5399.6,5399.6,31583600,5399.6
12/29/08,5416.6,5517.9,5394,5465,31583600,5465
12/30/08,5528.7,5582.1,5513.9,5534.5,35259000,5534.5
1/2/09,5528.7,5582.1,5513.9,5533.6,65574600,5533.6
1/5/09,5734.1,5772.7,5696.4,5756.1,65574600,5756.1
1/6/09,5778.8,5881.5,5731.3,5799.3,66998600,5799.3
1/7/09,5778,5806,5731.7,5761.7,58311200,5761.7
1/8/09,5697.5,5764.4,5679.1,5751.1,55762600,5751.1
1/9/09,5753.5,5753.7,5648,5697.2,66495000,5697.2
1/12/09,5657.1,5666.8,5588.2,5591.8,68473600,5591.8
1/13/09,5568.4,5568.4,5452,5534.3,74759400,5534.3
1/14/09,5584,5586.2,5329.4,5378.8,82618600,5378.8
1/15/09,5416.1,5448,5330.1,5382.4,82430800,5382.4
1/16/09,5497.4,5511.2,5429.3,5435.5,82118200,5435.5
1/19/09,5496.7,5517.4,5318.7,5381.4,74106600,5381.4
1/20/09,5413.3,5430.4,5314,5321,82597600,5321
1/21/09,5291.7,5376.5,5248.9,5304.2,103839500,5304.2
1/22/09,5402.7,5459.6,5307.5,5329.4,95614200,5329.4
1/23/09,5326.6,5351.9,5194.6,5306.9,114935200,5306.9
1/26/09,5299.6,5457,5299.1,5417.1,82754000,5417.1
1/27/09,5440.8,5442.4,5291.1,5348.9,64608000,5348.9
1/28/09,5352.3,5454.3,5338.6,5417.9,112385700,5417.9
1/29/09,5364.6,5369.4,5241.8,5272.9,102816600,5272.9
1/30/09,5283.6,5326.3,5205.9,5290,95821800,5290
2/2/09,5251,5259.1,5140.4,5167,72107200,5167
2/3/09,5201.3,5246.4,5142.3,5217.6,81667000,5217.6
2/4/09,5191.1,5227.7,5142.1,5225.5,96771800,5225.5
2/5/09,5126.4,5141.1,5005.2,5106.9,114627200,5106.9
2/6/09,5147.4,5152.9,5052.6,5123.1,115773600,5123.1
2/9/09,5101.3,5177.3,5076.3,5158.5,79192400,5158.5
2/10/09,5146.3,5235.2,5107.5,5144.7,111035000,5144.7
2/11/09,5083.9,5167.8,5054.8,5123.8,102077300,5123.8
2/12/09,5098,5137.7,5062.3,5106.7,91655200,5106.7
2/13/09,5153.2,5202.5,5090.7,5126.8,87191600,5126.8
2/16/09,5097.5,5114.5,5076.7,5077.6,36491800,5077.6
2/17/09,5003.2,5029,4937,4941.3,78400200,4941.3
2/18/09,4959.2,4997.2,4911,4955.5,73684000,4955.5
2/19/09,5001.8,5048.7,4965.3,4990.5,99438400,4990.5
2/20/09,4920.7,4946.6,4808.4,4851.2,158034300,4851.2
2/23/09,4898.6,4939.4,4788.4,4797.1,87622300,4797.1
2/24/09,4750.9,4776.7,4668.8,4723,117943500,4723
2/25/09,4774.5,4791.9,4660.9,4702.5,96527400,4702.5
2/26/09,4784,4802.2,4721.8,4770.8,105439700,4770.8
2/27/09,4675,4690.7,4608.8,4690.7,97413900,4690.7
3/2/09,4576.8,4576.8,4438.3,4438.3,93228800,4438.3
3/3/09,4472.3,4519.8,4357,4358,93625400,4358
3/4/09,4402.1,4470.4,4349.6,4463.7,96657600,4463.7
3/5/09,4434.9,4503.6,4390.2,4390.2,93102400,4390.2
3/6/09,4380.2,4419.1,4311.6,4311.6,88720800,4311.6
3/9/09,4319.7,4345,4235,4307.7,97872800,4307.7
3/10/09,4296.6,4531.8,4296.5,4512.5,103649800,4512.5
3/11/09,4507.6,4626.6,4487,4577,99717200,4577
3/12/09,4556.9,4694.1,4482.3,4645.8,96989200,4645.8
3/13/09,4713.1,4774.7,4683.7,4726.7,84568600,4726.7
3/16/09,4788.4,4823.4,4750.3,4816.4,83253600,4816.4
3/17/09,4766.9,4826.4,4741.6,4813.8,90250400,4813.8
3/18/09,4839.9,4871.4,4729.8,4783.3,103665800,4783.3
3/19/09,4826.7,4901.7,4765.4,4794.6,154076500,4794.6
3/20/09,4727.2,4842.2,4721.1,4787.2,207423100,4787.2
3/23/09,4863.3,4931.1,4829.6,4931.1,88367600,4931.1
3/24/09,4986.4,4995.5,4886.7,4923.7,84775000,4923.7
3/25/09,4918.6,5006.9,4901.8,4970.4,72022800,4970.4
3/26/09,4977.9,5001.8,4897.6,4966.7,69089000,4966.7
3/27/09,4965.5,4982.1,4866.7,4872.3,72124800,4872.3
3/30/09,4798.1,4838.4,4714,4745.8,63487000,4745.8
3/31/09,4811.8,4928.8,4810.7,4927.4,68965000,4927.4
4/1/09,4933.8,5014.9,4837,5014.9,77240400,5014.9
4/2/09,5107,5180.5,5098.1,5178.5,103864700,5178.5
4/3/09,5147.9,5151.3,4996,5043,88967200,5043
4/6/09,5045.2,5112.4,4944.5,5002.1,78031400,5002.1
4/7/09,5041.6,5050.3,4960.7,4974.2,68647200,4974.2
4/8/09,4894.4,5000.7,4884.6,4999.8,58357800,4999.8
4/9/09,5041.3,5076.9,4953.9,5070.6,79095800,5070.6
4/13/09,5070.6,5070.6,5070.6,5070.6,101395900,5070.6
4/14/09,5092.5,5130.5,5048.6,5099.3,101395900,5099.3
4/15/09,5046.9,5124.2,5032.7,5065.4,80481400,5065.4
4/16/09,5117.8,5164,5077.8,5164,81620400,5164
4/17/09,5172.3,5237.5,5154.9,5192.6,122787200,5192.6
4/20/09,5186.5,5216.5,5055.1,5065.2,81837600,5065.2
4/21/09,5060,5101.1,4953.2,5076.7,86680200,5076.7
4/22/09,4986.3,5086.6,4968,5063.7,106468200,5063.7
4/23/09,5077.2,5097.1,4990.9,5023.9,101022000,5023.9
4/24/09,5026.2,5119.1,5023.8,5113,76723600,5113
4/27/09,5077.1,5176.4,5048.6,5176,67892000,5176
4/28/09,5080.6,5140.9,5050.1,5109.1,76336800,5109.1
4/29/09,5093.3,5152.8,5076.9,5152.7,82787600,5152.7
4/30/09,5211.5,5285.8,5208.4,5225.9,103621000,5225.9
5/1/09,5225.9,5225.9,5225.9,5225.9,69517000,5225.9
5/4/09,5274.1,5327.5,5229.5,5318.3,69517000,5318.3
5/5/09,5319.9,5335.9,5265.2,5280.9,86134200,5280.9
5/6/09,5273.2,5355.4,5253.4,5319.3,87878800,5319.3
5/7/09,5345.5,5412,5294,5325.6,99516400,5325.6
5/8/09,5368.5,5401.3,5336.9,5391,87044600,5391
5/11/09,5378.4,5381.7,5314.3,5358.9,81655300,5358.9
5/12/09,5319.8,5401.7,5317.7,5346,94165200,5346
5/13/09,5371.8,5406.9,5260.2,5277.4,129031100,5277.4
5/14/09,5269.2,5366.2,5219.1,5360,96043000,5360
5/15/09,5408.5,5409.9,5306.5,5350.7,119639700,5350.7
5/18/09,5306.8,5435.1,5268.8,5435.1,58802800,5435.1
5/19/09,5467.1,5524.4,5467.1,5498.8,78173400,5498.8
5/20/09,5493.8,5546.2,5472.7,5509.3,74763000,5509.3
5/21/09,5509.3,5509.3,5509.3,5509.3,56954200,5509.3
5/22/09,5436.9,5462.9,5385.9,5409.3,56954200,5409.3
5/25/09,5430.1,5453.1,5371.9,5446.2,26639800,5446.2
5/26/09,5399.6,5441.7,5345.7,5431.3,65931600,5431.3
5/27/09,5451.6,5463.1,5393.1,5419.4,62784200,5419.4
5/28/09,5377.6,5386.2,5311.8,5350.6,56698200,5350.6
5/29/09,5387.9,5401.5,5340,5349.7,90196700,5349.7
6/1/09,5349.7,5349.7,5349.7,5349.7,84223700,5349.7
6/2/09,5440.6,5447.5,5364.2,5432.2,84223700,5432.2
6/3/09,5439,5454.7,5366.2,5384.7,59746800,5384.7
6/4/09,5390.8,5442.9,5390.5,5422.2,52118400,5422.2
6/5/09,5452.5,5486.4,5398.9,5398.9,75054300,5398.9
6/8/09,5407.4,5421.2,5347.2,5391.7,62500800,5391.7
6/9/09,5425,5438.5,5373.5,5388.7,52009400,5388.7
6/10/09,5435.7,5475.8,5423.6,5436.4,69656000,5436.4
6/11/09,5442.1,5502,5442.1,5483.9,48150000,5483.9
6/12/09,5488.9,5532.5,5483.6,5521.8,54145200,5521.8
6/15/09,5488.4,5492.8,5400.1,5400.1,63462400,5400.1
6/16/09,5394.7,5426.8,5356.9,5377.1,61674200,5377.1
6/17/09,5358.9,5379.5,5269.5,5302.3,74744400,5302.3
6/18/09,5321.3,5385.5,5282.6,5376.8,66312200,5376.8
6/19/09,5422.9,5449.2,5402.6,5421.6,100820100,5421.6
6/22/09,5406,5420.4,5307.6,5310.4,56859100,5310.4
6/23/09,5287.8,5364.6,5286.1,5321.3,66699100,5321.3
6/24/09,5338.8,5453.3,5299.4,5443.4,56771600,5443.4
6/25/09,5417.6,5437.4,5314.1,5361.3,73917200,5361.3
6/26/09,5407.8,5428.9,5344,5376,125096300,5376
6/29/09,5365.8,5456.7,5364.2,5443.5,86302800,5443.5
6/30/09,5472.8,5482,5387.6,5404,82670000,5404
7/1/09,5431.1,5480.8,5428.5,5472.9,56558200,5472.9
7/2/09,5450.8,5461.2,5353.5,5355.2,55100400,5355.2
7/3/09,5370.1,5372.9,5323.5,5338.5,39599200,5338.5
7/6/09,5308.1,5358.5,5280.9,5354.1,51297600,5354.1
7/7/09,5366,5396.9,5329.2,5329.2,53146200,5329.2
7/8/09,5305.1,5352.9,5289.4,5289.4,59482800,5289.4
7/9/09,5318,5346.8,5300.2,5305.4,64030200,5305.4
7/10/09,5283.4,5286,5230,5237.8,55289200,5237.8
7/13/09,5222.5,5315.8,5204.8,5315.3,52452800,5315.3
7/14/09,5355.8,5396.9,5330.2,5365,66895600,5365
7/15/09,5389,5473.8,5387.7,5473.3,65452800,5473.3
7/16/09,5484.2,5560.9,5473.7,5538.6,60522800,5538.6
7/17/09,5578.4,5601.7,5551,5594.1,56099600,5594.1
7/20/09,5615.9,5660.5,5604.4,5627.9,52073200,5627.9
7/21/09,5632.6,5677.3,5622.5,5636.2,55187600,5636.2
7/22/09,5640.3,5649.3,5604.2,5637,58600800,5637
7/23/09,5666.5,5765.5,5637.2,5765.5,84618800,5765.5
7/24/09,5734.4,5788.1,5723.1,5760.9,72840800,5760.9
7/27/09,5803,5807.8,5749.6,5774.9,53574800,5774.9
7/28/09,5802.6,5826,5749.7,5762.8,56695000,5762.8
7/29/09,5756.7,5811.7,5754.8,5787.2,55648000,5787.2
7/30/09,5817.5,5936.6,5814.8,5932.6,67094800,5932.6
7/31/09,5912.8,5978,5910.5,5950.7,83850000,5950.7
8/3/09,5954.7,6002.2,5952.5,5967.4,77768000,5967.4
8/4/09,5964.4,5978.1,5896.9,5939.8,78736600,5939.8
8/5/09,5927.7,5959.3,5893.2,5911.9,58931800,5911.9
8/6/09,5959.3,6000.1,5940.3,5968.1,58919200,5968.1
8/7/09,5933.7,6026.8,5902.9,6026.4,66809000,6026.4
8/10/09,5998.6,6015.7,5984.9,6007.5,37271400,6007.5
8/11/09,6003.5,6016.8,5939.1,5950,54400600,5950
8/12/09,5919.2,5966.5,5873.5,5962.5,89929600,5962.5
8/13/09,5968.9,6014.1,5965,5986.7,100773100,5986.7
8/14/09,6002.9,6040.1,5955.9,5985.3,67628400,5985.3
8/17/09,5938.4,5945.4,5860.8,5883.7,60338400,5883.7
8/18/09,5905.6,5953.8,5883.8,5953.8,50356300,5953.8
8/19/09,5920.5,5989,5897.7,5980.8,70757800,5980.8
8/20/09,6019.5,6067.6,6016.9,6032,109981300,6032
8/21/09,6036.1,6149.6,6034.8,6139.8,113925300,6139.8
8/24/09,6175.5,6205.1,6152.9,6194.4,75032000,6194.4
8/25/09,6153.4,6222.3,6145.7,6200.9,57909400,6200.9
8/26/09,6187.8,6216.9,6162.5,6177,55481600,6177
8/27/09,6165.7,6189,6131.4,6169.2,66639000,6169.2
8/28/09,6203.5,6262.3,6188.2,6211.6,66067900,6211.6
8/31/09,6173.3,6223.3,6165.1,6217.1,70363600,6217.1
9/1/09,6249.8,6251.8,6123.4,6128.2,72396800,6128.2
9/2/09,6106.4,6121.1,6036.1,6089.2,74995200,6089.2
9/3/09,6095.6,6100.6,6048.6,6073.7,65952000,6073.7
9/4/09,6099.5,6131.3,6086.9,6119.1,53174800,6119.1
9/7/09,6170.8,6193.5,6155.8,6182,37248600,6182
9/8/09,6202.6,6214.1,6164.4,6194.7,48120400,6194.7
9/9/09,6171,6202,6152.6,6202,61714400,6202
9/10/09,6233.5,6236.2,6174.9,6208.4,64832900,6208.4
9/11/09,6227.7,6241.1,6203.4,6233,56255200,6233
9/14/09,6186.8,6230.9,6159.4,6225.6,43664600,6225.6
9/15/09,6226.4,6236.9,6192.9,6213.2,49771800,6213.2
9/16/09,6224.2,6319.4,6224.2,6299.9,57611200,6299.9
9/17/09,6345.6,6347.3,6299.5,6317.7,77311600,6317.7
9/18/09,6310.6,6355.6,6304.6,6325.1,139886000,6325.1
9/21/09,6320.3,6329.8,6273.4,6306.2,46548000,6306.2
9/22/09,6322.6,6394.6,6322,6340.7,54710600,6340.7
9/23/09,6340.4,6385.1,6337.1,6349.8,46317700,6349.8
9/24/09,6313.6,6352,6258.9,6275.4,59217200,6275.4
9/25/09,6271.8,6274.5,6212,6236.9,55447600,6236.9
9/28/09,6208.1,6292.6,6162,6289.3,50564600,6289.3
9/29/09,6306.5,6331,6266.7,6316.7,45940900,6316.7
9/30/09,6319.8,6356.7,6275.2,6323.2,63540900,6323.2
10/1/09,6332.8,6367.2,6240.4,6255.2,89792800,6255.2
10/2/09,6210.4,6217.2,6108.3,6150.2,80428100,6150.2
10/5/09,6139.3,6190,6126.7,6162.9,45513300,6162.9
10/6/09,6201.2,6293.3,6174.5,6277.2,61794600,6277.2
10/7/09,6254.3,6296.7,6244.4,6260.1,52347200,6260.1
10/8/09,6317.7,6330.4,6271.6,6305.8,55664400,6305.8
10/9/09,6294.3,6329.8,6271.4,6291.6,46393300,6291.6
10/12/09,6313.8,6404.2,6310,6377.8,49539500,6377.8
10/13/09,6374.9,6389.3,6309.6,6321.3,50368800,6321.3
10/14/09,6372.1,6424.9,6359.3,6405.9,72266200,6405.9
10/15/09,6400.3,6413.8,6361.8,6383.2,65790600,6383.2
10/16/09,6415.2,6434.3,6310.7,6345.3,59802300,6345.3
10/19/09,6382.5,6444.5,6380.2,6436.4,50020100,6436.4
10/20/09,6448,6467.3,6408,6427.3,56558300,6427.3
10/21/09,6427.4,6458.7,6346.3,6434.7,69681300,6434.7
10/22/09,6370.6,6440.4,6332.5,6405.9,76389900,6405.9
10/23/09,6454.8,6473.6,6371.8,6378.1,61353400,6378.1
10/26/09,6405.4,6409.6,6291.6,6303.4,57731600,6303.4
10/27/09,6318.3,6393.9,6296.4,6368,75348500,6368
10/28/09,6353.4,6357.6,6268.7,6279.9,86446800,6279.9
10/29/09,6234.1,6357.4,6222.5,6351.3,84519100,6351.3
10/30/09,6365.6,6395.2,6275.6,6285.8,76290900,6285.8
11/2/09,6256.4,6312.5,6231.8,6291.2,58592400,6291.2
11/3/09,6229,6236,6146.1,6213.4,109723900,6213.4
11/4/09,6238.4,6280.8,6220,6267.1,67905200,6267.1
11/5/09,6204.3,6306.6,6195.7,6285.2,62099900,6285.2
11/6/09,6286.6,6317.1,6229,6293.6,59614600,6293.6
11/9/09,6352,6391.4,6341.9,6385.1,50743900,6385.1
11/10/09,6392.7,6399.4,6360.8,6369.1,42475400,6369.1
11/11/09,6415.6,6423.2,6356.6,6374.7,52322400,6374.7
11/12/09,6348.9,6378.1,6332,6355.8,24041700,6355.8
11/13/09,6330.9,6356.5,6296.8,6351.1,61035000,6351.1
11/16/09,6385.7,6434.9,6384,6422.8,54137800,6422.8
11/17/09,6410,6423.2,6367.8,6376.4,67769000,6376.4
11/18/09,6399.5,6432.6,6369,6369,53505500,6369
11/19/09,6347.5,6353.1,6274.2,6286.8,60394900,6286.8
11/20/09,6298.1,6318.9,6233.4,6277.5,74185500,6277.5
11/23/09,6321.3,6429.3,6319.7,6410.2,53925700,6410.2
11/24/09,6371.6,6437.9,6366.3,6397.5,57719500,6397.5
11/25/09,6440.6,6445.2,6397.4,6422.2,55443300,6422.2
11/26/09,6391.6,6394.4,6262.7,6283.4,74016800,6283.4
11/27/09,6182.9,6365.3,6179.3,6336.7,71902100,6336.7
11/30/09,6359.9,6364.3,6261,6261,73163500,6261
12/1/09,6308.2,6380.9,6308.2,6372.1,57421600,6372.1
12/2/09,6370.9,6422.7,6364.6,6386.5,58357900,6386.5
12/3/09,6423.7,6482.1,6417.1,6444.1,57748200,6444.1
12/4/09,6412.6,6521.1,6397.1,6501.2,72241000,6501.2
12/7/09,6481.7,6496.6,6446,6470.6,43561900,6470.6
12/8/09,6457.1,6506.8,6372.8,6399.7,65544500,6399.7
12/9/09,6372.7,6411.7,6331.8,6351.7,60693800,6351.7
12/10/09,6360.5,6435,6350.9,6410.6,64477400,6410.6
12/11/09,6440.5,6457.4,6411.6,6411.6,54277700,6411.6
12/14/09,6462.1,6465.3,6411.8,6433.1,45106200,6433.1
12/15/09,6452.4,6460.2,6422.1,6439.4,47241800,6439.4
12/16/09,6437,6532.3,6435.6,6532.3,62151500,6532.3
12/17/09,6500.8,6539.5,6476,6489.2,61612300,6489.2
12/18/09,6517,6532.5,6464,6464.3,97561700,6464.3
12/21/09,6493,6526.1,6472.8,6504.4,41629700,6504.4
12/22/09,6526.7,6592,6526.7,6582.9,37090500,6582.9
12/23/09,6608.6,6608.6,6556.4,6580,30464800,6580
12/24/09,6580,6580,6580,6580,22456500,6580
12/28/09,6603.4,6606,6582.6,6591,22456500,6591
12/29/09,6601.2,6615.5,6586.8,6608.5,22307600,6608.5
12/30/09,6606.1,6609.7,6530.9,6545.9,22538800,6545.9
12/31/09,6545.9,6545.9,6545.9,6545.9,5915000,6545.9
1/4/10,6578.5,6631.4,6576,6631.4,59150000,6631.4
1/5/10,6620.7,6622.4,6547.4,6579.3,65848500,6579.3
1/6/10,6598.2,6607.8,6550.1,6559.4,52305400,6559.4
1/7/10,6536.5,6574.2,6494.9,6555.4,64539000,6555.4
1/8/10,6574.7,6635.8,6574,6617.9,74761300,6617.9
1/11/10,6652.8,6666.5,6592.3,6592.3,57253200,6592.3
1/12/10,6596.7,6608.8,6517.3,6541.9,60437600,6541.9
1/13/10,6508.2,6573.1,6507.9,6554.5,58378400,6554.5
1/14/10,6588.8,6646.5,6573.6,6627.4,53709100,6627.4
1/15/10,6637.4,6664.5,6562.1,6576,80851500,6576
1/18/10,6618.2,6624.4,6589.9,6603.8,49263200,6603.8
1/19/10,6595,6639,6518.8,6633.9,70931200,6633.9
1/20/10,6615,6657.5,6575.6,6586.5,70082700,6586.5
1/21/10,6625.2,6666.2,6576.3,6579,82147100,6579
1/22/10,6541.8,6556.2,6449.2,6494,120342100,6494
1/25/10,6456.4,6508.9,6441.6,6451.3,78208000,6451.3
1/26/10,6404.1,6484.2,6386,6484.2,77244200,6484.2
1/27/10,6428.2,6501.2,6423.9,6473,85880000,6473
1/28/10,6543.6,6551.1,6442.4,6442.4,81859500,6442.4
1/29/10,6456.1,6473.6,6404.2,6440.7,71471700,6440.7
2/1/10,6408.7,6496.3,6403.6,6496.3,64258900,6496.3
2/2/10,6515,6572.8,6491.7,6550.1,65637300,6550.1
2/3/10,6552.7,6564.2,6523.3,6553.8,69786700,6553.8
2/4/10,6557.4,6569.5,6389.7,6396.5,85732300,6396.5
2/5/10,6357.6,6383.1,6245.6,6264.3,114929400,6264.3
2/8/10,6278.2,6362.1,6240.2,6347.1,75143900,6347.1
2/9/10,6341.9,6371.8,6298.7,6314.8,91364700,6314.8
2/10/10,6364.2,6386.9,6313.4,6334,79111100,6334
2/11/10,6378.5,6426.2,6353.2,6403.4,84082800,6403.4
2/12/10,6439.2,6465.9,6378.7,6416.2,65338400,6416.2
2/15/10,6450,6464.4,6431.5,6440.8,37702000,6440.8
2/16/10,6485.2,6516.8,6436.8,6497.7,61431700,6497.7
2/17/10,6548.4,6578.6,6534.2,6567.6,68094000,6567.6
2/18/10,6583.5,6638.2,6572.7,6637.3,77194800,6637.3
2/19/10,6591,6720.9,6588.8,6709.7,216184700,6709.7
2/22/10,6733.9,6735.4,6679.8,6687.4,52837800,6687.4
2/23/10,6698.1,6715.6,6642.2,6649.1,63209300,6649.1
2/24/10,6664.7,6695.9,6638.6,6688,53921600,6688
2/25/10,6674.7,6701.1,6614.6,6644,57335600,6644
2/26/10,6688.3,6711.2,6654.1,6711,59336300,6711
3/1/10,6756.3,6791.5,6745,6791.5,59952600,6791.5
3/2/10,6780.5,6833.6,6751.6,6820,66730400,6820
3/3/10,6806.8,6824,6781.3,6813.2,62165700,6813.2
3/4/10,6775.8,6813,6760,6804.9,61770100,6804.9
3/5/10,6809.4,6855.1,6787.5,6847.8,69474700,6847.8
3/8/10,6865.3,6873.2,6823.4,6851.2,51585100,6851.2
3/9/10,6864.4,6874.1,6831,6868.3,54774700,6868.3
3/10/10,6876.2,6891.8,6845.9,6873.6,46292200,6873.6
3/11/10,6860,6881.8,6828,6851.7,47464200,6851.7
3/12/10,6867,6873,6825.3,6836.6,51408400,6836.6
3/15/10,6832.2,6856.3,6821.6,6825.1,41996000,6825.1
3/16/10,6860.9,6886.2,6854.5,6874.4,50395900,6874.4
3/17/10,6900.9,6913.2,6879.4,6892,53895700,6892
3/18/10,6876.9,6900.5,6874,6897.7,43541500,6897.7
3/19/10,6938.5,6943.5,6866.4,6880.8,131930200,6880.8
3/22/10,6846.6,6867.5,6797.7,6866.4,52920500,6866.4
3/23/10,6869.5,6917.5,6860.9,6877.2,44372500,6877.2
3/24/10,6898.5,6904.7,6841.5,6880,41889900,6880
3/25/10,6884.5,6904.5,6871.4,6894.2,45791400,6894.2
3/26/10,6886,6892.5,6822.7,6839,44019600,6839
3/29/10,6847.1,6860.4,6822,6850.6,38339900,6850.6
3/30/10,6882.6,6904.6,6867.8,6871.4,67004800,6871.4
3/31/10,6870.2,6906.6,6847.4,6873.4,53484100,6873.4
4/1/10,6876.9,6900.7,6857.6,6888.9,54007200,6888.9
4/5/10,6888.9,6888.9,6888.9,6888.9,55723400,6888.9
4/6/10,6928.3,6934.4,6860.1,6886.2,55723400,6886.2
4/7/10,6882.9,6885.9,6842,6843.5,50214600,6843.5
4/8/10,6808.4,6814.8,6753.8,6791,61046600,6791
4/9/10,6824.5,6894.2,6818.6,6889,44071100,6889
4/12/10,6906,6943.1,6901.7,6911,53974400,6911
4/13/10,6893.7,6912.1,6865.6,6885.9,41527500,6885.9
4/14/10,6921.6,6933.2,6886.7,6916.6,52167100,6916.6
4/15/10,6951.3,6990.7,6921.1,6967.6,54523600,6967.6
4/16/10,6966.7,6981.3,6869.1,6893.7,101675600,6893.7
4/19/10,6816.4,6842.8,6775.2,6803.7,70625700,6803.7
4/20/10,6838.8,6891.5,6828.7,6841.9,64834800,6841.9
4/21/10,6876.4,6876.4,6802.4,6814.7,57574900,6814.7
4/22/10,6800.1,6830,6698,6720.1,105824700,6720.1
4/23/10,6734.7,6780.6,6703.3,6768,64365500,6768
4/26/10,6821.6,6828.8,6796.5,6803.7,49522500,6803.7
4/27/10,6792.8,6800.1,6667.5,6667.5,63962500,6667.5
4/28/10,6608.5,6653.2,6555.9,6576.4,94551500,6576.4
4/29/10,6618.5,6681.6,6589.6,6665.8,66850100,6665.8
4/30/10,6647.4,6683.7,6591.1,6616.8,65949600,6616.8
5/3/10,6604.1,6612.5,6574.3,6607.7,37977700,6607.7
5/4/10,6626.1,6641.2,6477.3,6488.4,92186200,6488.4
5/5/10,6499.6,6510.6,6409.3,6448.5,98458200,6448.5
5/6/10,6405,6489.8,6368.4,6387.5,92515000,6387.5
5/7/10,6385.5,6385.5,6148.2,6205.6,141599200,6205.6
5/10/10,6207.4,6493,6207.4,6482,121195200,6482
5/11/10,6420.2,6509.6,6415.9,6509,64910400,6509
5/12/10,6504.9,6612.2,6481,6575,74586600,6575
5/13/10,6575,6575,6575,6575,77139400,6575
5/14/10,6572.1,6578.4,6424.5,6428.7,77139400,6428.7
5/17/10,6387.1,6495.3,6385.9,6428.9,71400100,6428.9
5/18/10,6486,6503.2,6432.9,6470.8,58955400,6470.8
5/19/10,6415.5,6445.2,6345.2,6374.4,79523500,6374.4
5/20/10,6419.9,6437.7,6198.8,6262.4,93363500,6262.4
5/21/10,6231.3,6251.3,6116.7,6206.6,133035500,6206.6
5/25/10,6069.5,6112.3,6029.2,6091.5,92044500,6091.5
5/26/10,6170.5,6230.4,6129.3,6167.5,73046900,6167.5
5/27/10,6206.8,6312.5,6171,6305.2,66693200,6305.2
5/28/10,6345.3,6369.5,6313.1,6321.9,53608700,6321.9
5/31/10,6323.2,6352,6312.6,6312.6,20768200,6312.6
6/1/10,6295.1,6362.7,6224.3,6316.6,52983600,6316.6
6/2/10,6285.4,6368.8,6274.2,6368.8,48557800,6368.8
6/3/10,6442.5,6476.2,6414,6418.8,50532200,6418.8
6/4/10,6454.1,6464,6298.9,6299,65829100,6299
6/7/10,6249.1,6338.9,6234.5,6291,52852100,6291
6/8/10,6311.6,6318.1,6207.8,6246.2,68842800,6246.2
6/9/10,6282.8,6319.2,6224.9,6319.2,56144100,6319.2
6/10/10,6306.3,6397,6290.7,6376.7,58919200,6376.7
6/11/10,6419,6452.4,6385.5,6426.7,69706600,6426.7
6/14/10,6479.9,6482.4,6440.7,6472.1,46047000,6472.1
6/15/10,6451.8,6512.3,6446.4,6484.7,61233300,6484.7
6/16/10,6508.3,6511.6,6453.1,6490.1,47773200,6490.1
6/17/10,6484.4,6506.6,6458.4,6475.3,54657900,6475.3
6/18/10,6498.8,6498.8,6434.7,6447.1,122744800,6447.1
6/21/10,6521.1,6534.9,6503.5,6519.6,47571400,6519.6
6/22/10,6491.5,6512.7,6444.5,6463.5,47211800,6463.5
6/23/10,6407.5,6445,6365.9,6381.9,46073500,6381.9
6/24/10,6401.5,6402.8,6317.3,6320.6,49979700,6320.6
6/25/10,6325.5,6356.4,6260.9,6275.4,45687600,6275.4
6/28/10,6306.3,6321.6,6267.1,6311.1,42339000,6311.1
6/29/10,6255.9,6270.5,6120.3,6144.5,63552300,6144.5
6/30/10,6150.9,6171,6108,6128.1,65357800,6128.1
7/1/10,6042.1,6081,5952.9,5981.7,72533300,5981.7
7/2/10,6002.3,6017.2,5957.7,5974.3,56237400,5974.3
7/5/10,5981,5994.2,5935,5942.3,35439800,5942.3
7/6/10,5950.8,6084.9,5937.7,6063.1,53841600,6063.1
7/7/10,6019.6,6099.2,5995.5,6099.2,50757600,6099.2
7/8/10,6157,6186.8,6131.4,6155.7,54769200,6155.7
7/9/10,6189.9,6220.1,6155.4,6210.5,38396800,6210.5
7/12/10,6218.8,6252.1,6190.6,6228.3,32459600,6228.3
7/13/10,6241.4,6307.5,6220.7,6298.6,42118700,6298.6
7/14/10,6327.2,6332.3,6259.3,6332.3,41628500,6332.3
7/15/10,6328.2,6364.7,6259.7,6291.1,55956000,6291.1
7/16/10,6300.8,6314.4,6158.6,6184.4,73059500,6184.4
7/19/10,6152.5,6207.1,6142,6156.6,36729200,6156.6
7/20/10,6179.2,6181.8,6068.9,6123.4,41934800,6123.4
7/21/10,6151.1,6174.6,6132.7,6132.7,57716000,6132.7
7/22/10,6109.1,6218.7,6101.5,6194.2,63001100,6194.2
7/23/10,6170,6203.2,6146.4,6201.3,45514100,6201.3
7/26/10,6219.4,6223.3,6142.7,6199.5,49635100,6199.5
7/27/10,6239.9,6290,6216.2,6275.2,102789200,6275.2
7/28/10,6305.3,6325.6,6262.7,6277.5,65040300,6277.5
7/29/10,6294.2,6307.3,6218.4,6220.6,49707300,6220.6
7/30/10,6205.2,6234.8,6162.1,6200.8,57647900,6200.8
8/2/10,6243.7,6338.5,6230.9,6321.6,48566800,6321.6
8/3/10,6333.7,6348.9,6294.9,6337.7,44720800,6337.7
8/4/10,6328.5,6386.6,6299.1,6380.3,42294500,6380.3
8/5/10,6381.3,6408.9,6361.6,6374.9,49199800,6374.9
8/6/10,6387.6,6409.8,6283.8,6321.4,52866100,6321.4
8/9/10,6375.1,6396.3,6362.8,6391.7,32243600,6391.7
8/10/10,6387.4,6403.2,6354.8,6395,44598000,6395
8/11/10,6366.6,6384.6,6254.7,6265.8,64733300,6265.8
8/12/10,6264,6317.1,6237.7,6279.4,52008800,6279.4
8/13/10,6319.2,6321.6,6238.1,6294.3,40167600,6294.3
8/16/10,6300.6,6332.3,6241.7,6285.7,36115300,6285.7
8/17/10,6302.6,6361,6292.9,6359.7,40820800,6359.7
8/18/10,6349.2,6377.3,6330.3,6362.9,36785600,6362.9
8/19/10,6394.8,6400.6,6265.3,6281.4,52245400,6281.4
8/20/10,6281.3,6286.5,6172.7,6185.8,53812400,6185.8
8/23/10,6195,6243,6178.2,6209.5,36873400,6209.5
8/24/10,6173.4,6181.3,6096.4,6144.1,56941000,6144.1
8/25/10,6117.1,6152.1,6047.2,6098.6,61062200,6098.6
8/26/10,6140,6154,6110.4,6131.8,42282600,6131.8
8/27/10,6120.3,6189,6105.3,6183.1,43496800,6183.1
8/30/10,6215.8,6232.2,6187.6,6205.2,26564000,6205.2
8/31/10,6126.4,6186.4,6124.9,6180.9,49042900,6180.9
9/1/10,6206.3,6333.9,6196.6,6332.4,60378200,6332.4
9/2/10,6322.1,6342,6308.1,6333.6,44295900,6333.6
9/3/10,6356.4,6427.5,6334.9,6400.7,55089400,6400.7
9/6/10,6429.5,6431,6409.9,6418.3,30052800,6418.3
9/7/10,6403.5,6406.6,6328.2,6360.2,39323200,6360.2
9/8/10,6340.4,6393.8,6300.6,6387,50924100,6387
9/9/10,6362.3,6426.7,6352.8,6425.3,44354300,6425.3
9/10/10,6413,6468.6,6404.7,6467.7,44377100,6467.7
9/13/10,6493.7,6503.1,6467.1,6471.8,47199200,6471.8
9/14/10,6467.1,6484.6,6431.7,6466.3,46862800,6466.3
9/15/10,6467.6,6473.9,6417.8,6434,47757500,6434
9/16/10,6427.3,6449.5,6418.4,6424.2,44130300,6424.2
9/17/10,6459.4,6485.6,6382.9,6389,88365600,6389
9/20/10,6415,6477.5,6412.2,6462,44680500,6462
9/21/10,6439.1,6481.1,6420.4,6420.4,47774700,6420.4
9/22/10,6440.2,6443.2,6344.4,6344.9,53641500,6344.9
9/23/10,6370.8,6379.5,6271.8,6303.2,59270100,6303.2
9/24/10,6294.1,6367.1,6271.7,6360.8,59118800,6360.8
9/27/10,6370.4,6393.3,6338.9,6338.9,44246500,6338.9
9/28/10,6302.7,6374.3,6259,6334.4,59172200,6334.4
9/29/10,6354.1,6378.6,6304.2,6311.6,63288100,6311.6
9/30/10,6285,6368.5,6276.4,6296.3,74028100,6296.3
10/1/10,6295.8,6323.7,6263.9,6284.2,61026900,6284.2
10/4/10,6283.8,6290,6242.4,6248.8,43892700,6248.8
10/5/10,6238.2,6336.5,6228.3,6313.9,53152500,6313.9
10/6/10,6340.1,6375.8,6332.2,6351,52205500,6351
10/7/10,6359.2,6404.8,6323.8,6375.6,50015600,6375.6
10/8/10,6361.5,6372.7,6321.6,6363.2,47597000,6363.2
10/11/10,6387.1,6390.9,6362.1,6386.2,32767400,6386.2
10/12/10,6341.1,6384.1,6312.6,6375.3,49429200,6375.3
10/13/10,6404,6486,6396.4,6455.1,59376100,6455.1
10/14/10,6459.5,6480.8,6426.1,6441,51054200,6441
10/15/10,6454,6468.9,6413.3,6443,51818400,6443
10/18/10,6420.6,6482.8,6418.3,6470.3,37168800,6470.3
10/19/10,6464.9,6508.8,6449.2,6472,51805700,6472
10/20/10,6455.4,6490.7,6449.2,6477.2,40811700,6477.2
10/21/10,6450.8,6530.3,6445.9,6512.2,63632200,6512.2
10/22/10,6497,6508.4,6477.1,6477.1,45510400,6477.1
10/25/10,6509.2,6530.3,6490.1,6513.6,40282400,6513.6
10/26/10,6485.6,6505.8,6444.1,6476.6,74425700,6476.6
10/27/10,6460.1,6518.8,6445.9,6479.2,54650100,6479.2
10/28/10,6513.7,6537.4,6480.6,6484.7,58672800,6484.7
10/29/10,6492.7,6504.1,6450.5,6472.2,51488700,6472.2
11/1/10,6500.4,6517.1,6463.4,6504.7,46075400,6504.7
11/2/10,6502.5,6555.2,6501.9,6541.5,39970400,6541.5
11/3/10,6560,6571.6,6512.6,6513,48636200,6513
11/4/10,6567.6,6614.3,6563.1,6595.6,61615000,6595.6
11/5/10,6603.4,6612.8,6570.3,6587.7,57840200,6587.7
11/8/10,6589.3,6608.2,6585.2,6600.4,38437100,6600.4
11/9/10,6596.3,6615.4,6577.4,6581.9,42228400,6581.9
11/10/10,6559.9,6585.6,6515.9,6539.8,55474100,6539.8
11/11/10,6554.4,6554.4,6506,6517,45088000,6517
11/12/10,6453.2,6534.3,6431.8,6505.3,59737500,6505.3
11/15/10,6479.9,6532.1,6476.2,6526.2,15596500,6526.2
11/16/10,6529,6545.7,6474.9,6476.5,56012500,6476.5
11/17/10,6472.1,6524.4,6466.5,6495,49844400,6495
11/18/10,6532.6,6621.5,6527.4,6613.4,49923000,6613.4
11/19/10,6633.4,6639,6559.7,6590.8,50963300,6590.8
11/22/10,6616.4,6622,6524.7,6532.6,48604000,6532.6
11/23/10,6491.2,6501.7,6393.8,6393.8,68997500,6393.8
11/24/10,6423.7,6461.3,6382.1,6449.8,55214500,6449.8
11/25/10,6450.1,6507.3,6442.2,6502.1,40814200,6502.1
11/26/10,6471.4,6501.8,6418.8,6483.6,52744100,6483.6
11/29/10,6512.7,6553.8,6397.5,6397.5,57088800,6397.5
11/30/10,6404.2,6408.1,6308,6312.4,92354200,6312.4
12/1/10,6334.7,6419.4,6334.7,6409.7,62442600,6409.7
12/2/10,6437.7,6488,6401.7,6483.4,66155800,6483.4
12/3/10,6476.2,6488,6416.6,6440.9,50676600,6440.9
12/6/10,6439.2,6442.7,6395.9,6412.2,42585200,6412.2
12/7/10,6431.4,6510.2,6431.4,6462.5,50193800,6462.5
12/8/10,6479.9,6526.9,6476.8,6508.1,45537800,6508.1
12/9/10,6530.4,6565.2,6526.2,6537.6,50580400,6537.6
12/10/10,6540.9,6541.4,6504.6,6519.1,36773200,6519.1
12/13/10,6538.1,6550.9,6519.1,6519.1,34413100,6519.1
12/14/10,6525.1,6547.4,6518.3,6545.8,38591700,6545.8
12/15/10,6547.2,6618.4,6547.1,6560.4,67235000,6560.4
12/16/10,6566.5,6571.5,6535.4,6566.2,47868800,6566.2
12/17/10,6566,6569.2,6520.3,6538.2,96476600,6538.2
12/20/10,6531,6568.6,6521.3,6521.3,34413600,6521.3
12/21/10,6542.9,6565.5,6537.9,6558.2,36144600,6558.2
12/22/10,6558.4,6579.8,6542.3,6553.7,35903200,6553.7
12/23/10,6571,6599.5,6558.1,6573.3,24533300,6573.3
12/24/10,6599.4,6599.4,6599.4,6599.4,15960200,6599.4
12/27/10,6606.8,6606.8,6548.4,6568.2,15960200,6568.2
12/28/10,6585,6590.6,6568.2,6569.1,11399600,6569.1
12/29/10,6582.7,6588.3,6549.7,6566.6,15807200,6566.6
12/30/10,6566.9,6570.7,6436,6436,29023400,6436
12/31/10,6436,6436,6436,6436,26864100,6436
1/3/11,6473.7,6508.4,6472.9,6493.9,26864100,6493.9
1/4/11,6502.3,6530.8,6481.6,6494.3,47544000,6494.3
1/5/11,6485.9,6519.3,6424.9,6519.3,56329700,6519.3
1/6/11,6550.6,6588.2,6521.2,6532.8,53993000,6532.8
1/7/11,6543.5,6559.6,6489.2,6497.6,51535600,6497.6
1/10/11,6485.7,6498,6426.8,6446.3,41113600,6446.3
1/11/11,6454.4,6542.6,6451.1,6534.8,47009000,6534.8
1/12/11,6555.9,6617.9,6554.4,6613.8,71353300,6613.8
1/13/11,6608.4,6613.2,6559.9,6562.5,69922600,6562.5
1/14/11,6552,6561.3,6501.1,6556.1,53974700,6556.1
1/17/11,6570.1,6588.1,6553.1,6578.2,48881000,6578.2
1/18/11,6593.3,6656.3,6593.2,6634.9,56323800,6634.9
1/19/11,6659.2,6659.9,6556.8,6559.7,62778700,6559.7
1/20/11,6535,6543.8,6471.9,6513.5,73331900,6513.5
1/21/11,6529.6,6595.7,6517,6567.3,77789100,6567.3
1/24/11,6586.4,6612.5,6547.7,6603.8,47232000,6603.8
1/25/11,6618.1,6623.4,6578.3,6580.3,52583800,6580.3
1/26/11,6602.3,6615.9,6579.7,6593,49981800,6593
1/27/11,6563.1,6585.8,6541.3,6562.4,64417000,6562.4
1/28/11,6548,6593.2,6528.1,6528.1,53977500,6528.1
1/31/11,6511.2,6514.2,6467.3,6479.1,49765700,6479.1
2/1/11,6517.8,6571.6,6492.8,6555.3,54272600,6555.3
2/2/11,6546.6,6587.2,6512.2,6553.7,53434500,6553.7
2/3/11,6547.7,6564.3,6519.7,6544.9,45143300,6544.9
2/4/11,6571.6,6589.1,6552.9,6584.4,51529900,6584.4
2/7/11,6608.7,6653.5,6598.3,6611.1,47411400,6611.1
2/8/11,6608.4,6638.9,6603.8,6638.7,66384800,6638.7
2/9/11,6645,6658.2,6621.6,6631.6,65954300,6631.6
2/10/11,6609.7,6618,6566,6612.1,72224700,6612.1
2/11/11,6600.9,6670,6580.8,6665.2,57991500,6665.2
2/14/11,6693.7,6700.3,6662.6,6666.1,53749500,6666.1
2/15/11,6667.9,6697,6665,6690.9,51732000,6690.9
2/16/11,6698.6,6721.8,6684.4,6711.6,74960100,6711.6
2/17/11,6723.7,6736.5,6674.9,6706.5,76193800,6706.5
2/18/11,6721.6,6727.3,6687.7,6717.3,153979700,6717.3
2/21/11,6716,6739.1,6678.3,6683.9,44707200,6683.9
2/22/11,6648.6,6650.4,6607.9,6622.5,56527600,6622.5
2/23/11,6594.8,6650,6589.9,6622.8,60178500,6622.8
2/24/11,6557.7,6562.1,6498.3,6516,59428500,6516
2/25/11,6533,6565,6515.3,6537.2,37304900,6537.2
2/28/11,6530.1,6633.3,6523.3,6610.4,52133700,6610.4
3/1/11,6638.3,6667.1,6606.5,6619.4,52818500,6619.4
3/2/11,6570.7,6607.4,6540.9,6592.1,56892400,6592.1
3/3/11,6604.8,6626.3,6576.4,6599.2,56852900,6599.2
3/4/11,6619.2,6620.9,6524.3,6530.5,59940500,6530.5
3/7/11,6509.4,6558.5,6482.8,6495.5,48419300,6495.5
3/8/11,6522.4,6551.9,6480.3,6511.2,50047900,6511.2
3/9/11,6515.7,6521.7,6444.6,6446.6,57393300,6446.6
3/10/11,6412.5,6440.9,6392.1,6404.6,69726800,6404.6
3/11/11,6346,6384.2,6340,6353.8,64239000,6353.8
3/14/11,6307.4,6341.5,6274.5,6274.5,73394700,6274.5
3/15/11,6153.5,6174.7,6007.3,6101,140336800,6101
3/16/11,6121.9,6144.1,6000.1,6021.5,92168300,6021.5
3/17/11,6029.1,6097.4,6000.1,6073.4,82408600,6073.4
3/18/11,6106.2,6141.3,6082.9,6098,137526900,6098
3/21/11,6164.8,6228,6154.4,6223.9,54188000,6223.9
3/22/11,6232.9,6251.9,6207.9,6227,51984200,6227
3/23/11,6200.6,6263.7,6199.8,6256.1,41911800,6256.1
3/24/11,6243,6322.1,6235.8,6319.2,51099200,6319.2
3/25/11,6346.1,6373.7,6324,6352.3,44373100,6352.3
3/28/11,6361.8,6382.8,6347.3,6359,38760300,6359
3/29/11,6371.9,6380.9,6329.6,6355.1,49460600,6355.1
3/30/11,6390.6,6413.8,6387.2,6398.4,45237700,6398.4
3/31/11,6401.1,6402.6,6357.5,6357.5,49082600,6357.5
4/1/11,6391.8,6447.1,6383.8,6439.9,53770400,6439.9
4/4/11,6423.9,6432.2,6402.3,6414.6,41138500,6414.6
4/5/11,6421.8,6437.9,6397.8,6430.3,44072700,6430.3
4/6/11,6449.8,6459.9,6423.2,6443.1,48387100,6443.1
4/7/11,6457.5,6507.8,6456,6465.6,57799300,6465.6
4/8/11,6488.8,6495.7,6453.5,6457.9,40027500,6457.9
4/11/11,6446.1,6461.6,6431.8,6440.1,32693800,6440.1
4/12/11,6393.4,6407.9,6341.1,6351.6,48962100,6351.6
4/13/11,6371.1,6407.4,6355.3,6364.3,44738800,6364.3
4/14/11,6337.9,6391.4,6337.9,6357,50327500,6357
4/15/11,6385.4,6402.1,6363.3,6400.3,111478000,6400.3
4/18/11,6363.8,6366.7,6220.5,6245,71720200,6245
4/19/11,6267.3,6365.9,6266.2,6326.6,61894300,6326.6
4/20/11,6388.8,6453.9,6387.6,6444.8,54732700,6444.8
4/21/11,6475.5,6479,6444.2,6457.2,47248500,6457.2
4/25/11,6457.2,6457.2,6457.2,6457.2,57446700,6457.2
4/26/11,6468.4,6498.5,6464.4,6476.6,57446700,6476.6
4/27/11,6491.6,6510.3,6456.3,6472.4,58174400,6472.4
4/28/11,6503,6516.8,6482.1,6516.2,61205500,6516.2
4/29/11,6535,6555.7,6528.1,6539.7,31600000,6539.7
5/2/11,6568.5,6569.5,6539.1,6544.7,34400000,6544.7
5/3/11,6519.2,6533.6,6489.7,6510.6,54279300,6510.6
5/4/11,6503.5,6547.4,6461.4,6470.4,59944900,6470.4
5/5/11,6481.2,6485.1,6396.8,6450,57440600,6450
5/6/11,6465.5,6545.3,6449.1,6526.5,53407700,6526.5
5/9/11,6506.4,6526.9,6464.5,6476.9,47152600,6476.9
5/10/11,6495.1,6549.4,6481.9,6526.2,51796800,6526.2
5/11/11,6549.3,6575.6,6537.8,6562.8,46372100,6562.8
5/12/11,6516.8,6562.6,6510.4,6562.6,56474700,6562.6
5/13/11,6592.6,6602.1,6562.9,6563.3,53725000,6563.3
5/16/11,6546.7,6578.6,6510.6,6564.1,47763200,6564.1
5/17/11,6555.8,6560.5,6486.6,6496.6,54895500,6496.6
5/18/11,6535.8,6541.9,6514.6,6535.2,39281800,6535.2
5/19/11,6562.8,6577.3,6506.4,6558,52568600,6558
5/20/11,6591.3,6604.5,6517.3,6530.6,72396300,6530.6
5/23/11,6472.3,6482.6,6430.7,6437.8,50613100,6437.8
5/24/11,6438.8,6466.5,6437.6,6454.3,43301500,6454.3
5/25/11,6426.2,6478.5,6417,6464.5,46079800,6464.5
5/26/11,6487.7,6492.1,6449.8,6469.2,53274500,6469.2
5/27/11,6511.2,6521.7,6479.4,6489.3,47795000,6489.3
5/30/11,6484.7,6500.9,6469.1,6470.8,17960400,6470.8
5/31/11,6532.3,6575.8,6521.3,6554.7,67053500,6554.7
6/1/11,6566.2,6567.3,6480.5,6496.5,50390000,6496.5
6/3/11,6416.9,6449,6387,6407.4,52243700,6407.4
6/6/11,6386.7,6409.6,6353.3,6370.1,37988300,6370.1
6/7/11,6352.9,6377.9,6324.4,6330.6,44547200,6330.6
6/8/11,6308.6,6314.8,6256.8,6256.9,56374300,6256.9
6/9/11,6248.6,6295.7,6239.6,6271,50168700,6271
6/10/11,6253.9,6272.5,6179.1,6197.3,50878500,6197.3
6/14/11,6222.8,6269.8,6213.8,6255.7,49650000,6255.7
6/15/11,6249.4,6260.8,6198.2,6198.2,46358800,6198.2
6/16/11,6152.2,6164.2,6113.4,6157.7,66500000,6157.7
6/17/11,6123.8,6182,6100.6,6145.2,87015300,6145.2
6/20/11,6073.1,6126.9,6070.4,6113.7,42619300,6113.7
6/21/11,6128,6172.1,6121.6,6171,44978100,6171
6/22/11,6171.6,6171.7,6112.7,6113.4,40548800,6113.4
6/23/11,6087.1,6107.8,5962,5991.1,68797700,5991.1
6/24/11,6043.6,6060.8,5975.7,5998,48626000,5998
6/27/11,5972.9,6013.6,5969.7,5990.8,37466900,5990.8
6/28/11,6002.1,6045,5983.6,6002.4,54908900,6002.4
6/29/11,6042.5,6106.5,6030.5,6101.5,52811200,6101.5
6/30/11,6113.2,6199.8,6089,6187.1,56433300,6187.1
7/1/11,6194.2,6253.8,6189.1,6237.8,46961900,6237.8
7/4/11,6238.2,6249.8,6222.6,6245.8,26433200,6245.8
7/5/11,6248.6,6262,6225.4,6243,31936000,6243
7/6/11,6230,6240.5,6168.5,6179.4,50328600,6179.4
7/7/11,6204.9,6250,6168.8,6211.1,42351500,6211.1
7/8/11,6227.4,6248.5,6147.9,6152.7,54650600,6152.7
7/11/11,6135.6,6138.8,6024.1,6053,56224000,6053
7/12/11,5964.5,6036.4,5898.7,6014.8,79482400,6014.8
7/13/11,5996.9,6048.4,5992.8,6025.2,53262800,6025.2
7/14/11,5966.2,6014,5960.8,5981,43280800,5981
7/15/11,5939.5,5969,5908.5,5938.1,62300100,5938.1
7/18/11,5891.5,5915,5813,5826.3,61206500,5826.3
7/19/11,5857.2,5923.6,5856.6,5896.5,65172800,5896.5
7/20/11,5941.1,5967.5,5912.7,5966.5,49182500,5966.5
7/21/11,6002.8,6067,5929.6,6042.1,74504700,6042.1
7/22/11,6081.8,6098.1,6010,6031.9,53650400,6031.9
7/25/11,6000.7,6035.8,5987.8,6017.5,46440900,6017.5
7/26/11,6027.9,6050.5,5962.8,5990.2,51876100,5990.2
7/27/11,5956.1,5985,5887.4,5904.5,70636400,5904.5
7/28/11,5838,5892.6,5826,5871.4,64718400,5871.4
7/29/11,5792.1,5820.1,5723.2,5783.4,80477700,5783.4
8/2/11,5658.2,5691.3,5535.6,5546.9,107826800,5546.9
8/3/11,5482.1,5616.8,5444,5483.1,105711900,5483.1
8/4/11,5559.7,5578.3,5285.3,5285.3,109599800,5285.3
8/5/11,5082.3,5309.4,5075.1,5172.1,137735500,5172.1
8/8/11,5118.8,5263.2,4968,4968,110995400,4968
8/9/11,4957.7,5080.6,4695.3,4997.9,149363100,4997.9
8/10/11,5104.8,5112.4,4788.2,4792,138570300,4792
8/11/11,4926,5048.1,4709.7,5032.8,136579000,5032.8
8/12/11,5036.4,5304.5,4944.4,5252.8,107205300,5252.8
8/15/11,5361.2,5385,5285.9,5324.7,60576800,5324.7
8/16/11,5291.3,5373.3,5243.1,5373.3,58097800,5373.3
8/17/11,5347.1,5471.1,5285,5421.2,60986300,5421.2
8/18/11,5359.5,5397,5128.8,5196,86815000,5196
8/19/11,5162.5,5174.9,4955.7,5093.8,103136600,5093.8
8/22/11,5058.5,5255.9,5056.5,5144,61589100,5144
8/23/11,5220.3,5266.5,5166.3,5230.6,58786900,5230.6
8/24/11,5258.7,5369.2,5210.1,5328.5,56569900,5328.5
8/25/11,5376.4,5401.6,5260.7,5298.2,59135600,5298.2
8/26/11,5287.7,5353.3,5168.3,5323.1,58440200,5323.1
8/29/11,5410.5,5475.5,5391.1,5446.5,38541500,5446.5
8/30/11,5469.1,5485.4,5418.2,5449.2,56859300,5449.2
8/31/11,5479,5541.2,5449.2,5528.5,64070200,5528.5
9/1/11,5532.9,5572.6,5460.1,5531.5,54031500,5531.5
9/2/11,5447.8,5460.7,5316.6,5359.7,59114200,5359.7
9/5/11,5244.8,5249.5,5128.8,5143,67485200,5143
9/6/11,5151.7,5415,5151.6,5367.2,99403200,5367.2
9/7/11,5480.9,5501.3,5421,5501.3,66049600,5501.3
9/8/11,5495.1,5562.9,5455.9,5528.9,56943600,5528.9
9/9/11,5520.1,5536.6,5430.8,5430.8,58254700,5430.8
9/12/11,5333.7,5348.5,5246,5303.1,68715900,5303.1
9/13/11,5367,5388.5,5280.2,5359.1,75640000,5359.1
9/14/11,5322.7,5429.4,5321.4,5417.9,69091500,5417.9
9/15/11,5425.9,5493.3,5403.8,5433.5,137721300,5433.5
9/16/11,5462,5500.9,5449.2,5452.9,209247600,5452.9
9/19/11,5400.5,5425.4,5347.5,5360.6,64715600,5360.6
9/20/11,5336.3,5473.7,5330.3,5471.4,51709200,5471.4
9/21/11,5470.9,5516.6,5447.5,5475.3,52002600,5475.3
9/22/11,5373,5404.6,5269.5,5288.5,77998200,5288.5
9/23/11,5337.8,5338.4,5135.5,5298.8,81043700,5298.8
9/26/11,5246.7,5455.3,5246.2,5401,78362700,5401
9/27/11,5496.1,5575.1,5487.3,5564.6,71441100,5564.6
9/28/11,5521.3,5619.8,5515.8,5551.6,57972600,5551.6
9/29/11,5526,5637,5521.7,5608.6,64829800,5608.6
9/30/11,5580,5580.8,5488.2,5531.7,65932400,5531.7
10/3/11,5460.6,5526.2,5426.8,5495.7,58068300,5495.7
10/4/11,5443.8,5458.8,5361.9,5444.5,77841300,5444.5
10/5/11,5522,5532,5462.3,5505,60075500,5505
10/6/11,5550.3,5640.1,5545.3,5640.1,63425000,5640.1
10/7/11,5631.9,5685.3,5590.7,5652.2,59427300,5652.2
10/10/11,5689.3,5729.6,5655.9,5718.6,40307400,5718.6
10/11/11,5707.6,5744,5674.4,5732.2,40683100,5732.2
10/12/11,5723.1,5789.9,5705.2,5781.1,59049800,5781.1
10/13/11,5756.6,5775.8,5694.9,5713.2,61367800,5713.2
10/14/11,5734.1,5804.9,5709,5761.1,44075900,5761.1
10/17/11,5790.3,5816.3,5704.9,5723.4,44322700,5723.4
10/18/11,5685.5,5700.9,5648.6,5682.5,50409700,5682.5
10/19/11,5716.1,5734.2,5686.6,5700,42882700,5700
10/20/11,5665.3,5722.2,5650,5657.7,57372600,5657.7
10/21/11,5687.5,5759.9,5644.8,5753.5,64868300,5753.5
10/24/11,5771.6,5804.2,5746.7,5788.6,44346600,5788.6
10/25/11,5769.7,5798.2,5687.8,5708.8,60964400,5708.8
10/26/11,5686.3,5735.4,5662.4,5700.5,45905200,5700.5
10/27/11,5815.3,5857.1,5781.1,5823,90368500,5823
10/28/11,5830.5,5862,5822.1,5852.7,52285100,5852.7
10/31/11,5815,5832.1,5731.3,5731.3,55132500,5731.3
11/1/11,5618.6,5646.9,5522.2,5588.6,82145200,5588.6
11/2/11,5618.9,5643.9,5566.1,5611,49398500,5611
11/3/11,5547.1,5678.1,5546.3,5668,62598300,5668
11/4/11,5688.5,5711.3,5626.6,5659.8,48452200,5659.8
11/7/11,5630.3,5674.5,5603.7,5646,42191500,5646
11/8/11,5661.9,5725.1,5658.2,5682.6,42774000,5682.6
11/9/11,5726.6,5730.3,5584.3,5607.9,56540200,5607.9
11/10/11,5545,5628.6,5537.2,5565.8,49022900,5565.8
11/11/11,5588.8,5662.1,5569,5649,35959500,5649
11/14/11,5675.5,5682.6,5618.5,5661.7,35167200,5661.7
11/15/11,5638.3,5699.1,5593.8,5664.9,52643700,5664.9
11/16/11,5643.6,5717.8,5637.3,5685.8,41605500,5685.8
11/17/11,5661.9,5677.1,5615.3,5644.6,47726900,5644.6
11/18/11,5620.3,5660.1,5611.6,5614.6,54205300,5614.6
11/21/11,5577.5,5589.5,5466.1,5477.3,51924100,5477.3
11/22/11,5500.1,5519.8,5443.2,5447.7,48335300,5447.7
11/23/11,5407.8,5455.1,5386.1,5386.1,47710800,5386.1
11/24/11,5398.1,5414,5322.7,5357,41759200,5357
11/25/11,5341.9,5436.4,5307.8,5395.6,39198200,5395.6
11/28/11,5435,5530.7,5428.8,5522.7,46767900,5522.7
11/29/11,5512,5552.5,5485.4,5531.2,43262600,5531.2
11/30/11,5485.8,5652.7,5485.3,5652.3,90607200,5652.3
12/1/11,5665.4,5734.9,5640.3,5681.6,48946300,5681.6
12/2/11,5745.5,5766.5,5697.3,5718.9,56503500,5718.9
12/5/11,5738.6,5756,5713.2,5739.9,38720700,5739.9
12/6/11,5704.1,5790,5703.9,5767.9,45181500,5767.9
12/7/11,5795.2,5800,5726.7,5766.2,46864100,5766.2
12/8/11,5809.6,5812.2,5725.5,5737.8,123547300,5737.8
12/9/11,5694.3,5795.1,5691.7,5793.6,94234400,5793.6
12/12/11,5785.5,5805.9,5745.7,5747.1,86694900,5747.1
12/13/11,5757.7,5779.1,5724.9,5759.7,92288800,5759.7
12/14/11,5731.1,5761.4,5707.4,5719.1,86116100,5719.1
12/15/11,5730.8,5796.4,5723.5,5784.1,108246400,5784.1
12/16/11,5818,5820.6,5715.7,5733.5,198309000,5733.5
12/19/11,5704.1,5789.2,5696.2,5768,79167700,5768
12/20/11,5754.4,5805.5,5736.7,5804.3,83756100,5804.3
12/21/11,5827.3,5844.3,5787.6,5804.8,78706100,5804.8
12/22/11,5827.7,5848.2,5814.5,5837.1,71868100,5837.1
12/23/11,5865.3,5894.6,5853.1,5893.9,41471800,5893.9
12/27/11,5917,5917,5867.7,5886.9,22174900,5886.9
12/28/11,5900.5,5922.6,5881.2,5895.3,45052200,5895.3
12/29/11,5899.9,5906.5,5875.2,5896.6,36049200,5896.6
12/30/11,5920.9,5938.6,5914.6,5936.2,40832900,5936.2
1/3/12,6020.6,6053.2,5998.1,6050.9,97945800,6050.9
1/4/12,6055.3,6071.2,6027.5,6058.1,85581700,6058.1
1/5/12,6066.3,6072.9,6004.9,6026.6,97002900,6026.6
1/6/12,6035.7,6054,5999.2,6013.8,80836400,6013.8
1/9/12,6020.3,6026.8,5986.3,5987.5,93195000,5987.5
1/10/12,6029.4,6054.7,6005.7,6050.8,88496700,6050.8
1/11/12,6048.4,6058.6,5991.1,6008,80675800,6008
1/12/12,6030.2,6058.1,6004.9,6018.1,81533800,6018.1
1/13/12,6022.5,6042,5962.2,5996.3,74533100,5996.3
1/16/12,5976.1,6031.2,5973.1,6031.2,30272600,6031.2
1/17/12,6060.5,6072.8,6040.2,6056.2,92148800,6056.2
1/18/12,6052.4,6119.7,6022.7,6116.2,90810700,6116.2
1/19/12,6135.3,6194.6,6128.4,6194.5,153973600,6194.5
1/20/12,6204.9,6213.3,6121.7,6122.7,134102300,6122.7
1/23/12,6112.8,6149.4,6106,6127.7,99500000,6127.7
1/24/12,6101.9,6135.1,6075.9,6135.1,102386800,6135.1
1/25/12,6114.6,6117.6,6032.8,6073.4,100308800,6073.4
1/26/12,6096.5,6102.8,6061.3,6100.4,102594000,6100.4
1/27/12,6083.2,6104.4,6029,6033.5,81942700,6033.5
1/30/12,5985.7,6015.9,5965.2,5970.7,75648900,5970.7
1/31/12,5996.1,6011.4,5964.8,5970.5,83349200,5970.5
2/1/12,5984.1,6077.4,5979.2,6069.9,111411800,6069.9
2/2/12,6083.4,6085.1,6038.5,6064.4,104114600,6064.4
2/3/12,6062.4,6158.1,6047,6153.3,111303500,6153.3
2/6/12,6126.5,6150.8,6103.8,6147,83378500,6147
2/7/12,6143.4,6158.5,6114.7,6157.6,105018100,6157.6
2/8/12,6176.6,6190.6,6155.4,6155.9,81986700,6155.9
2/9/12,6148.5,6189.8,6138.1,6169.6,112708800,6169.6
2/10/12,6152.6,6159.5,6101.4,6130.7,96948900,6130.7
2/13/12,6159.7,6181.8,6146.8,6177.4,66163600,6177.4
2/14/12,6156.2,6186.4,6144.8,6163.8,88185900,6163.8
2/15/12,6186.2,6205.5,6182.1,6198.3,89342400,6198.3
2/16/12,6156.3,6219.3,6150.8,6217.3,130878900,6217.3
2/17/12,6257.8,6260.6,6218.6,6237.7,303045200,6237.7
2/20/12,6256.8,6268.6,6226.5,6243,36807000,6243
2/21/12,6245.7,6247.4,6208.3,6237.8,44401000,6237.8
2/22/12,6228.7,6232.4,6171.3,6192.4,92019300,6192.4
2/23/12,6185.9,6218.5,6166.9,6201,79877100,6201
2/24/12,6206.9,6217.3,6162.7,6184.1,81450100,6184.1
2/27/12,6133.2,6144.1,6090,6143.9,80214900,6143.9
2/28/12,6151.1,6169.7,6101.4,6125.1,80837600,6125.1
2/29/12,6134.4,6157.3,6108.5,6109.9,91144900,6109.9
3/1/12,6101.2,6138.6,6098.1,6128.3,104966900,6128.3
3/2/12,6130.8,6159.5,6114.4,6149.4,89923500,6149.4
3/5/12,6143,6169,6120.3,6153.9,74379200,6153.9
3/6/12,6128.8,6136.6,6047.1,6047.5,109937400,6047.5
3/7/12,6043.8,6104.8,6041.2,6102.5,90589600,6102.5
3/8/12,6095,6155.8,6088.9,6153.9,101421500,6153.9
3/9/12,6158.2,6205.9,6151.4,6188.5,88075200,6188.5
3/12/12,6164.5,6210.5,6161.6,6189.9,80166500,6189.9
3/13/12,6213.7,6266.7,6203.9,6260,92342700,6260
3/14/12,6286.5,6323.3,6281.1,6300.4,120914300,6300.4
3/15/12,6303.2,6332.2,6297.2,6332.2,82050000,6332.2
3/16/12,6340.8,6357.5,6326.6,6341.3,277876100,6341.3
3/19/12,6333.8,6346.8,6313.6,6326.6,78915600,6326.6
3/20/12,6320.7,6323.8,6283.9,6296.2,67861300,6296.2
3/21/12,6311.2,6327.9,6280.3,6290,71656000,6290
3/22/12,6274.4,6284.5,6234.2,6249.6,89082600,6249.6
3/23/12,6255,6265,6207.5,6240.3,68407000,6240.3
3/26/12,6253.2,6289.7,6244.1,6283.3,70462300,6283.3
3/27/12,6298.9,6312.9,6253.7,6269.4,91020300,6269.4
3/28/12,6253.6,6278.8,6242.5,6250.4,70362700,6250.4
3/29/12,6236,6247.2,6165.2,6176.3,88246000,6176.3
3/30/12,6202.7,6235.5,6173.5,6235.5,85581300,6235.5
4/2/12,6233.6,6299.4,6208.9,6299.4,86035200,6299.4
4/3/12,6286.7,6298.6,6258.3,6258.7,73147900,6258.7
4/4/12,6246.9,6259.3,6154.7,6166.8,101352800,6166.8
4/5/12,6183.6,6196.1,6126,6163.5,79762900,6163.5
4/10/12,6109.7,6126,6061.4,6061.4,116560400,6061.4
4/11/12,6052.1,6077.3,6039.2,6059.8,101911300,6059.8
4/12/12,6071.1,6130.2,6054.2,6125.4,97917500,6125.4
4/13/12,6112.3,6121.5,6053,6072.1,93811700,6072.1
4/16/12,6063.9,6136,6057.3,6124.9,90792400,6124.9
4/17/12,6110.3,6200.5,6109.5,6200.3,93927100,6200.3
4/18/12,6198.2,6203,6150.8,6173.4,81319600,6173.4
4/19/12,6201,6225.1,6188.3,6203.8,104214300,6203.8
4/20/12,6207,6237.8,6190.8,6237.8,146747800,6237.8
4/23/12,6177.6,6180.4,6092.8,6114.8,120269200,6114.8
4/24/12,6131.8,6141.2,6086.6,6124.8,95759000,6124.8
4/25/12,6123.2,6150.9,6118.2,6150.6,141828400,6150.6
4/26/12,6140.5,6158.4,6092.4,6122.4,124934200,6122.4
4/27/12,6097.3,6131.6,6090.5,6116.4,112178500,6116.4
4/30/12,6132.8,6133.8,6096.3,6096.3,101295700,6096.3
5/1/12,6096.3,6096.3,6096.3,6096.3,137871400,6096.3
5/2/12,6162,6172,6102.8,6108.8,137871400,6108.8
5/3/12,6124.6,6149.4,6086.8,6097.7,112858700,6097.7
5/4/12,6090.7,6117.6,6044.9,6056.8,105880100,6056.8
5/7/12,5984.8,6040.4,5984.8,6040.2,82153600,6040.2
5/8/12,6026.8,6032.1,5967.6,5977.8,103293500,5977.8
5/9/12,5977.7,5979.3,5893.1,5936.1,128071700,5936.1
5/10/12,5950.1,5950.1,5889.5,5926.6,120511600,5926.6
5/11/12,5889.6,5955.9,5882,5954.9,107265000,5954.9
5/14/12,5908.3,5912,5858.2,5875.7,99449900,5875.7
5/15/12,5885.1,5901.2,5848.2,5865.2,92439600,5865.2
5/16/12,5850.4,5900.6,5845.1,5872.7,127600000,5872.7
5/17/12,5872.7,5872.7,5872.7,5872.7,175080900,5872.7
5/18/12,5769.2,5839.4,5766.4,5797.8,175080900,5797.8
5/21/12,5786,5836.8,5767,5814.6,88284800,5814.6
5/22/12,5844.5,5911.9,5835.4,5910.2,108857800,5910.2
5/23/12,5871.6,5906.2,5817,5817.9,101900000,5817.9
5/24/12,5849.4,5877.3,5808.8,5852.4,93213000,5852.4
5/25/12,5863.3,5899.7,5841.3,5865.2,84513600,5865.2
5/28/12,5865.2,5865.2,5865.2,5865.2,76255100,5865.2
5/29/12,5905.5,5929.7,5879.8,5914.7,76255100,5914.7
5/30/12,5898.3,5944.4,5887.4,5902.8,98464800,5902.8
5/31/12,5912.3,5921.9,5832.4,5849.9,121889600,5849.9
6/1/12,5866.2,5866.2,5752.4,5777.5,57711800,5777.5
6/4/12,5749.6,5755.1,5713.3,5713.3,60652400,5713.3
6/5/12,5734.2,5745.7,5712.1,5714.6,57650800,5714.6
6/6/12,5742.1,5822.6,5733.5,5822.6,91787100,5822.6
6/7/12,5830.6,5887.5,5814.9,5869.2,104006400,5869.2
6/8/12,5844.6,5878,5830.3,5869.3,70480500,5869.3
6/11/12,5948.9,5956.2,5869.9,5871.4,59308900,5871.4
6/12/12,5877,5929.4,5872,5919.9,96324900,5919.9
6/13/12,5926.7,5945.1,5901.4,5944.7,140499800,5944.7
6/14/12,5947.8,5952.5,5882.8,5908.5,158642300,5908.5
6/15/12,5903.7,5927.2,5903.6,5911.8,139431900,5911.8
6/18/12,5951.8,5961.3,5918.7,5938.8,81942800,5938.8
6/19/12,5928.3,6039.1,5924.4,6034.1,43838200,6034.1
6/20/12,6030.2,6041.7,5994.4,6017.9,71592000,6017.9
6/21/12,6011.3,6039.5,6004.8,6012.2,76815300,6012.2
6/22/12,5977.8,6011.8,5970.8,5989.3,63215900,5989.3
6/25/12,5974.5,5976.4,5913.4,5944.5,41774900,5944.5
6/26/12,5938.7,5964.9,5918.2,5957.7,78713500,5957.7
6/27/12,5976,6005.4,5960.4,5996.5,91611200,5996.5
6/28/12,6005,6009.9,5954.7,5986.9,90059000,5986.9
6/29/12,6062.6,6074.4,6028.6,6066.9,101191200,6066.9
7/2/12,6082.8,6114,6078.7,6109.4,70931600,6109.4
7/3/12,6135.9,6194.1,6133.8,6194.1,38285000,6194.1
7/4/12,6190.7,6203.6,6171.4,6201.3,24203000,6201.3
7/5/12,6207.4,6236.7,6182.3,6202.3,79391200,6202.3
7/6/12,6199.3,6222.7,6179.1,6183.7,70239500,6183.7
7/9/12,6184.5,6190.5,6155.4,6160.8,68802100,6160.8
7/10/12,6172.5,6207.3,6154.4,6191.2,34832000,6191.2
7/11/12,6168.9,6194.2,6158.6,6174.8,60682100,6174.8
7/12/12,6153.8,6170.9,6117.8,6147.6,33766400,6147.6
7/13/12,6162.7,6186.6,6151.1,6181.8,56010600,6181.8
7/16/12,6182.5,6203,6175.2,6195.6,25817500,6195.6
7/17/12,6208.4,6227.4,6190.9,6202.3,64005300,6202.3
7/18/12,6227.3,6265.9,6216.7,6265.5,131929400,6265.5
7/19/12,6288.5,6334.7,6287.2,6323.6,68449100,6323.6
7/20/12,6329.8,6336.3,6274.2,6284.8,67613200,6284.8
7/23/12,6247.4,6260.7,6172,6180.4,125726900,6180.4
7/24/12,6205.4,6211.7,6165.9,6174.9,44610100,6174.9
7/25/12,6168.6,6199.4,6166.5,6180.8,102973400,6180.8
7/26/12,6197.3,6295.6,6189.6,6277.7,90567000,6277.7
7/27/12,6291.7,6365.9,6270.9,6362.8,128151100,6362.8
7/30/12,6375.8,6417.9,6372.6,6402.4,90569600,6402.4
7/31/12,6399.4,6417.2,6382.4,6399.3,110606800,6399.3
8/1/12,6399.3,6399.3,6399.3,6399.3,70877800,6399.3
8/2/12,6429.5,6486.5,6400.9,6407.3,70877800,6407.3
8/3/12,6420.1,6469.2,6415.6,6461.5,86352500,6461.5
8/6/12,6457.4,6486.2,6427.6,6463,40092500,6463
8/7/12,6447.3,6477.5,6428,6457.9,71854200,6457.9
8/8/12,6460.4,6469.3,6426.6,6458,68985900,6458
8/9/12,6478,6524.5,6476,6505.3,77182300,6505.3
8/10/12,6484.3,6496.7,6467.9,6483.4,63384100,6483.4
8/13/12,6471.3,6493.7,6455.8,6466.2,46510900,6466.2
8/14/12,6488,6509.7,6479.4,6506,54118000,6506
8/15/12,6499.6,6539.8,6496.4,6511.9,52523700,6511.9
8/16/12,6520,6528.7,6469.1,6518.4,71637300,6518.4
8/17/12,6553.8,6554.1,6519.7,6529.3,98505900,6529.3
8/20/12,6527,6532.5,6498.2,6506.3,58309800,6506.3
8/21/12,6512.3,6534,6496.5,6518.3,86373400,6518.3
8/22/12,6487.7,6497.3,6467.6,6475.5,92306800,6475.5
8/23/12,6502.4,6513.4,6435.6,6453.9,85372300,6453.9
8/24/12,6451.9,6483.7,6443.1,6475.9,60764300,6475.9
8/27/12,6481.3,6493.4,6452.4,6491.3,42097000,6491.3
8/28/12,6473.2,6473.2,6420.9,6421.4,62317400,6421.4
8/29/12,6425,6437.1,6414.8,6422,52803100,6422
8/30/12,6406.7,6413.4,6368.7,6378.3,69841500,6378.3
8/31/12,6370.5,6432.9,6356,6388,98924100,6388
9/3/12,6376.5,6438.9,6375.7,6437.7,20370600,6437.7
9/4/12,6438.8,6439.2,6355.8,6362.8,29280000,6362.8
9/5/12,6370.2,6435.6,6362.4,6425.2,84058100,6425.2
9/6/12,6443,6532.6,6443,6527.9,116383100,6527.9
9/7/12,6540.5,6561.6,6523.6,6537.3,149384200,6537.3
9/10/12,6533.2,6547.8,6505.9,6507.9,81637600,6507.9
9/11/12,6476.9,6505.6,6470.4,6503.3,84856400,6503.3
9/12/12,6497.3,6531.9,6478.2,6489.8,125050200,6489.8
9/13/12,6488.4,6520.2,6478,6513.2,85072000,6513.2
9/14/12,6574.1,6581,6543.7,6559.2,146665000,6559.2
9/17/12,6537.6,6576.2,6537.6,6552.3,82359700,6552.3
9/18/12,6531.1,6549.5,6521.1,6537.1,93318200,6537.1
9/19/12,6551.2,6570.7,6536.9,6570.7,79690900,6570.7
9/20/12,6539,6567.1,6530.8,6556.5,84595900,6556.5
9/21/12,6597,6607.1,6567.3,6605.8,189478500,6605.8
9/24/12,6600.2,6610.7,6573.1,6597.2,69493000,6597.2
9/25/12,6598.9,6620.1,6582,6613.5,65128100,6613.5
9/26/12,6584.1,6585.1,6529.3,6540.4,91519300,6540.4
9/27/12,6561.3,6572,6542,6545.9,74086800,6545.9
9/28/12,6570.3,6570.3,6495.9,6495.9,98450000,6495.9
10/1/12,6501.4,6611,6501.4,6610.9,72376300,6610.9
10/2/12,6583,6638.1,6576.5,6613.5,77257000,6613.5
10/3/12,6598.4,6615,6589.6,6604.4,68210100,6604.4
10/4/12,6625.2,6636.3,6599.5,6631.4,75019000,6631.4
10/5/12,6652.2,6680.5,6629.3,6674.8,71862200,6674.8
10/8/12,6640.8,6665.9,6632,6655.8,57505600,6655.8
10/9/12,6684.3,6688.5,6649.1,6649.1,63542700,6649.1
10/10/12,6647.5,6650.5,6624.6,6629,57211500,6629
10/11/12,6610.9,6671.4,6608.9,6654,85064000,6654
10/12/12,6643.5,6673.4,6632.1,6655.2,74483200,6655.2
10/15/12,6668.3,6709.1,6667.1,6704.2,61312600,6704.2
10/16/12,6730.3,6777.8,6723.3,6774,92022700,6774
10/17/12,6758.5,6789.8,6754.4,6786.4,84606500,6786.4
10/18/12,6748.2,6789.8,6742.2,6781.7,105658700,6781.7
10/19/12,6779.1,6797.7,6755,6756.1,91548800,6756.1
10/22/12,6755.5,6775.6,6738,6746.7,54558100,6746.7
10/23/12,6745.2,6745.2,6615.3,6626.8,103571400,6626.8
10/24/12,6628.4,6640.7,6598.5,6627.4,86932200,6627.4
10/25/12,6611.8,6644.6,6604.2,6606.6,87315600,6606.6
10/26/12,6596.3,6613.6,6566.6,6600.8,87136700,6600.8
10/29/12,6589.8,6606.8,6581.7,6601.4,65548600,6601.4
10/30/12,6601.7,6649.1,6600.9,6633.1,80939600,6633.1
10/31/12,6624.6,6645,6595.1,6595.1,125106500,6595.1
11/1/12,6572.8,6660.3,6572.8,6660.3,111595000,6660.3
11/2/12,6656.9,6704.1,6654.3,6701.4,130484000,6701.4
11/5/12,6686.4,6710.1,6679.8,6706.3,78438700,6706.3
11/6/12,6709.1,6749.5,6701.9,6745.7,94880400,6745.7
11/7/12,6779.1,6803,6697.6,6697.6,113337100,6697.6
11/8/12,6721.1,6742.4,6702.4,6713.6,105756500,6713.6
11/9/12,6709.9,6724.1,6664,6715.2,87661900,6715.2
11/12/12,6712.3,6725.6,6690.4,6696.7,58926300,6696.7
11/13/12,6682.3,6733.4,6659.5,6722.8,76731100,6722.8
11/14/12,6709.1,6713.4,6670.4,6677,66625200,6677
11/15/12,6637.6,6643.2,6571.5,6574.6,82263400,6574.6
11/16/12,6540.8,6574.4,6508.5,6508.7,104782700,6508.7
11/19/12,6541.7,6638.9,6537.1,6638.9,86021800,6638.9
11/20/12,6614.8,6628.9,6585.3,6619,81852600,6619
11/21/12,6606.5,6645.2,6601.5,6643.7,71908800,6643.7
11/22/12,6657.6,6687.5,6646.7,6679.1,27600200,6679.1
11/23/12,6679.1,6724.5,6674,6715.1,55435500,6715.1
11/26/12,6701.7,6714.4,6676.9,6681.9,57370900,6681.9
11/27/12,6704.8,6724.7,6696.9,6711.7,74374200,6711.7
11/28/12,6702,6756.7,6699.5,6756.5,69617100,6756.5
11/29/12,6786.8,6829.5,6782.2,6828.5,86122400,6828.5
11/30/12,6819.8,6848.2,6815.3,6820.6,95924000,6820.6
12/3/12,6831.9,6874,6827.2,6838.7,62615200,6838.7
12/4/12,6841.4,6872.9,6839.5,6853.1,68411300,6853.1
12/5/12,6870.4,6876.5,6834.2,6852,70568600,6852
12/6/12,6861.3,6912.2,6861.3,6912,72054600,6912
12/7/12,6908.7,6940.8,6898,6925.3,62605400,6925.3
12/10/12,6921.8,6948.6,6897.7,6943.9,46853500,6943.9
12/11/12,6947.5,6986.9,6940.2,6973.7,60623800,6973.7
12/12/12,6972.5,7000.6,6957.1,6959.4,70749500,6959.4
12/13/12,6967.6,6969.5,6913.7,6919.5,70567200,6919.5
12/14/12,6925.4,6926.7,6894,6902.5,74463200,6902.5
12/17/12,6897.8,6900.1,6879.6,6897.1,68443800,6897.1
12/18/12,6918.9,6931.1,6904.2,6912.1,85622500,6912.1
12/19/12,6931.8,6972.1,6925.3,6946.1,95138500,6946.1
12/20/12,6922,6930.3,6908.3,6912.8,80312600,6912.8
12/21/12,6916.3,6926.7,6868.2,6889.5,165581600,6889.5
12/24/12,6889.5,6889.5,6889.5,6889.5,57173400,6889.5
12/26/12,6889.5,6889.5,6889.5,6889.5,57173400,6889.5
12/27/12,6877.3,6892.9,6858.8,6862.5,57173400,6862.5
12/28/12,6871.6,6879.2,6822.4,6822.4,52237800,6822.4
12/31/12,6822.4,6822.4,6822.4,6822.4,102599900,6822.4
1/2/13,6822.4,6822.4,6822.4,6822.4,102599900,6822.4
1/3/13,6975.2,7020.5,6970.8,7020.5,102599900,7020.5
1/4/13,7015.5,7059.1,7004.6,7058.9,59013000,7058.9
1/7/13,7062.4,7073.1,7049.2,7049.3,78767800,7049.3
1/8/13,7051.4,7088.5,7046.3,7074.5,75006600,7074.5
1/9/13,7097.8,7152.6,7095,7151.6,98823500,7151.6
1/10/13,7163.1,7175.1,7139.2,7143.7,79083200,7143.7
1/11/13,7175.3,7194.3,7155.3,7188.2,78856500,7188.2
1/14/13,7212.6,7230.8,7187.5,7202.5,86487800,7202.5
1/15/13,7203.7,7272.5,7201.1,7272.3,88032300,7272.3
1/16/13,7272.1,7319.4,7259.6,7304.9,89189000,7304.9
1/17/13,7324.7,7430.5,7321.9,7429.9,106624600,7429.9
1/18/13,7449.2,7457.6,7363,7368.8,154123700,7368.8
1/21/13,7362.9,7376,7310.6,7336,33469400,7336
1/22/13,7339.6,7340.7,7280.4,7291.9,42079000,7291.9
1/23/13,7329.5,7406.5,7325.8,7392,107051800,7392
1/24/13,7391.6,7465.8,7380.4,7457.7,100395900,7457.7
1/25/13,7443.2,7468.4,7435.8,7458.7,81023700,7458.7
1/28/13,7470.9,7495.8,7463,7484,70304700,7484
1/29/13,7460.2,7466,7414.1,7458,71745900,7458
1/30/13,7453.4,7456.5,7381,7387.9,83214900,7387.9
1/31/13,7385.9,7418,7343.8,7390.9,90226400,7390.9
2/1/13,7383.7,7440.9,7382.2,7420.4,83128700,7420.4
2/4/13,7427.6,7445.9,7362.3,7362.7,87425700,7362.7
2/5/13,7344.7,7423.1,7344.7,7404.6,89116300,7404.6
2/6/13,7398.4,7465.5,7387.6,7433.5,97423100,7433.5
2/7/13,7408,7427.4,7336.8,7337,91994100,7337
2/8/13,7357.6,7406.3,7354.6,7396,73867700,7396
2/11/13,7406.6,7429.4,7392.3,7407.6,63844200,7407.6
2/12/13,7425.7,7434,7394.8,7427.1,71960000,7427.1
2/13/13,7442.7,7497.7,7439.9,7482.2,80191200,7482.2
2/14/13,7465.3,7488.4,7439.3,7482.2,125195400,7482.2
2/15/13,7504.6,7524.9,7487.8,7500.6,163109600,7500.6
2/18/13,7493.3,7504.4,7476.6,7497.2,22086000,7497.2
2/19/13,7493,7579.5,7491.1,7579.5,65335800,7579.5
2/20/13,7571.2,7635.1,7567.1,7626,83391200,7626
2/21/13,7609,7616.3,7505.7,7505.7,112488200,7505.7
2/22/13,7512,7563.7,7510.6,7554.4,71360000,7554.4
2/25/13,7577.3,7611.2,7568.7,7594.4,101295600,7594.4
2/26/13,7445.8,7499.6,7439.8,7450,140816500,7450
2/27/13,7482.1,7491.9,7423.6,7485,86067600,7485
2/28/13,7510,7598.5,7505,7593.7,103001500,7593.7
3/1/13,7578,7619.1,7548.7,7602,118920100,7602
3/4/13,7584.5,7597,7571,7590.5,80707700,7590.5
3/5/13,7629.7,7729.4,7629.1,7718.5,115560500,7718.5
3/6/13,7719.8,7748.7,7689.2,7698.7,87042600,7698.7
3/7/13,7700.4,7720.5,7682.3,7709,84775700,7709
3/8/13,7730.3,7776,7722.4,7744.8,100376600,7744.8
3/11/13,7732.6,7760.2,7720.4,7758.6,64938700,7758.6
3/12/13,7749.2,7806.6,7746.5,7802.9,67465000,7802.9
3/13/13,7799.4,7801.6,7758.1,7780.9,93380700,7780.9
3/14/13,7806.8,7845.3,7802.1,7842.9,110385100,7842.9
3/15/13,7859.5,7874.2,7829.6,7864.4,203517900,7864.4
3/18/13,7774.4,7842.4,7770.4,7830.4,87794500,7830.4
3/19/13,7814.3,7842.6,7777.8,7789.6,93970100,7789.6
3/20/13,7820.3,7862.6,7814,7847.7,81622100,7847.7
3/21/13,7855.4,7858.4,7757.1,7762.3,78255400,7762.3
3/22/13,7752,7777.9,7720.8,7744.3,74585400,7744.3
3/25/13,7787.8,7812.4,7750.1,7758.2,81526000,7758.2
3/26/13,7766.2,7807.4,7741.2,7800,71890700,7800
3/27/13,7817.5,7821.7,7724.1,7780.2,38777800,7780.2
3/28/13,7791,7841,7781.1,7813.7,71884100,7813.7
4/1/13,7813.7,7813.7,7813.7,7813.7,84530000,7813.7
4/2/13,7801.2,7913.7,7800.4,7899.3,84530000,7899.3
4/3/13,7900.3,7946.9,7869.5,7875.1,87760600,7875.1
4/4/13,7890.1,7893,7753,7762.6,85818900,7762.6
4/5/13,7767.3,7769.1,7596.9,7641.1,134786100,7641.1
4/8/13,7648.4,7710.6,7640.2,7691.8,77502100,7691.8
4/9/13,7725.1,7731.3,7638.7,7654,93091000,7654
4/10/13,7671.5,7783.2,7670.2,7771.4,90650900,7771.4
4/11/13,7771,7825.4,7767.4,7815.3,84341600,7815.3
4/12/13,7800.4,7814,7734.6,7760.6,92589100,7760.6
4/15/13,7744.2,7764.9,7682.3,7754.7,87797900,7754.7
4/16/13,7724.1,7758.1,7652.4,7717.6,97524800,7717.6
4/17/13,7747.3,7754.1,7516.5,7533.8,121602600,7533.8
4/18/13,7511.3,7614.3,7482.9,7579,121263900,7579
4/19/13,7610.2,7645.5,7573.1,7618.8,109747700,7618.8
4/22/13,7666.1,7680.6,7602.1,7609.1,112144800,7609.1
4/23/13,7646.8,7806.2,7645.9,7802.5,128022400,7802.5
4/24/13,7823.9,7865.3,7810.7,7859.6,104647800,7859.6
4/25/13,7859.7,7916.1,7807.7,7901.2,96641200,7901.2
4/26/13,7875.3,7882.3,7841.4,7856.3,66604300,7856.3
4/29/13,7870.6,7922.9,7868.6,7901.7,64048500,7901.7
4/30/13,7943.8,7955.4,7874.1,7906.2,159986500,7906.2
5/1/13,7906.2,7906.2,7906.2,7906.2,95058400,7906.2
5/2/13,7867.7,7903,7850.9,7902.2,95058400,7902.2
5/3/13,7904.3,7967.8,7871.8,7937.6,81495100,7937.6
5/6/13,7926,7943.3,7907.2,7927.3,40301300,7927.3
5/7/13,7941.1,8002.2,7933.2,7977.5,78755000,7977.5
5/8/13,7986.3,8102.8,7983.9,8093,98545800,8093
5/9/13,8093,8093,8093,8093,104416200,8093
5/10/13,8109.5,8181.5,8105.1,8177.9,104416200,8177.9
5/13/13,8175.3,8181.3,8108.2,8147.7,85907800,8147.7
5/14/13,8171.7,8193.1,8125.8,8187.8,77390300,8187.8
5/15/13,8216.4,8325.9,8210.8,8313.1,92650400,8313.1
5/16/13,8314,8345,8248.1,8256.2,83858200,8256.2
5/17/13,8252.3,8281.9,8200.9,8280.3,102876200,8280.3
5/20/13,8280.3,8280.3,8280.3,8280.3,101978800,8280.3
5/21/13,8279.9,8318.4,8222.4,8318.4,101978800,8318.4
5/22/13,8341.7,8411.3,8297.8,8407.6,109885700,8407.6
5/23/13,8245.6,8263.2,8137.7,8168.5,128043600,8168.5
5/24/13,8205.2,8236.8,8137.3,8168.8,89483000,8168.8
5/27/13,8178,8190.4,8137.5,8163,21546600,8163
5/28/13,8213,8240.2,8207.4,8221.2,44228600,8221.2
5/29/13,8206.4,8208.5,8024.3,8028.6,101494600,8028.6
5/30/13,7996.2,8065.9,7986.6,8021.6,79066900,8021.6
5/31/13,8027.5,8031.3,7913,7947,134198700,7947
6/3/13,7816.5,7895.6,7781,7781,105581800,7781
6/4/13,7802.7,7914.2,7798.6,7875.7,83915000,7875.7
6/5/13,7824.6,7879.4,7731.2,7747.8,91863500,7747.8
6/6/13,7725.4,7760,7622.7,7622.7,97006900,7622.7
6/7/13,7624.3,7790,7599.5,7784.8,110909800,7784.8
6/10/13,7758.8,7835,7754.1,7790.5,58750600,7790.5
6/11/13,7751.2,7755.1,7618.4,7673,96391200,7673
6/12/13,7658.3,7735.1,7652,7656.8,79863500,7656.8
6/13/13,7546.1,7636.1,7525.5,7627.5,97071800,7627.5
6/14/13,7655,7678.1,7617.7,7636,70948800,7636
6/17/13,7685.5,7759.9,7677.2,7729.7,74700100,7729.7
6/18/13,7719.4,7737.5,7695.1,7699.7,66666400,7699.7
6/19/13,7714.7,7751.6,7661.3,7731.8,71082700,7731.8
6/20/13,7653.3,7682,7488.8,7496,126672100,7496
6/21/13,7475,7607.6,7421.1,7421.1,213155200,7421.1
6/24/13,7361.2,7395.1,7247.3,7249.5,119186100,7249.5
6/25/13,7297,7404.9,7275.9,7397.4,97979500,7397.4
6/26/13,7399.6,7573.4,7391.8,7553.9,86805500,7553.9
6/27/13,7597.5,7718.5,7561.5,7671.7,81318500,7671.7
6/28/13,7685.3,7713.7,7620.4,7683,85789900,7683
7/1/13,7716.9,7760.6,7677.6,7741.1,65079600,7741.1
7/2/13,7732,7746.8,7651.5,7732.6,66327200,7732.6
7/3/13,7686.4,7692.7,7610,7675.3,78534200,7675.3
7/4/13,7707.8,7846.5,7707.8,7831.6,35915600,7831.6
7/5/13,7843.9,7879.8,7774.4,7782,63519000,7782
7/8/13,7857.9,7893.8,7843.3,7863.5,52047400,7863.5
7/9/13,7916.9,7956.4,7905.9,7944.2,66480100,7944.2
7/10/13,7942.6,7982.6,7920.9,7971.6,52548600,7971.6
7/11/13,8013.3,8039.4,7979.7,7986.4,68126100,7986.4
7/12/13,8020.7,8041.3,7982.3,7983.2,54614900,7983.2
7/15/13,7999.5,8031.5,7992.9,7999.1,44484100,7999.1
7/16/13,8015.5,8019.3,7924.2,7932.8,51503200,7932.8
7/17/13,7953.9,7959.1,7853.5,7928.1,71732100,7928.1
7/18/13,7911.7,7956.7,7909.5,7929,66996100,7929
7/19/13,7919.9,7928.1,7880.8,7928.1,73780200,7928.1
7/22/13,7950,7967.9,7916.9,7927.5,90963100,7927.5
7/23/13,7942.7,7947.3,7874.4,7896.3,60229100,7896.3
7/24/13,7903.4,7979.5,7898.6,7923.1,66657000,7923.1
7/25/13,7932.4,7932.4,7836.2,7865.4,82785100,7865.4
7/26/13,7877.2,7881.7,7777,7796.8,61701800,7796.8
7/29/13,7803.7,7844,7793.6,7814.1,25249600,7814.1
7/30/13,7805.8,7834.3,7775.4,7810.2,32318000,7810.2
7/31/13,7778.9,7840.8,7760.5,7820.4,34489400,7820.4
8/1/13,7778.9,7840.8,7760.5,7786.5,94694600,7786.5
8/2/13,7945.4,7974.4,7914.4,7963.9,94694600,7963.9
8/5/13,7973.5,7999,7963.1,7979.4,24076700,7979.4
8/6/13,7982.4,8080.3,7981.5,7996.8,43802600,7996.8
8/7/13,7977.1,8023.6,7964.7,7976.3,29167200,7976.3
8/8/13,7962.2,7974.9,7926.1,7955.3,35689100,7955.3
8/9/13,7979.1,7994.2,7954.4,7977.3,34686500,7977.3
8/12/13,7991.1,8013.8,7968.4,8000.6,23003600,8000.6
8/13/13,8010.6,8045,8004.3,8036.4,31036300,8036.4
8/14/13,8055.6,8093.3,8045.7,8078.3,30811800,8078.3
8/15/13,8062.9,8065.3,7954,7982.4,28712100,7982.4
8/16/13,7972.4,7987.6,7919.3,7961.3,35710100,7961.3
8/19/13,7951.4,7977.8,7920.4,7939.4,27283000,7939.4
8/20/13,7879.5,7949.9,7874.9,7935.9,38637400,7935.9
8/21/13,7944.4,7949.6,7887.1,7887.1,28041800,7887.1
8/22/13,7884.7,8006.3,7882.8,7988.6,30512700,7988.6
8/23/13,7983.3,8014.6,7949.1,8006.9,24829800,8006.9
8/26/13,7998.4,8036.5,7996,8022.2,15541300,8022.2
8/27/13,7978.2,8004.1,7874.7,7886.1,38883200,7886.1
8/28/13,7839.7,7885,7740.6,7776,41895100,7776
8/29/13,7791.6,7797.2,7724.3,7763.6,36022600,7763.6
8/30/13,7792.3,7799.6,7710.8,7746,38560700,7746
9/2/13,7820,7900,7818.3,7891.6,29821400,7891.6
9/3/13,7923.4,7924.4,7855.4,7866.2,30652400,7866.2
9/4/13,7901.2,7904.9,7821.1,7880.6,32757500,7880.6
9/5/13,7903.8,7941,7853.5,7932.3,34643300,7932.3
9/6/13,7935.9,7964.2,7875.9,7950.8,35714500,7950.8
9/9/13,7967.5,7970,7898.4,7935.8,28002500,7935.8
9/10/13,7973.4,8045.6,7972.1,8039.2,42580900,8039.2
9/11/13,8047.4,8066.1,8026.9,8051.3,28643600,8051.3
9/12/13,8059.8,8066.7,8010.8,8033.5,31701000,8033.5
9/13/13,8014.6,8038.3,7999.8,8038.3,43779400,8038.3
9/16/13,8083.2,8091.9,8019.2,8029.4,34468600,8029.4
9/17/13,8022.4,8028.1,7984.6,8014.5,31343700,8014.5
9/18/13,8024.3,8056.3,8011.6,8052.6,29808600,8052.6
9/19/13,8129.2,8144.5,8079.3,8092.3,51676700,8092.3
9/20/13,8118.6,8133.7,8099.4,8105.4,62260900,8105.4
9/23/13,8113.3,8128.5,8044.7,8057,27243300,8057
9/24/13,8070.3,8091,8020,8047,28505900,8047
9/25/13,8050.9,8080.8,8022.1,8055.2,27397600,8055.2
9/26/13,8056.4,8081.9,8015,8061.4,22807400,8061.4
9/27/13,8061.1,8078.4,8022.9,8055,25589400,8055
9/30/13,8000.9,8025.6,7988.5,8022.6,34776700,8022.6
10/1/13,8020.9,8060.3,8017.9,8059,38159400,8059
10/2/13,8032.3,8037.8,7924.9,7964.4,31344200,7964.4
10/3/13,8002.2,8005.3,7930.8,7942.5,23575600,7942.5
10/4/13,7934.5,7953.7,7883.6,7943.7,25545000,7943.7
10/7/13,7898.8,7909.8,7856.5,7887.9,30618500,7887.9
10/8/13,7871.4,7894.1,7823.5,7828.2,32288700,7828.2
10/9/13,7793.1,7809,7747.4,7755.3,38787200,7755.3
10/10/13,7776.8,7870.6,7766.5,7851.1,35852000,7851.1
10/11/13,7897.3,7937.3,7864.9,7936.1,31288600,7936.1
10/14/13,7917.6,7942.3,7895.2,7928.5,23200300,7928.5
10/15/13,7974.7,8023.5,7970.1,7984.4,35387400,7984.4
10/16/13,7946.5,7995.2,7902.2,7981.9,32537500,7981.9
10/17/13,8004.2,8056.5,7995.1,8032.4,34488500,8032.4
10/18/13,8080.2,8086.2,8032.1,8084.7,48530800,8084.7
